,sha1,project
0,00534996cc67dc37a0406ba20f8d16a68fa3ff79,daducci_amico
1,00c6ac9579f55819e5e800aba08f9cf18b314c0a,daducci_amico
2,00e31250a0f99f567fdd11e887bfb40314b08e56,daducci_amico
3,022bdf178f2e1d3624687ec7675d668c4e7ccd7d,daducci_amico
4,02d38b186fa61006658682f01a648b9b8ed49bcd,daducci_amico
5,0307d456cd92626535105ab94e567fd4874e0e42,daducci_amico
6,050d7a7dc28ab0a8e52a5cfba19daa3d99330b69,daducci_amico
7,05417a3688c6e276e489948333792bc58a3ac72d,daducci_amico
8,0577d93cbe04fd914df1f7f3c79a4b07f4cc766c,daducci_amico
9,0625d984790cd79b57efac3c471a79aa70ff3b68,daducci_amico
10,06408e4a90319a80d9a169e1801b3eeeaa915a21,daducci_amico
11,06a949ba69b3b1b3c0db9e8b46acc102d0aa4cfa,daducci_amico
12,06e180e5968bbc60c996d3215e0415221f5a15e9,daducci_amico
13,06fbea7e08a45b0ed93e29d8ea282ad165773ef6,daducci_amico
14,07007db7f23162c67e8bfcb639ff60a230b2ed16,daducci_amico
15,081ff3d55c72a15939c43d842a2934b869de1e62,daducci_amico
16,088ab6f1bdcdda3d9bef0f2f5bf24cac73910550,daducci_amico
17,089bd0c72a62c0763e76c57105a27204d1455ab3,daducci_amico
18,08a26f71f9453e94af3d21ea18680494fd344e78,daducci_amico
19,09cfbdda847232fd5b85f1cf00b4c5b8c711086f,daducci_amico
20,0a22a43b3155587cc495d92c72ce43185142f56a,daducci_amico
21,0a9d2eee1463d78e694f1e7bc60f5326305789aa,daducci_amico
22,0ac55ec4ba262a94d62b02fb91439ca7a3730f29,daducci_amico
23,0bf69476c614f378e86499f36449de65ed22521e,daducci_amico
24,0c45e633d284368e09cc9b85419d5d88a13ca84f,daducci_amico
25,0cb67fe70c355ab50ded0223f3ee1a25f67df8f2,daducci_amico
26,0cc631cf1278f7af02fdba1920a7361569c1b5ae,daducci_amico
27,0d01061716409af897895e51eafd9b957f3b66e6,daducci_amico
28,0d276199dc3ecec09845577a5d8e4e6202b2f477,daducci_amico
29,0d562adc4862ab096f6a3cf1abe65c55e1cd5307,daducci_amico
30,0d83c160de125bfbfab14e10ba7e5b3e7720dbf8,daducci_amico
31,0e429e50322e3f8b4b51d0fd88857fc8df412d45,daducci_amico
32,0ea0646ae25d8ebb084f6247db322f81e821b7f2,daducci_amico
33,0ec611ea3e0cb5003d63a4c812c5b1fc4f4ca128,daducci_amico
34,0fbcca17b38453bc9d2a06d2f2fe36a431c871ad,daducci_amico
35,108554fbeb5783713739d2917f5bf1443083ee5b,daducci_amico
36,109a323e85277096d2d40aa6a125b2d3233e66e2,daducci_amico
37,10da514d2fb54a88b7ad8bd75eb4d5b8658151f3,daducci_amico
38,111c393e640c1fb2380a838f1ec7d2f4409b608f,daducci_amico
39,11325a767fb62d9e2e47cd010b0dfdd4296439d1,daducci_amico
40,11dd1489897d0b352e50eb0107f93290ffac2b48,daducci_amico
41,11fd76889fab903dd22f289af750d98562c4dea9,daducci_amico
42,145a6896532ba1b2e45eb4c206709f59c1faf461,daducci_amico
43,145d6b43f3c685e1bea0cecd6d8798741f135039,daducci_amico
44,14d6f5fe92551a988072a19633652127e02bf1f2,daducci_amico
45,15240730f6e46552e1d30eccacac146c33748d60,daducci_amico
46,152c98bf72bcaecfe8221e34ef7292fb2a78cda4,daducci_amico
47,16fd07d27edc7c0a5346855c82409df60e94ec00,daducci_amico
48,171d94853529eb2d9660087ad0be6894ed56a801,daducci_amico
49,17c4138dd0423b6a6bb59308a7de7923fbfc36e7,daducci_amico
50,17e5bc676dafb068e313616faebe7e7de0c41564,daducci_amico
51,18161dfc3b16aa30a9edb795ca14d9bd2c7f6734,daducci_amico
52,182f99d584c8992ff96b0556de87834c5b4062fd,daducci_amico
53,185b709409254a4202762603f3b42664d0c21cb1,daducci_amico
54,19051d6a4f1ec229a8fe3091a9aa24ff07590442,daducci_amico
55,1b965966474dea6edbe3646091dfc65a5b294441,daducci_amico
56,1d853ee7b04a52add10acce15e87ac4094a6d64a,daducci_amico
57,1dbe7f8f47a6db09c9fe5a5d456c1faccdba67e0,daducci_amico
58,1df40666c8b4f4b8251009ea48cfcb8a46880ecd,daducci_amico
59,1eaa9b35f5fdf712cf3d379ab123b500e3f41e05,daducci_amico
60,1f75f2f553afec81bb277df4dc849e8ad3cf8eb0,daducci_amico
61,1f8ddfa1e82c7c925fd754b68acbed97cd5129af,daducci_amico
62,1fc2a99489e41dcb485d69cc9f3d7b76323ee847,daducci_amico
63,1fdbc3d6b7a325842bacb3ab7281269f2972db60,daducci_amico
64,21177cc8d795f2d7bb08fe43d8bf2cb4bb14bde9,daducci_amico
65,218fe94521ec7ecebab8de9e8436891c82400e8a,daducci_amico
66,21a4089f32ceecd528103e55f7bc8fde73374782,daducci_amico
67,220637e44a0ef5f49a6066c8e49a3c47ec4e9a1f,daducci_amico
68,231f31b8ddcbb2e79fd1466af9a612dfcfb459c9,daducci_amico
69,23490e80470bc8f0e04b08ef0448a70d624ea313,daducci_amico
70,2377d725a7b35db9af09dd2cefce4f3ac97be807,daducci_amico
71,23bdd2b7684816b87f4e11b18226d6a42a35fbae,daducci_amico
72,23cd1597236c6ed7ea66db5b31cba026da760072,daducci_amico
73,24d1dc28ff26e8b7c2f685a4ddf0c8feaba3d311,daducci_amico
74,24f756f4bcea231c706b99612f1431c8516e434f,daducci_amico
75,2551921960f4ee97491ac5c4bd9a0bad621650f9,daducci_amico
76,268efd514692279414e74a7e769b546042bf4045,daducci_amico
77,2726e860ad825158330bca30e8732faa15347efb,daducci_amico
78,27a4761aca5dad85e234e974b1235df5e6245e0e,daducci_amico
79,28e10f52b2e50073f038f9ff7315c7c749dd1269,daducci_amico
80,28f824f64bfd659021df99722a3fb9deddddf3a9,daducci_amico
81,294d9aadd5102add9a11bf2bb63a38a65c356e59,daducci_amico
82,296a296e9fa49428d215f3d735ff8b15f7ff42dc,daducci_amico
83,2975eb55aef2707ffb3118c586961a332da4aa1e,daducci_amico
84,29a2ba15578c9bdc526df7e15f76183015c33bbc,daducci_amico
85,29da67d65e7ea843f50d93c0d3441e408faf04ca,daducci_amico
86,2a82910aec67abd390af12725d43d46989cd29a4,daducci_amico
87,2ac7cd4d6dfad9eaf82da7215eae7a7a68dde694,daducci_amico
88,2c20204f6bf1b57c9c241df91466f51866e3c3f7,daducci_amico
89,2c34c6b77025fbe1aa02b49fa9aa1967ae78b2e1,daducci_amico
90,2cbee36c4c50cec103de05ced6bd465364d49f7e,daducci_amico
91,2dc31c01b8662696be8d42ae0f8c6ae50b8e28ca,daducci_amico
92,2df691eab2b38b7a552e7a8226fb3c613511af97,daducci_amico
93,2e037891884ee1562dfcd15cf140f2541691c305,daducci_amico
94,2e2c3aee0ef64bb0a2fa1d703afec669f1c41844,daducci_amico
95,2e560321e693b80d203cb745da9bbc7b9f652fbe,daducci_amico
96,2e62b279f0f33676d4ca51221312dcab7806e3bf,daducci_amico
97,2edb9e6e80d9c4f82e17eb210d3a3f08bf60d5e5,daducci_amico
98,2ee6f6283cffe157412262db1972f28e793a5f97,daducci_amico
99,2f29e71196be1ec759403317494222f80654a264,daducci_amico
100,2f76e35dc711f2b6aafda0035b69d9f49bf9c07f,daducci_amico
101,2f8d077c5effaa33ae4e65e0916a9edb4adf7c60,daducci_amico
102,2f947260a1db607879576d0db0cc2f33355e019f,daducci_amico
103,3042a0ada9986b3571440b3f219163a811c31c90,daducci_amico
104,31e5e444de1b7c43489836514d42919b3213812e,daducci_amico
105,3298f2b58e59d39f222fda9ea7fdc1527f857c04,daducci_amico
106,32fc26ccd52b0685be2113fbd6dc25ae0a0022cb,daducci_amico
107,334eef47f836c58a37208726c6d305105b477b5d,daducci_amico
108,3354ac80d7ab224a82ea32b6bcdcd57d1619fdc2,daducci_amico
109,337abc119e3906e161379902a7c14f0ab4d61d11,daducci_amico
110,33ded0eeedbf64b8bfd2d7f044829a116428000f,daducci_amico
111,355cd39d562e39ed9442616ca955254bfc9d6405,daducci_amico
112,356504a008e02b9e07eaa41aa2d00fbd818b481e,daducci_amico
113,35f35cf0ca53d26f5503ea601baf9077bd75ca7c,daducci_amico
114,362f944730e7d512b34dbaca51ce8017b1363001,daducci_amico
115,369c3e923c1b1f46083be9c0dce0721fe386f76d,daducci_amico
116,36cc4b117f6a607681b566e913e1a78090acc675,daducci_amico
117,36e6520847e8c3a76545efd2fd03374ea7e5a582,daducci_amico
118,3720b414ed7b2c79b6a3d571f7ee6c32abdd612a,daducci_amico
119,3750e2a95969aaafc92c78094f1a524ffb1e1e93,daducci_amico
120,385e47d5ed1fc3ac411f5a000575ba616f7fb72a,daducci_amico
121,395c9191dcb85619b06d3b31f1a8dd5cf36697b8,daducci_amico
122,39a148b9b4acc7485116897d0d83e86063346964,daducci_amico
123,39c1984bb21cc8ea2c1ee79c0eb46626e5c16551,daducci_amico
124,3a0283b1f359599b6e73803ec39d60fd95ef0c74,daducci_amico
125,3b5215bd6c427b2e65dcde97181266c7d61bd329,daducci_amico
126,3bfd7d81dfa78e10f0a7faed2f94666f40c67342,daducci_amico
127,3c18740a7032fb37a69136454bfae2b8abfaee2b,daducci_amico
128,3c83dfe8d665b3103d0761f8809cbe20f765df4b,daducci_amico
129,3d25f68aadfa23ad7edb56de7e664a807f1135f1,daducci_amico
130,3d511d099d650e425e75f8c3bd3bfcacbec8565f,daducci_amico
131,3d6b6c2ea73485ac61fea69f2d071faf5fb0bda1,daducci_amico
132,3d8b5ae25ce9d629e32a106a205386d11e415a76,daducci_amico
133,3db0c56f68b19cfcb3283a6627fc4385517f3b60,daducci_amico
134,3e1803ea246a2c3bc3556cc251670b920b52fdb0,daducci_amico
135,3fca7b046db6a849e6b3629b19eccf8fd503c20a,daducci_amico
136,40074e2fc90d66bb0f5d5c47bb40b7f2dc8c19c4,daducci_amico
137,41697aed5db315b96ddd004660b455710584eb52,daducci_amico
138,4235a860c7c10aaf427fa0b2443480a6a8324e5e,daducci_amico
139,425fe7a7ad9dc02926da739f0954d59cac87d49c,daducci_amico
140,42830c695099147ebeec3b57b8bb383d3d914134,daducci_amico
141,42a313ba8c93d351f5c19089db6bb712bd7417e2,daducci_amico
142,42e0e1f454edf1e2186ed8869c1480866c817902,daducci_amico
143,4331f3b6b71bc74c6fe3d5b557f0b8385b01541d,daducci_amico
144,43a3c15fb813fc61bab70df900283a10d91c003a,daducci_amico
145,43ae947a1458fadba33c75cb4e9992ce3cb50baa,daducci_amico
146,43c65667b4b1a546a8b36ee1ada2ae2cdbc34888,daducci_amico
147,44ea9f9a5ff355bfbed77e8eb14b19701067b798,daducci_amico
148,450881e1875f08902e3f84fc827d373a21199ee0,daducci_amico
149,454d48a340b5c5103c98780f0331124393237679,daducci_amico
150,459db42eb0fcac04e559ef7451a11b48e919c2a0,daducci_amico
151,45bd94469c695a18485d253f270fb45693b962cf,daducci_amico
152,47870538290e8f48764367c89de2a6d76f40bd75,daducci_amico
153,47f8e79061c039b0e8e8881909eb578e4ac54488,daducci_amico
154,485dab33f67981c9c1eda5aca49dd5f6e26be2e8,daducci_amico
155,48e1d048b1503c435fbded2a863763ce169a4911,daducci_amico
156,49587222d2def278aa29b1a78676eaa551a1160a,daducci_amico
157,4a360fc5a1aff96f0e826d305f3fd234adb61310,daducci_amico
158,4a947faaaf8ba165d311784cf3a43d24f59d57ab,daducci_amico
159,4ad9790c2178cd2aca0103b6c61ac2988d13d935,daducci_amico
160,4bfd740222a41970973bac27c922104e27003e8d,daducci_amico
161,4cea54422e98b8272a23f701fcd9a972d16c0ab3,daducci_amico
162,4d4637c6547bd98c64886a0b609b49f486bc304d,daducci_amico
163,4d474aeb37dd1afcc00bad219f24cf912c8ba4b5,daducci_amico
164,4e4bfae4fc4f344c56eb6b38d12d162e066e3e1a,daducci_amico
165,4f576ff59457900a8d86a2a8b8848736e796cf61,daducci_amico
166,50e726612c6e9f62f3e80109a003192f0923b9db,daducci_amico
167,5195fb3d2fb736201e13624dbf0752f04032613d,daducci_amico
168,519d50c3fdeb4a4a0efe306627df29283aeff109,daducci_amico
169,51a6843669da217c6ed08ad888843102ecffd609,daducci_amico
170,5227795c972133a0ca9b0de83ca78bd1c97871c8,daducci_amico
171,5359e0c7be4a77859d38efcdc542236cb81a4ecd,daducci_amico
172,53a86705a8e8bc3fc6c372c9c5ee356634266274,daducci_amico
173,53ae7c42e8846d4e62c556518955b23e72677c45,daducci_amico
174,548cc114f2781b59377cedf0cfd71a5e0f7ac957,daducci_amico
175,54dc8df2ca7b0e7ea1334b479ea518fb06282c10,daducci_amico
176,54f898f48eacb383b2517c69e9c2a567ba5bae5a,daducci_amico
177,551a30acc40feb30f9e20b782c431a73588de276,daducci_amico
178,55c3902ad2bfb38135d94379422fb9f5bcb159ad,daducci_amico
179,561d3af0804400c9710225f81658e1ca1ade9300,daducci_amico
180,56448394b1ffac8a380667ef6c6d28ab2ff7b678,daducci_amico
181,5684b3f3c1ff5ba6cd32b4ecd9d932a4871aaeec,daducci_amico
182,56a9b7e78b290a7a405d911db01918d303e5ee0e,daducci_amico
183,56d24e094cd3b47cdb9ca3bc5bfc15cf79bf2d57,daducci_amico
184,56d4ec07a54d3e267771bde79d1c63dad3c5aace,daducci_amico
185,578edd77721b374ac0077e0ad998e56e289fe34e,daducci_amico
186,593e4acc8da65fbfbfe12412c45b7bb5a88c1d49,daducci_amico
187,5a653457cbf8ea8a788be04b8b01e1a45974d7fc,daducci_amico
188,5a7550228c3143a3c138a243c9cc811105b2b5b6,daducci_amico
189,5a94d2a40dd59fbc4b7e317659b9a4666b89bbc5,daducci_amico
190,5b5a6619a18cfff8a00c6fe0fb5476f98a85545b,daducci_amico
191,5bb57890c331ea1e19e9bc950a11580024d32851,daducci_amico
192,5d074e3dde025d61fb6fd5f9dadd7ff4b0980ac7,daducci_amico
193,5da544bae1f491cfdff3d84276d4502f64cbec4a,daducci_amico
194,5dc32e13c7d89be902fcf9c81607a225c14ee298,daducci_amico
195,5df02dd3760e1907a698e07f15c01f96c9f94019,daducci_amico
196,5eeb88f857007f0b0448e11a7929170056728981,daducci_amico
197,5f1f7618c529dfd2975f6f2f858afca02d2d52e1,daducci_amico
198,5f264533046abc6bdfed82f7487307b5b11f1b0b,daducci_amico
199,5f6b3c13b987c631624d91ac6ffb3523a14a7a31,daducci_amico
200,5f744a430638c6068abbd844f8c40d8e542d062b,daducci_amico
201,6074910c75634744060dd8139952a8d47625f8e0,daducci_amico
202,60bdee891eb9b4b199a91024ab9042ae617151b6,daducci_amico
203,60cbff31f4f26d3e0031a8f05be0883d01832e5f,daducci_amico
204,60cc15e114f8e553a9b2834c3a7fdbcf157417b8,daducci_amico
205,6110df0a7a1bf2b1630fa5d78842de95ebedd174,daducci_amico
206,613e39de9972bca65af58df4d685032d646c79f5,daducci_amico
207,6226efc67ed0bb4220e0c3ebc8579337fcd629a5,daducci_amico
208,6315ee225852c0c3c4a3407fa41a2fe15f94beae,daducci_amico
209,63189ecc4e75d2cd16b7ee3010ff276e4c9ccdd0,daducci_amico
210,635fb4e66184b3acce729343062aa0fcabeef8a1,daducci_amico
211,637920ed8c99a4e33211827b9896f803e012522b,daducci_amico
212,638b8f7011210d9dfdc3c068d6ce4f75ae24feaf,daducci_amico
213,63b9477bd10264939cf97df3648f0bd88f6fff5c,daducci_amico
214,63da573c968f23e6b0c6ee84f5bf2786bbf97404,daducci_amico
215,63faaf9dffec4402fc9da8b90ecdf4740e534227,daducci_amico
216,6414ec581e75c78dbccd4034ce59abe5d1d45d63,daducci_amico
217,64870c3d4481b19fe60a61191a39b35abbffaa67,daducci_amico
218,64cca7155b8815c87b7ace5873c130109df8068c,daducci_amico
219,659330903d135d01cb6c73e2694080deb75683fc,daducci_amico
220,6611618dbeb2daf8d5114d07e4647c27b7d6d951,daducci_amico
221,6682a853421b9b5568920cef67c41d0c6f4c72a1,daducci_amico
222,6682d5fd5576da92984a5f71d54ab76e594eceea,daducci_amico
223,66a7a1304c92fdfe410d0facd61cb64832e08f4a,daducci_amico
224,66d06d94d89dfc192d45d34a8791924402b61998,daducci_amico
225,676abc226373108c0f2407630a9a4d4c6941f375,daducci_amico
226,6786921973a013011cbed2816a9655146b88f052,daducci_amico
227,67e2c5e9d9fad0cc1e1bc5f0b4e8db15ce781e27,daducci_amico
228,694485753fde5812774a3b9fd02162ab2c8c26f6,daducci_amico
229,698260e4103e0cd73ba53f91c44a9207546f5291,daducci_amico
230,6a5d3a9eb9731b78bcb04a5c32f6777599ebe604,daducci_amico
231,6a603aae73d5cced252249ae02198f69721305bf,daducci_amico
232,6a8138d185205cce34c1bb033805ebba52646014,daducci_amico
233,6b36df6ccd16238f7ea3c78ca17f86819b85572f,daducci_amico
234,6b4a4b6f1b277eafcb8514e4e1cb344b112c2525,daducci_amico
235,6c69c11a907543e3f9b5cf63c4c8e3a8b8f6d3bb,daducci_amico
236,6cbd9ed209740ffdb32f5e4b15b67facbf4f0290,daducci_amico
237,6d0884ab5478f7ffa47b436fefaacf273bd36310,daducci_amico
238,6dba0495dcce16de19a87894cc1f3f1bb5eb138e,daducci_amico
239,6e18e88106292ef40f7067179bf143b82ede9a8a,daducci_amico
240,6eab9a0726bc009d6f4a8152b7d0731949662cac,daducci_amico
241,6ed75c086a49ae9949589238feee97034dcd923a,daducci_amico
242,6f0241d9e781900f05390d774336ce7036a6750a,daducci_amico
243,6f057d65d190809f1eac007fc06a2ea430fbf751,daducci_amico
244,6fdb61dd9b1162b2ebc41bd965cb150de98e97d9,daducci_amico
245,709eb8c05eb50aa4ee61757bbac4ba61f1e839b1,daducci_amico
246,714dcb99a98ceba06fda43daa9a8a0e34f73d26f,daducci_amico
247,7151f850c5f16e4e76e9c3b4c94729392f85c112,daducci_amico
248,716283e2ef4d7bdf04c7dc397087a03e14b24d4c,daducci_amico
249,7183ee098f400d08e68be097c170ec078e969295,daducci_amico
250,733ab16ad6e050ca44ba56e8cd154c82c45de922,daducci_amico
251,735173115bbc65714fa259925d6d11d7738c5909,daducci_amico
252,752062debe72606c8137cc901c3121670805710b,daducci_amico
253,75f4f7f594426ea6112b98135c74f07ee06c1930,daducci_amico
254,76031ddbf93ae45b03e0ecba457e274cf847872f,daducci_amico
255,76654c409308312331da47b56256963ff5f98a58,daducci_amico
256,768294a4dcc4ab5a54cc6ce8bdc9f97a0c911f09,daducci_amico
257,7704488137531872287fabc38233600bc5e1e911,daducci_amico
258,772ed79948cd6055fb9720991ef9082839be7aeb,daducci_amico
259,78fbf3641ee00f84478d7b5ce9c3fd833958c9f3,daducci_amico
260,79cf64140cb25f24be13b53bd23651833bd551ab,daducci_amico
261,7a05f730e8d5731f16a67263a88fcfb45993f979,daducci_amico
262,7a76ef227b5c666eb1ec6fde8935245426dfc7dc,daducci_amico
263,7abcd07348557d6ed3c517c768b2fca63473ca9a,daducci_amico
264,7ae5f67070e3baed6f9cb2c218996267b22a52e2,daducci_amico
265,7b210bbbc4b2f8c6ae614f46692d505099edfa48,daducci_amico
266,7b6255fc518fb02d02ba59d7c27c82a2f3597c01,daducci_amico
267,7b84d15f30fe8e6cfd925f4979bb1a70e5adf2ae,daducci_amico
268,7ba410ca38596ffa2ed4e090c1cf78c1deef89a4,daducci_amico
269,7c513dbaaf4f50890d135371116601dcebaa160f,daducci_amico
270,7c7c7c0a16760e178b17a66b2e1963acbe2f7f6a,daducci_amico
271,7c7d6564069f8198ee305ce0d64af92e20767052,daducci_amico
272,7c92a770d992961aac7ba9782bde04159ecafdfd,daducci_amico
273,7ca47600e89b85cc496cbdd0001e0f0f1883f1a3,daducci_amico
274,7cda66cca5f28c459b9db1d731c9ade9e387b25d,daducci_amico
275,7d233c67a8dc1bc9696a27968e0980bdd984c315,daducci_amico
276,7d582182d6df3774ccd6ffd137b51a30f498243a,daducci_amico
277,7de044d39ae6ba9f9e297e994613179eff816b58,daducci_amico
278,7dfa45d4a28455abf057c5df10dc3b9587d0146f,daducci_amico
279,7e2584de5fa94f1169b3754a2daf72125456bf23,daducci_amico
280,7e85f638e5a9992e68c3af847823a0e32b35a525,daducci_amico
281,7f4cfd57eb125e942b0b620ce01dd9b443ce4dd1,daducci_amico
282,7f7c734cf101f2d095ba5b510bd381f88579a6df,daducci_amico
283,7fca681aca363da1a105b6ed14a1ee215c26afd7,daducci_amico
284,80479cb340f54803b75bde8eb8a33525178512cf,daducci_amico
285,8095059385d248fc649023712b41b9b95058a58a,daducci_amico
286,809ef041f32d6eeee2ea3d5a764625e19cec2b5e,daducci_amico
287,80f0e6051adef6b965b976e7ac011a86dfce3d30,daducci_amico
288,815021464593827347431597125623ba626aef7c,daducci_amico
289,8190cd20bb9197a34256caf37476bbc239ce4d33,daducci_amico
290,81abe1e20340dcec667a4c3ba114367226c21970,daducci_amico
291,81f27dcfdc27a7e0d7a8d17e67b1b8373fcf73d0,daducci_amico
292,82059b330041af0f430a60fc42ee716c0f3b8fc6,daducci_amico
293,82df54e1f4eeb03ef56187fa96930689c25e6526,daducci_amico
294,8342061658e5dd35ae440a07be35c81952f2afa1,daducci_amico
295,85b4a8b40ebfa97818131970f3ec5106bd87b48e,daducci_amico
296,85d3df472738dc8ac242971546a76c5526b1e382,daducci_amico
297,867ea8ca86fd60693e3b8d9727ac131975dfab21,daducci_amico
298,86a9a9adac3d541ff15994c6a12c12f6d6a59579,daducci_amico
299,86c2bf963546d90851c366f911a49ecd7f2d72c6,daducci_amico
300,86e7dc6f72ef9c0f792ffd4cdc15bf411aaa4bed,daducci_amico
301,876de398ceaebf52fbef4c54d340ef4f3f364574,daducci_amico
302,8772221d28802d0a7afb2e2a2b5c51d2b1492b75,daducci_amico
303,87f3706e612e30350f19570c54361db515fd6917,daducci_amico
304,883e5cac7ba1ea64550b55db62d16ae8c68f3932,daducci_amico
305,885d6fce023d443e1be6f3c42b0e250ed915511c,daducci_amico
306,88638dbbe05a89bbf96354ccca79622828bd3c75,daducci_amico
307,887644279b8beba1f0877b1a641edd77334f2c4b,daducci_amico
308,89ad248cf650aa61b18821d645cce1928944ad21,daducci_amico
309,89bb9fb5f3401ea985cd7a7cc5f80432023f0c95,daducci_amico
310,89eb9bfedc53108289d5c8ad96c65fed1c77ab34,daducci_amico
311,8a1fa663b8fce39f1bb2069b9096d154382c7dad,daducci_amico
312,8aab1481a66f0cb0db1ec5f13cb228e8277de3de,daducci_amico
313,8af19dc5b93a85fa9674e31df97fad786e054576,daducci_amico
314,8bdeb9bc763155154142da438cce90ff9646deb1,daducci_amico
315,8c213d3aa8e6fd13b068796d0e151e673afa10ca,daducci_amico
316,8c503f4684948ee209ce8bd9562476b9246f3f0f,daducci_amico
317,8d5462313cb37a56e51f283e9f6f5aead153fa9a,daducci_amico
318,8d7596340bc978b0e2cb823bb4557713bebba7a9,daducci_amico
319,8d99535225ff064b75a735016c0013aa961f58d1,daducci_amico
320,8d9aab774fda53f2335e03bf52b5a1cecfc79743,daducci_amico
321,8dc004b12d989ebf4d4cf6c2dc06357f966dc3a8,daducci_amico
322,8e132e47c054173da5daf4272ef295dad2304117,daducci_amico
323,8e63ce49cb9342724d09ef4aba47711acd264812,daducci_amico
324,8eff94aa462f0d58bc14dd1a2d844e4c221cc0a5,daducci_amico
325,9011225f932c0d7452bf5566ba2006b8414a5175,daducci_amico
326,902b708c1a6c2bfa3eb301630e917c83a9270c1c,daducci_amico
327,904aa32db70c3e1a741b474073b86ae9d297fd35,daducci_amico
328,904db1afc71cebb8349c1755cde29e6a2da57408,daducci_amico
329,90624d80cb95afbb99cb93a8fe77359d97f36821,daducci_amico
330,906ba055f33852e0703407b1d824bbc1de76a6d1,daducci_amico
331,90ac6d9467d3f87c14a7873cbedc705f204e7a29,daducci_amico
332,922e73ccbc8b79aac4b2d2914e9f5237f4e59392,daducci_amico
333,922f1075d705856f5c5741e2e036bc4542dadd82,daducci_amico
334,92484388ccf978e73c70f941efe4861f2740ed7b,daducci_amico
335,92651ee739444545b7dda724b0411d8484ffcf0d,daducci_amico
336,929cf680b5e26c59a1c469455f14fe42b44fc50b,daducci_amico
337,92a32a74fb0526da03aa5cb40bca7ed943c96f28,daducci_amico
338,93349175ec334163af261f7dc403d0cbda6b60c1,daducci_amico
339,93b6d3258d521ddd17431374df68fd8ac1c1badf,daducci_amico
340,946b818d2e4f43a91d7d8fd2a258ddef5c53e417,daducci_amico
341,9488d4ccd1fc315addbfdb2a8b6b776cd0339d05,daducci_amico
342,9504a085a56d7957d242b5916635f91fd35b1083,daducci_amico
343,956579f0f47398251102ac41272c4c08644c5232,daducci_amico
344,957d4ee0bc744d6e216ad5ba7a985e6162329552,daducci_amico
345,95b41d993443e83c3c64f6cdf2a1b939c7f418c6,daducci_amico
346,963f2af6d177ac6da407241ec6e67023f8a3c531,daducci_amico
347,969169dddfca8aec6578aace018541579e165dbe,daducci_amico
348,96ada6e606c3e3a7cedbf0bbe7f59bf42b3a8a2a,daducci_amico
349,97012af1dbad88543adee397c24a43159e995105,daducci_amico
350,97fc07989aa48a83d28ab611a0a9e79694acfc4c,daducci_amico
351,98a772b240e1cd67a26a17f47f7f7738bda41b73,daducci_amico
352,98c04284298ac06a406652ff1ed73db720a78482,daducci_amico
353,98ceb126bfb8805dd663e70609091fadc784643d,daducci_amico
354,9994f1ec3b3e5222b508fb830fda4b7e3c240c2a,daducci_amico
355,99abfde5d38c4c79f6166262c88b3d7f650278b9,daducci_amico
356,9a1f2a57cd092786b3659f839a262709cfbcd414,daducci_amico
357,9a6b9f0bc58c252771142acab01b659bea55abb6,daducci_amico
358,9ac6d746f6072e0dd5e9efb5909bea2ff6ab5ba7,daducci_amico
359,9ac97a2e088343635bd77e2398578c342265fff1,daducci_amico
360,9b34dcd91871627ae39990eb95a7d805d89527e9,daducci_amico
361,9ba255896258cabfa74197e7cfe63448318ebf62,daducci_amico
362,9c244122ae9448c050852b01239a2cef9df24802,daducci_amico
363,9c24f712be3ef10c1f5c0e1b721194f2731e9cbe,daducci_amico
364,9c35bef89d098ca768fd0b15dcddaf6c0fdbfb2a,daducci_amico
365,9ccb352e9cfdda2297bcddd7ffad1937e1b2b40c,daducci_amico
366,9cda8c96886803be85b679bdf5a8d7cf29bf8e1b,daducci_amico
367,9cfea6805d108b6bda700f8ad5d88baef491d386,daducci_amico
368,9d0e97a6a81f4a10822c48115072793e7a991150,daducci_amico
369,9d60e41a66820aec813424931eb1b0ded0925ebf,daducci_amico
370,9f2995d382d673ad23e1be595b14c8eb36ba43da,daducci_amico
371,9f8e99b0a4e224acf7bb9a952422ad735ae90cdb,daducci_amico
372,9fcb61b524b842939a42cb50fc8a46e9f945f869,daducci_amico
373,a0a5503516a2aebcc04d4497d812d525b6e0cd23,daducci_amico
374,a0ab4e8f1bfe60c44bdc86f6de881a5a933ad4b7,daducci_amico
375,a0c510e61445c6fc643ab5ac015ca67084cd05c4,daducci_amico
376,a1972543407889a76cde3a0306c986a09ce0bed5,daducci_amico
377,a2749c64aabefb455be845d640d2a0fac73295ff,daducci_amico
378,a29054a6b5dcc65b2188063e64aceea0130b2ea1,daducci_amico
379,a2ee4e72402801e510a56e6fbcbf74a6c093b526,daducci_amico
380,a305357cdde7deabc7408312951e7abf36b762b2,daducci_amico
381,a3868d3aa9a39b542f07ce2fd7ef71892c831f47,daducci_amico
382,a480def9475a7d078e3464fe59d22625087af648,daducci_amico
383,a581ef13e07f2ad852b0f0054df73f190c6388f8,daducci_amico
384,a59bf34429087af3455586fffed3cd709ea38026,daducci_amico
385,a5dfed7f7ec88917092c6f03088885c914bc778a,daducci_amico
386,a752a6d30ed2a9571c6de249084067242058b79e,daducci_amico
387,a7924a9786de5f885547913ddfe9fdce01d96284,daducci_amico
388,a7a8cf38fd00d60024e50de0b878a20c334a3283,daducci_amico
389,a7b0d40a4a87c873411973b9013b225d353b6e88,daducci_amico
390,a7e03287e80bfbc1dd9bc471064a4a93132d521f,daducci_amico
391,a81f5df527e6fe7f6500c3414d1f4cc181fb379c,daducci_amico
392,a851a9d67363e6dc8d55e84d01e8b58d42646d6e,daducci_amico
393,a85b2a7cc9eee1ac39c4b7e443aa723642790041,daducci_amico
394,a8c1b44a6ddc90114047e726bc6f93887706158a,daducci_amico
395,a8e1a2e381f29856fe26e7f1d75583c628b3397e,daducci_amico
396,a9016dc85a70aed38c8f3ba951b55d793b207862,daducci_amico
397,a919040ae8733bf36393b7158ca211c352572d01,daducci_amico
398,a9239430e69da1ac3496ecaf9ccfd1ce6265d916,daducci_amico
399,aa43c7d9ed120bac652db28e42a8c19892c9ad4b,daducci_amico
400,aa7ff8c538b7e5fbfbdff9dd33edc766a8ab7ada,daducci_amico
401,aaa6b1ac21ed099b63c7dd998086339720e1ad38,daducci_amico
402,ab2d86ef739b8f715a1fbd90418f26c9e58cbf5c,daducci_amico
403,ab8d8c3f471c0ff0ecf8dd84bb208be9db4e90dd,daducci_amico
404,abdff42596d37daf5aa749e528cbf4f17cdc43d2,daducci_amico
405,ac018ef6f0819ae0cfda383f8106689ee56c8654,daducci_amico
406,ac43ac1d6ecc85fa7a6d8bf48411b4fc870359cc,daducci_amico
407,acd0197075d72329a4e0af0b40527a2edbe2f4d3,daducci_amico
408,ad3089d0dedaef74cf52c63ac00731239cf0bc2e,daducci_amico
409,adb1214451d9e4716e28c7ac46a425415d0a8655,daducci_amico
410,ae091a05cf0888ec5c337df10db081549fa1e9db,daducci_amico
411,ae8a13c45b1f1637feb752a8eaf3e8c0c0f67c92,daducci_amico
412,aee35585ed56e64ce0eb742db9432931f409da62,daducci_amico
413,afbedd6bbd9ca1f2b26dd6539f0f26a41e6b0594,daducci_amico
414,afe6420aea5c6ab4a6fb7773c6522ddd4fa08ed4,daducci_amico
415,b03ef139766cfc454c2c4d3ccc895edcc3810b14,daducci_amico
416,b07b94ecccc68dc1157fea74ca52397a3a72450b,daducci_amico
417,b0b7c4621b3e1ff1eb78bcd9c1ddc04a80125fab,daducci_amico
418,b0e8e3260f54adc9240c7d0d673c86ccd1e97ddf,daducci_amico
419,b108468c58bb480bda9524c9550b7f2d1d99e7ff,daducci_amico
420,b13f2614d7b41efddd2293d67a900aa968af5f5d,daducci_amico
421,b184ddeefe96c283c64ca59d2a5ced5c9c833037,daducci_amico
422,b22d11bcd045dc947bee755c24bcb19b573077bb,daducci_amico
423,b245e61b1a7fbdf556170bf76d50812c104c6372,daducci_amico
424,b2b3b595b6304ed89857fb60745ebc8741a55c35,daducci_amico
425,b2bed5fe12fb527fe995ae91d56c90bcc504de1f,daducci_amico
426,b308fc727bc758bd174355be03fa0ff24334c55a,daducci_amico
427,b363f37c1bb327fba45d0d04086029333ed7024c,daducci_amico
428,b36ba3235f2c4820597fbbd8f830125b333ecab4,daducci_amico
429,b4e33b5523d3542f6d1cf709d512c27a15a5cca7,daducci_amico
430,b5996363dd18b5bcc040948bf5525e8743f476c7,daducci_amico
431,b5d0b39542457aff04b91b08ee2f747dab3c1a53,daducci_amico
432,b5e8f5937b0e11d762ccf7b7d4ec7591ca088691,daducci_amico
433,b68d36880c893392f6b065bca1f9a1c7cb550b65,daducci_amico
434,b6ab901c25f3edcc4952ac6d28b7e292e4ec6eba,daducci_amico
435,b6b60cc396ed763f9bca04f4f140232c87a7f2d5,daducci_amico
436,b6cc6b85d79dc9005ace9d6248d639795283ed11,daducci_amico
437,b7bf89f16092b688ba704553e952b38877038b8e,daducci_amico
438,b7f4993967264d5a0177463adbcff50917073911,daducci_amico
439,b82b324e1478e525ffd092ffe48e54995b750cab,daducci_amico
440,b8a9c7a45f8c53e789952248eb02bde0789a192b,daducci_amico
441,b8ce00eb631f57bc1b6b7ea5c429254c16c266b3,daducci_amico
442,b8ce4178cb7606cf762668539bde2c3efb583f3d,daducci_amico
443,b912b55688b92dc06b10fb8c71af14718e12fd70,daducci_amico
444,b95217c538cacc72d3795f7bfc715fff498a4d0c,daducci_amico
445,b984da42f45ffec13f7a3c3ce94bc269829b0407,daducci_amico
446,b9dae1fd2cc762a524519b80e35adf60601708a6,daducci_amico
447,ba4f5ae5bbda2919f48f9095fba08b5a4a4d9d02,daducci_amico
448,bac325359e9baf2b9922af9e75d454049be949bb,daducci_amico
449,badbbe7f2b794ab8fe8f1a522ed70b752570cd51,daducci_amico
450,bb47eab5ad5fa97261d64f80409ef6d3da13cfb0,daducci_amico
451,bbaa180391a74cf2f9b6b683d116c61a8056344e,daducci_amico
452,bbbe6b30d261398de7fe5de7aa521d6232355532,daducci_amico
453,bbd97b472c2493883ca5adc4eef1363c0b9c71b3,daducci_amico
454,bbfc69e5b8da0eb6e3b9c0a342ebcaa6dfa61175,daducci_amico
455,bc1b3cefb72e19ad29428e1468a7464b73b7bcda,daducci_amico
456,bc32eb03311e7340fb6bd5caa19b3449af8463bd,daducci_amico
457,bc901a7357efcab01cfd234ccf533889bc90e8ff,daducci_amico
458,bc9a3e06d62545fceb62440a096b4dfa605af985,daducci_amico
459,bdcced2369d1c778af4e0015bde96c15bc2faac9,daducci_amico
460,bdf3c2eeb7f64a7749a0f08e629e78dc75de6a16,daducci_amico
461,be4127ed6a1dbf006ded36c269df782c29ab4d7c,daducci_amico
462,be6119d04ce85869edd3dd596ceb0276fb9605c4,daducci_amico
463,be7198085416497c2e1690c47439be0cbf15fd95,daducci_amico
464,bf382633813b0f7f03a13d90b8ce27a1f69669f7,daducci_amico
465,bf74c1a58ab325b80c1e6a0099f1f350efba2b4c,daducci_amico
466,c0256fc2a3da4246f738ed1eb47dae59a7ae283a,daducci_amico
467,c08d69f6e98c5694bb660acb20ca62024c16cb5a,daducci_amico
468,c0adb430fe24b6950e5b35f90a48b2835c34b514,daducci_amico
469,c0f2a03f6415ae73dafd4fafc3b326028f5f7319,daducci_amico
470,c1360acb1a5ae293e0a76c4f08f45bb0b5951ef5,daducci_amico
471,c1449d5e47f04fa02711bd6204591ec730946a91,daducci_amico
472,c3149b3d2d7edffe8bedf4094c7eb6bfc65ba128,daducci_amico
473,c360c1115b9f784b3c622319c6128b812996a955,daducci_amico
474,c41b25d23f6fec2bac3f141ab400a388e533ecb8,daducci_amico
475,c453fbfbeafb04c281e36bfdcaa85eaa5eb772db,daducci_amico
476,c474749d726553ce03e4745dfdc533dec9e7b71e,daducci_amico
477,c4b2c953c4ba0b4d4dfa5c563c578f6309057223,daducci_amico
478,c4f93fd390db0bc961686774447bdb51f01b6e4d,daducci_amico
479,c5a1129c62a5830b0979680fed16772718653413,daducci_amico
480,c613e0e23afb129e16f5f2a9b4ff067a3abf0dad,daducci_amico
481,c6b0ac971b5a69440cb46ed4776825f6803e01f9,daducci_amico
482,c6edf9088f6d50fb7eab4f689ad090891535d28c,daducci_amico
483,c7349f516fdb0b55491c0de08ee7247db32d5fd0,daducci_amico
484,c77b5ea89ab4e4a017e65cafa07154239483fd3f,daducci_amico
485,c7e750c2d916c6b0d0dd87fa30f0a9ed4a585fea,daducci_amico
486,c85d775b311640d42087f15a44e1839baad3ba2d,daducci_amico
487,c97f07b9ed53e0b0e6fd1111a1107031ba317b5a,daducci_amico
488,c98f024b59e580e752106ac4e0ffcfa383314819,daducci_amico
489,ca508effa35eaccac6897259324e94c5e623178c,daducci_amico
490,ca9d7e67cbe7c3f884ff118c212cf9151e848730,daducci_amico
491,cacdbe14eb34d2b917ad3af917761ea66197a1b3,daducci_amico
492,cb3976e5cd38a50b49c02fbaa361615ab8421649,daducci_amico
493,cc81734d1d0e2cab6e4bf817a310002be9461756,daducci_amico
494,cca630f82ab1418837863ff30e4b54ca18f93492,daducci_amico
495,ccb0e77048d91930ad2ea1233e006b24121f1d25,daducci_amico
496,ccb9ceb0a2bbb18653ebb01ce30d288b42966984,daducci_amico
497,cdb20a47ce7800f41b21683760b4731bfc8359d0,daducci_amico
498,cdb45f48149a92de0a411f8fbacb13c25b7392c4,daducci_amico
499,ce485b8aa95705c8df02f6b0685565b92e3b3c7a,daducci_amico
500,ce5555a5a72c3b8b940f383828c995cf64cace1c,daducci_amico
501,cf4473f47bf0badea6d327fafc40f1a0c01eeb68,daducci_amico
502,cf7534b3e927518d99cab16e9d92f0da6799cc75,daducci_amico
503,cfbebe50b9db0513f3e8e14d6cad5e585e0dca16,daducci_amico
504,d04a02d266d96d6864bed4446b88ee2f9f5c7625,daducci_amico
505,d0729916d85f8557baffcac4702c117f4331bf86,daducci_amico
506,d1073f9bd2bf2a29d5ccc6ffac2ad087cfdcf8ac,daducci_amico
507,d124c0116c3334d83a6e9bd8fca3a0640ffdcefe,daducci_amico
508,d12759857677b5e3f5f9b59a94b5df063770fac0,daducci_amico
509,d1f25c5222bca851826189bfc0fffb173c5c587b,daducci_amico
510,d22cd170740bffda60ec13981ec721d8b48cac03,daducci_amico
511,d24f0989d9ab1f0f1b12f25f29497464f12bc681,daducci_amico
512,d345bba0425d9ea3c566efe8ab0935164bbc3e71,daducci_amico
513,d355deea5cc97b69eef8ae10ad2e56a8f604df23,daducci_amico
514,d397f9eaf6dbcdbe80f1ce88b88858451a5bf0b5,daducci_amico
515,d39a5f4932dd022c042f26edac73fbb442e5083d,daducci_amico
516,d3e4bff7e73de55f8df492d3d972ebe3acf24639,daducci_amico
517,d44960871534eb21506485eb5b5adde88e4342fa,daducci_amico
518,d45d4cf707da24e66bd3ec16a59adcadd295e350,daducci_amico
519,d571f31d81b6674aa0b5a985b08b4d8919d91cc8,daducci_amico
520,d649402cde64aad83364cfae3887155208d74c1a,daducci_amico
521,d64b4a36d5259ee25d033e2eebf74f5114edfeed,daducci_amico
522,d65239cc8bc5fe7da12ca365aaa552792b0bc0ce,daducci_amico
523,d694d14d98232c7dbae5e26f01f565a15c01be1a,daducci_amico
524,d7da899a6913eea1e8566a88bfba5096ebabc90d,daducci_amico
525,d83b82e68ff3d0f8e20af4d2bf814ee0ab0cdd66,daducci_amico
526,d844c2230a6a3eeb46d2c3f5532cb501c2877feb,daducci_amico
527,d84635f40ddf171d8b1c6051937acb422365b911,daducci_amico
528,d8de63a859e34a4632d9ff0cee7b32bad77bd53f,daducci_amico
529,d9116478a95f131c9f0bb94cddec64d9273253f1,daducci_amico
530,d98208e9ded2adefbc852ba809c9fc29c605aecb,daducci_amico
531,d9d5bf81e53a97485051f49eec63c703e308ee4c,daducci_amico
532,da801aff480ee0a18dd170fa47446e53e151097f,daducci_amico
533,dabe0c295df963d76f610389160f8f240e67d5be,daducci_amico
534,dca0920a55b2f9a4169f361e7a861ac79e1ed56b,daducci_amico
535,dca5f4c2e8616b1524abadbf599281886919616f,daducci_amico
536,dcc1c751ee83e8b28d16331ff7949dafbc225cb4,daducci_amico
537,dd1181c0d381b0f85cc7ad488039ca5e2ef4c433,daducci_amico
538,dd8224ebe6819f06ff81902cd54f11fe767c2725,daducci_amico
539,ddf73c6e825ab782c3a15273d5e1ed953fe0f1dc,daducci_amico
540,de2df3864925b83bbcad7535b815c2e164523224,daducci_amico
541,deaa97cebbac331fe41c3a1109db125acff08b0e,daducci_amico
542,df04e83b0c302243f759ab33e17a008e4b1c9a17,daducci_amico
543,df19843997e8afc618fe1ac5adfc1a9ad95b503a,daducci_amico
544,df540093b60240c38a6ff2ea4ceb1181c4f3e936,daducci_amico
545,dfbc543b86feba820d536ad32c4666dfa9e2945d,daducci_amico
546,e030068d2a975aa540c8d94428a4517f78e1b1d3,daducci_amico
547,e0d40a9b8c3b5d2d518c72d4907007b3f6facf33,daducci_amico
548,e11fe0a2a94cb0b39b201132b48cccf4e28ca99e,daducci_amico
549,e13c556472e17cd1bf0c56676ff99461d2e160de,daducci_amico
550,e23e67be101b0fad9b832ae830888d376abd4609,daducci_amico
551,e2d00a1225d47273ccf1f0601788a6bb4c3faf0e,daducci_amico
552,e2faa9e320236fa0631b462988e697e0e7819d08,daducci_amico
553,e3f0a79b0682f21cefa98cda463fb1b3f26c077d,daducci_amico
554,e400917e80546d59e6199ced0ec1bd4829ea6cb0,daducci_amico
555,e42ca442b97db36c6a88a2ee19066e9c68aa7fa9,daducci_amico
556,e481f79914c13d07b6ee56226c5513b94531c8a3,daducci_amico
557,e4ee98823efc8e9dc1626aa0adf53755ea768aba,daducci_amico
558,e506a34967ec43a99d6dea96210b1cb48efc30ca,daducci_amico
559,e5d30f3ac5c591a47d59c383d7cb55fdc9c35bfb,daducci_amico
560,e5d857dd4688f5cbbea015f1ea120e7ba2d22190,daducci_amico
561,e65f8c35904051cdf6e7b8320c7a468447f0bf2c,daducci_amico
562,e6a15ee7dca29ffb07538a9c0341d123f0f31463,daducci_amico
563,e6be1906df5ee5c696acfa5e7293f5474761a3dc,daducci_amico
564,e6c07d9258bf1158dd6b809da8f21af1ff278798,daducci_amico
565,e716e4d7687b739a8d40a2354d1df38d23d83465,daducci_amico
566,e8050f547fd1a60cdf48e49156874801bebcb615,daducci_amico
567,e80f88eec36b72c0170888b62fbb38a72dc3d132,daducci_amico
568,e8469ccc579a6e2f93bc63fc5f7ad20ee01b9367,daducci_amico
569,e84ecae7ba14ca1b8bc4e63fa47d3b9b5cd1176d,daducci_amico
570,e9418e2ce1b04a84b274302babdb73916f6f93df,daducci_amico
571,e9960ad403abd61c9c40e8cbe703120095d5ce32,daducci_amico
572,e9bd9c1523b8c89b35c9e68720d0ca4b5e0f6c4c,daducci_amico
573,eae48ce2825502698c3bc5d87923438fcf717031,daducci_amico
574,eb719a18137b811e5860a22b9b92bf8b5e69b939,daducci_amico
575,eb7cd4aac790393f7578fc9400f3b856ef698f86,daducci_amico
576,ed17fc4af464a4d50841029f50a7b6b1cb52fa2a,daducci_amico
577,ed1927784b4d0d0f01c79cf9d2d443f9ed08906b,daducci_amico
578,ed214247abf4c322d7b52e1d3a5216189b48f7c1,daducci_amico
579,ed83ce557dd37490bd19c17183f3bff424e1da75,daducci_amico
580,efffe200fb8f5b95f0f7334a664bef85b3f5e3a0,daducci_amico
581,f031b1593d7782c6efcbc5d1309ddd8001914188,daducci_amico
582,f0641bfc4e135be1b9aac1a19bc6255d1d665f41,daducci_amico
583,f06f581fd4c20a612755f02cfa77408d50332025,daducci_amico
584,f070c23dac591671b949b834b97f4842252e0c9b,daducci_amico
585,f0857b3ed5e8918f468ea2cd79b9b14efd74aa47,daducci_amico
586,f09a82b9314542c71e6f230b466b00e0b9549f89,daducci_amico
587,f11e71e1ea519516a3b166d982dfdb3fc6e24260,daducci_amico
588,f283b23ccfc1d08cf3fc54385efac29635a75962,daducci_amico
589,f32024c75584b6bb45afeb43066785dc41295a95,daducci_amico
590,f4002ff7d2da9259204619e038333660c58f2635,daducci_amico
591,f45fa4093989fb1b4cc9033a6c46223bc1ddbee2,daducci_amico
592,f488f4b15fbfa8166e7e3ead37f5ca498c10581a,daducci_amico
593,f4f516040ff7abb4b4bd7d0f4dde36acf67de432,daducci_amico
594,f5245214b402ca5c1e2b0aa849a5c430eb07d7ab,daducci_amico
595,f5a73af93cd36274d39ab229a2b35bb07ea24a02,daducci_amico
596,f5cd04577a75101fb3af46201a9dfd727f4c8a70,daducci_amico
597,f7a96748656f7741454fb5aaaeb40168f9779d40,daducci_amico
598,f7ecb5268a625d6cbceebf04fe51e0b3bcac49ef,daducci_amico
599,f7f3768bd5245476b200a0da9ed88c0a4dc5826f,daducci_amico
600,f7f6c90933afa228d638440592a59a1fc7ebc37f,daducci_amico
601,f9523b249940a2805f0f545f69c2ca199fae8469,daducci_amico
602,f9cf67d6099b8eed906a1a1a29233df50f6e52c4,daducci_amico
603,fa1ed919f7bb79de95c7ad81bb772e3067b9801a,daducci_amico
604,faccd73a01cf76c5aa593b302a5efb60ecb13a13,daducci_amico
605,fad6ac11447b1190bcbd5603d888234cdce8c1f7,daducci_amico
606,fb21fdb67041b831463c23882de38aaa9ef0fc4a,daducci_amico
607,fbb8bc3ff1ab93faa1eed5659073de0cc245948c,daducci_amico
608,fbcb0e4aaa0aac86a519a9a9cfbbef7d71739ac5,daducci_amico
609,fbefc3d6ec9ba587873a5c023aac89cad068063f,daducci_amico
610,fc0758eb9fb99ddb9db1eb721940c353d4df46b5,daducci_amico
611,fcbe9d36c45c9f0545b51961018455cf1f8aca65,daducci_amico
612,fd37163f52486ad6331cb1239fa771123ed25462,daducci_amico
613,fd5ec27d62692f058b48d9e783acb4084bb83ba7,daducci_amico
614,fdcb630a9cd2d113eb73dc8c8002df90cf89dbfd,daducci_amico
615,fe0581bddb969704db57076d233f3543fd3fc475,daducci_amico
616,ff0b37346e4b48c2e36a9e1a28d0d95058800d8a,daducci_amico
617,ff0e927f79060806283a5e6029d207cc054b46c6,daducci_amico
618,ff8ff257309765319564f30484fdd8aff323532f,daducci_amico
0,000fd71de4f908626c639c75cd8671eb9dafe94d,yangjasp_optimall
1,007ec99b3e4b48d2a607de7e47945272b90586b3,yangjasp_optimall
2,008e2d1b48c3b24e968d68ca8d9ef97386c7c42b,yangjasp_optimall
3,018143ae372d2f208d909def7a0cd7a32342209b,yangjasp_optimall
4,0244645b1b921a2fd0b14412c0ab72b7e9867565,yangjasp_optimall
5,045e4dae8a199914dd3e18ca5b3962a637bb20fc,yangjasp_optimall
6,0562f08da003d2432322eb77ea86290217c82348,yangjasp_optimall
7,057355a628b3f9255a0945f9e778b25c4e570506,yangjasp_optimall
8,05d084f0ba6ceb945d2711ff77c68dfde2b2c160,yangjasp_optimall
9,05f90c8d6b7b9f319a1a8df353ceff9edbc5c52c,yangjasp_optimall
10,063847b3c61a9398cf4c8c3aad4baceff8ca2d35,yangjasp_optimall
11,06e34180f8cffd367092bd77a583e8b872e905ec,yangjasp_optimall
12,083b4430894e01bb205a32f29c6dce2cd39105e8,yangjasp_optimall
13,08a67838628aa708a4779f6be807a31b260c343f,yangjasp_optimall
14,08ddce5ac4004d8ecfa49e314ee81e9c02511261,yangjasp_optimall
15,08e245347a1168ba606116890f7fbe23da017bd0,yangjasp_optimall
16,096364b82bc36e587b7565ea65be707904b88fb3,yangjasp_optimall
17,09831ad34c25e66249c0c72f2752d4786df39d5e,yangjasp_optimall
18,0a15f512f1edb8e7d42a5d62095cd679a9f81a9c,yangjasp_optimall
19,0ad94f9ddf6589542d00761d790eab34735c01c7,yangjasp_optimall
20,0b0c4b74e92c8849872e67511f4d12bbcc1730a1,yangjasp_optimall
21,0b66f57e06291c4fc5ac72d26cda3af9a38eb753,yangjasp_optimall
22,0b8e285755ffbd69d44f44ba9f4004e96862e780,yangjasp_optimall
23,0bac8ecf3d9ddf772edf2ceeae708a8b03f454ca,yangjasp_optimall
24,0bef7ce6ca57b438563af423cdc13f411cd213f1,yangjasp_optimall
25,0d323c2ded8bf1dfa66cf497bad20752172207a4,yangjasp_optimall
26,0d5e6656dcc52d211f080809232f4c14bf3e8150,yangjasp_optimall
27,0e65b1495ad0984c92399958cf8a0f0555648d47,yangjasp_optimall
28,0e8a9d493e18e63d31431f97665bfcaafb13218a,yangjasp_optimall
29,0f1b75da22475eb62f06972bcba8eaeefc25575d,yangjasp_optimall
30,0fec31b014a66cbad4cd5f87333d69b9d62053af,yangjasp_optimall
31,1003af42266a5a9aede34438850f958954e5849d,yangjasp_optimall
32,1012bae08dbaef7045bebfd7c639aaf67c9eee8e,yangjasp_optimall
33,111adea8fe29241d18e574195123365fb1d3d1de,yangjasp_optimall
34,112552f4b5bd1319b09fac1c46cc8165fc46751a,yangjasp_optimall
35,11c239198072112e7d9abb1bc1edd06e0345d5ee,yangjasp_optimall
36,12c2f6314598e50df191943ffbf49d03998fc18d,yangjasp_optimall
37,132f061eceef972fbc72c09b689c4328e2fb1240,yangjasp_optimall
38,1396f5462c693f8c6a113ce5ab0935b8193bf08d,yangjasp_optimall
39,140440ec2338ef1b73ea5f6ae0ea8d25fea3394d,yangjasp_optimall
40,1554141e5f1a8e919284d2041e26fdc813c88f47,yangjasp_optimall
41,1570ee194867741b267df875c31d99ca5c89678c,yangjasp_optimall
42,15dad923719c5ed4a795f299afb3abc6c9d2cb2b,yangjasp_optimall
43,15fb955e1febe552175d74f7c64076932fb7beae,yangjasp_optimall
44,162dcee80103aaf2ae5b81c89bf04367366b1638,yangjasp_optimall
45,169bcdebeac0c05eb4ebedb880defec15b155d2b,yangjasp_optimall
46,16db8cb3a7a9cebe62aaa193edd4836dc4011ebf,yangjasp_optimall
47,1740584fc778e27c98c6581002134ae31d5532d3,yangjasp_optimall
48,17cda40a0e30e55c98791281475431eb0b0204a9,yangjasp_optimall
49,1803a7c9dbd4959d3c9ade22947965d70d370317,yangjasp_optimall
50,190e4d462197ad61ca960254941df8692f04913f,yangjasp_optimall
51,19a0e2be53c56d5231cb7fb68654ca7adefa1664,yangjasp_optimall
52,19ac46776d20027130cb2a4bfff111632946b44e,yangjasp_optimall
53,1a1182a09b670eca713a9377d5a4571df25d60a9,yangjasp_optimall
54,1a1bc3d89f6eddd232d8c8d6546538a067579ccd,yangjasp_optimall
55,1a38f886d25a8f208657acb34fde3755a6c3c94d,yangjasp_optimall
56,1bb02b464d3c2176cdffb155ed64a779abf297ba,yangjasp_optimall
57,1bb8ba74ce1e1e2f724d0d9d3d1fb2431e648ef6,yangjasp_optimall
58,1be61dcffce783ef8af370ce2bedab201717f439,yangjasp_optimall
59,1c9df396c4bb14322ca8a470e9a458afca03d2c9,yangjasp_optimall
60,1ccfd9a63dd045f0e629b205e1efb7247ac08979,yangjasp_optimall
61,1cd84ef9e471c4fa71c1ca5dbd14734f1ea656df,yangjasp_optimall
62,1ce108f56f4e0341680993655c0aa85e61017553,yangjasp_optimall
63,1e380a60d911bd216d7099039f0ba5806585250c,yangjasp_optimall
64,1e4fdf1a5e45cdd0790796c413461fe463890002,yangjasp_optimall
65,1e9a81a1d45a73e6e3407a8f8f826472ee231138,yangjasp_optimall
66,1ecfe10eaf36f01c5ca117943244ad79086eecf2,yangjasp_optimall
67,1f010e89e1e72bb67fbc28e64cc77bf746f9dc06,yangjasp_optimall
68,1f890da146968fdbe39d4c0887567a0810c4c609,yangjasp_optimall
69,205858ef66786a01e04396f24525b4ce9d49f87d,yangjasp_optimall
70,213f7aab4659e624d99977a6027b3a9619e751d4,yangjasp_optimall
71,21ebf6209e28ec9685e97151717972c513aca913,yangjasp_optimall
72,2203d6b30438792c1e96cd877d1078ca9ea7262e,yangjasp_optimall
73,2213520f49410d4775991fe5a503ad746833642d,yangjasp_optimall
74,22488a0693f9a3cb386ab726dc215bf7e48860c2,yangjasp_optimall
75,233b726876581dbcd9199810524b578876caf674,yangjasp_optimall
76,236a3fddd16410f3c1050b5ca4ca68c10a2f2914,yangjasp_optimall
77,23ce60faa498c8a70215f345d84e7cf7fb7882f3,yangjasp_optimall
78,2455cc79648ba167062acf85dd5f4898f3e397aa,yangjasp_optimall
79,24e549df5c5715c61383b1b1565013184677ef12,yangjasp_optimall
80,24ff2e399e010d5a312e4ca037389505836cfbc2,yangjasp_optimall
81,256bb51b1ebfa1e58cdd3127a817b04105b57c86,yangjasp_optimall
82,25999acdfac572556ca14423e6a0750b8a06c3ad,yangjasp_optimall
83,2604c8f43b4ef4dd0bdf2e42d2bc1ff508c904cf,yangjasp_optimall
84,277133329bd4cb9cc063fb5ede81540556dc1105,yangjasp_optimall
85,27c68c036ec075896d3ac8486e8245a1dc7b749c,yangjasp_optimall
86,2a4b5e5d5f4630ce4331ead3e56785ef76d39594,yangjasp_optimall
87,2a591862f0a72b301ebfc1e8e994261ae03545b2,yangjasp_optimall
88,2a65368034d2abf26d3d2b87db82c4a4e6f00a14,yangjasp_optimall
89,2b5a0c5b97f38c7f46a45099c7faa5930479052d,yangjasp_optimall
90,2ba755e3b9fa9ee4190f929a521196766acf649b,yangjasp_optimall
91,2c29cf099d82c99e53b5ebe59e3ead7a032f8c3e,yangjasp_optimall
92,2de04355c3da5dcf41c41fa2d58f346ca0f4fb05,yangjasp_optimall
93,2e9a17ce3975a70ff5cb55c2b915fedff5ed85be,yangjasp_optimall
94,2f00228315c267cc892ceacf2aa51fc94cfd985c,yangjasp_optimall
95,2f0b5b87dfc35dcb744f5fc13a928ba44e3c70e0,yangjasp_optimall
96,2fb297d8ef4e2544c2987ff26ea4be8bf38e570d,yangjasp_optimall
97,3023809e9a4e7c08149a08bc3897a39eaac7fb50,yangjasp_optimall
98,310b2067edc801591799de0137a554e0775ee3af,yangjasp_optimall
99,3137b5ed3f69eacdc05e451332211a7b9b433053,yangjasp_optimall
100,31cc388ca613549a08507e6961da6c0a39dec1ed,yangjasp_optimall
101,31f615c9fbad3bf0886d43068601c2accc073662,yangjasp_optimall
102,328d0130a2eb85a88e9f283226a570a28fe029f6,yangjasp_optimall
103,32ba3c96ab5a357635fcfd9222954a826ee76738,yangjasp_optimall
104,33af2d0d9bc0613d14ffa9f3b5d5ffb0ed8aedd5,yangjasp_optimall
105,33da3c61099743aa3a0c4f023008a4ebfed29e41,yangjasp_optimall
106,3508c36225fabb93b5665d405b437aacff16a5cb,yangjasp_optimall
107,352bbff832d8b6c807cd50fe4a8822908f117c57,yangjasp_optimall
108,3548db98c791a7452bf475836fa0adc763d0567f,yangjasp_optimall
109,35d6131fde8ffc250febd6a2cd60945e30545f39,yangjasp_optimall
110,36cfe1885be7f7895bc7823990e65f54ac09b05d,yangjasp_optimall
111,36d0201d9ff9170da40d7b9b2acfb17ae3397690,yangjasp_optimall
112,37991a934d702a65ea4f30fff7acbfe3c79de3aa,yangjasp_optimall
113,37ecb36ab7e1db3efeca4aff70ace2b34a12cd37,yangjasp_optimall
114,384ac59da2cb68120e8c3f71aab351a1181696d2,yangjasp_optimall
115,387d17088caa2d8dc91b07781718e09afefd14bb,yangjasp_optimall
116,391dd694b14e42d9d14a7eae1bc4c25da0372e9d,yangjasp_optimall
117,39315fd927b9af8abb77faf90e803d0032664e55,yangjasp_optimall
118,3939ead95e3d71f524336ab87e892ae4d3643663,yangjasp_optimall
119,398779ff2d7ce0db2b41dca57c436db077756ff2,yangjasp_optimall
120,39a376d3477de715aad7a696682f96edd13796ad,yangjasp_optimall
121,39c48052634c1121011691bee586c6e45be04a53,yangjasp_optimall
122,3a324782ed2b61bf4e32efcfe3f56c1cf58f3a85,yangjasp_optimall
123,3a4b266212bf403f27791c6e98cca2902c5a983a,yangjasp_optimall
124,3a61e47847d60d2ec31a8a8522f957d0a2cc33a5,yangjasp_optimall
125,3bb5c4581abb6fed3f2b4e94d35ebde8ef744b29,yangjasp_optimall
126,3bde55e7950aa1522913ee49939c2d845195334b,yangjasp_optimall
127,3becd5a945e6958d11931575a7eea3c0576c2e16,yangjasp_optimall
128,3c1f25e4ca75672dee38fbf19c9673eecb034404,yangjasp_optimall
129,3c8f06e5bf1f8aa589da17c63d00b424733bad2e,yangjasp_optimall
130,3cba5158dbb8267178fe19d6d5b4e42e8eae12cf,yangjasp_optimall
131,3cdba1260ca570bc8d95d9c2b29b2ed973588f7f,yangjasp_optimall
132,3d7ac1440a21dcc098a2c552440f489456a9b7be,yangjasp_optimall
133,3e2b883683172b623d5cf45de0dbdd95362490c6,yangjasp_optimall
134,3e314c64bd89f15797a00c28c5c70f2f4d0d6ee4,yangjasp_optimall
135,3e47b123fd599df87b0bc94533df4cc57729c99e,yangjasp_optimall
136,3e682f2aff100d194dc42fd6ce7fddc6fd9733fb,yangjasp_optimall
137,3ee59178cc71f30d469676850894228d63253ec4,yangjasp_optimall
138,3f11fa9f3d6f3e04e2a122587898ae31788f2fb3,yangjasp_optimall
139,3f7e27e53617f845a0e0acdb9a4446d09a4df5cc,yangjasp_optimall
140,404fdd0a2545b2cc147b45a991b1a5cba280ca85,yangjasp_optimall
141,40c013ba12a6ad7945dcaabfac32e32a5ad3be7c,yangjasp_optimall
142,416d7a563e33c7825c75350557c3399f7457ddce,yangjasp_optimall
143,41e2fa98e54d8f4ef09121ccf38c3016f6ef2373,yangjasp_optimall
144,41f28413c0cb440a3c71069ff8370f83a1a1e0b8,yangjasp_optimall
145,42137f18e634106f45142c4c6f0b3d45cd32c6af,yangjasp_optimall
146,42ead221f0f94d7e94bf5962293d8b25498d085e,yangjasp_optimall
147,4365634d00216c8ddbe9ff3941f980a3c1b1281c,yangjasp_optimall
148,442932d7622c0221e55b02cf9d8f657431978e6e,yangjasp_optimall
149,443dafeb28d12dbd809eefe1a839e86f29b1a783,yangjasp_optimall
150,44431b8804a1c89dc110af2cd3400878532ca70c,yangjasp_optimall
151,44ce40f5efd025b314cd6a4440e67ae83f11f189,yangjasp_optimall
152,44f0748513da67b419e652ea8bdafb7f6cc0ef14,yangjasp_optimall
153,451e15d48ead2dff220bee1dfa9f523c612ab672,yangjasp_optimall
154,45407d6bce807463aee9e5a27441ca1564a2d6f9,yangjasp_optimall
155,466ef83a9dcfccc1009e16968f666bff75c1f9bc,yangjasp_optimall
156,474386df5a705e5b8f6e94a23382390c09e3e92a,yangjasp_optimall
157,4753843ae87383e363d05833ae21f99bc56b9749,yangjasp_optimall
158,47b9a1f4202465aedac9619b35fbe78b9c14f47c,yangjasp_optimall
159,47e27d393717b2adb01d01555db3949edfdb2be3,yangjasp_optimall
160,486061bf91c39eeda15483f65ba870f89ac38309,yangjasp_optimall
161,48f0124676e62b675f71542f0d8619d5660619e6,yangjasp_optimall
162,497d35a1c2b2efcd93e7eb7f69d0cfe1cd161a9e,yangjasp_optimall
163,498107c5a06351dc21b5182c1d75920db58244ad,yangjasp_optimall
164,499d43c40211358bfc76dd7b00dc2d28088e0e5a,yangjasp_optimall
165,49eba117a217256a0a830797b305ac721b2f2efb,yangjasp_optimall
166,4a5aae00ade0e28f2786502a218efeb2d0e0b902,yangjasp_optimall
167,4b75c536e83973682fe5ac0f3ca0b3075cb6abe0,yangjasp_optimall
168,4c5a865efb60a9fbb4810022292355caa7adedea,yangjasp_optimall
169,4ed31fbe4039525403b8f274f693111711050ff8,yangjasp_optimall
170,4f63feeecedfc6f8df0514fc857121ffa8844936,yangjasp_optimall
171,4f7b0bb6b6aa452a70312cfbe735e18f9cb7213d,yangjasp_optimall
172,505c394eb2aa54077b9942b8f38a495370ce943a,yangjasp_optimall
173,50981fcf3cea9f46cdd6c705375c400308fb59ab,yangjasp_optimall
174,50a374908f551ebad46bfac7ffd5b40209f32dda,yangjasp_optimall
175,5169e9770961ec49f5979fe9ed335f8e40fe780c,yangjasp_optimall
176,517d247e249830bb8feb342d3b7047f719008087,yangjasp_optimall
177,51891b8bd75b5de179dfcb32fa3a1e1ef1b5ecf8,yangjasp_optimall
178,51ba27edf9d9221c04c408aaf69e9bf9c31d0733,yangjasp_optimall
179,526ae6d34a0d60eb198d2f35c01f79bcdacdffc8,yangjasp_optimall
180,53023ccf9928fcdf6fea943a21d348a1276546ef,yangjasp_optimall
181,537639c24358677071e6d941d58257e8f8838ace,yangjasp_optimall
182,53792335f30557fad780e31a84f7a7193fda4037,yangjasp_optimall
183,54839c0414b7912ed8cefe4931782c891bfaea7a,yangjasp_optimall
184,5564030dd62b3c7ae1ff7d290844bcf263155019,yangjasp_optimall
185,5589b7a522a68dae92c480ed606e64299bcfd240,yangjasp_optimall
186,55aaabb9615882628d189a6bf1a5594e3e3abec1,yangjasp_optimall
187,55b3aaeef8da1e84b4e93d3a24f00fed220bb2a7,yangjasp_optimall
188,56657d8ddea334d4610f42374f355f477407c0da,yangjasp_optimall
189,569d794b391f1639c9bb4e3c3acee55385d08c33,yangjasp_optimall
190,56bde3acdff3d7e9b3c08c8275502729a072fb72,yangjasp_optimall
191,56f5edb083f7b7f53dc993d60f87e974827f8489,yangjasp_optimall
192,5717d30eee223e9718e462eba7a0c33059489bea,yangjasp_optimall
193,5759be3b23cc84e0692b013f4123b9f5630ef6c8,yangjasp_optimall
194,57dab62aa423988747c4385da2b54686bd448e77,yangjasp_optimall
195,57e8dd97fa4cc872c0fa927f2dcaf4019fb2e5ea,yangjasp_optimall
196,58236b50f7b04617934f79f4ba49ad7d8473424c,yangjasp_optimall
197,58d124511849ced1cd2df2c1488b1cd45cc89e80,yangjasp_optimall
198,58d22d242af0aa44974de5a9ebeaab92700cb5b8,yangjasp_optimall
199,58dd47a851fe45a9330d75ae0bd9b77673193202,yangjasp_optimall
200,58e702466da6757889ff14eb13da6452cde38936,yangjasp_optimall
201,596374e7130c5914de67c994f190773546f8afc7,yangjasp_optimall
202,59e92124dcf1ae8d2e3b3d8ee3633d6143c47ec5,yangjasp_optimall
203,5a054140d3def5397ff55469a74e5c7918d452fe,yangjasp_optimall
204,5a326a4ddb92714f496c3c9a213b8fefab7b01e3,yangjasp_optimall
205,5afed09d38a6591e18af52d5f5c90ba10ea811f2,yangjasp_optimall
206,5b0f66026ef36d02e0ebe35d22caa557b43616a6,yangjasp_optimall
207,5b0ff70d22e23fba192eebb4a4d9b29fb464aaa3,yangjasp_optimall
208,5bb1df89cde2815c066f652f872970d0ee82bbaa,yangjasp_optimall
209,5bce8dfc776c855a588e4dba44da13f8b246aa8f,yangjasp_optimall
210,5c200bbf165daffd03031b1678b53e68eb73c242,yangjasp_optimall
211,5c4c863eba0b5ee5cbe78a4b281c5efc6d1e4717,yangjasp_optimall
212,5c7851f9ef41af5a50dec6b9885a757040b6812d,yangjasp_optimall
213,5d07a93b256548c6c3ef6ee41d35186768d17e70,yangjasp_optimall
214,5d46954708d19e0f5c20767b0d3bf35202158f1f,yangjasp_optimall
215,5d9181da5fb710a91da00b05f3364e5a78d8adfb,yangjasp_optimall
216,5dbc5e78211f652db6a4ee44566930edc717fc7f,yangjasp_optimall
217,5df9d0d6c961ccdbcaae50173fd5b29406a64f82,yangjasp_optimall
218,5e441188f33e749e331c8c63edc5385d410ea81a,yangjasp_optimall
219,5e68dc4c68c3536c3f46c442826ab9d7b55dd1cb,yangjasp_optimall
220,5f782e7a3ebce41359d2808c28b18a4d92e6df33,yangjasp_optimall
221,603a85200bc87573733692cb3c8a0007848094a5,yangjasp_optimall
222,608c9abe9e89c2df3dd8b3402e9195bada730318,yangjasp_optimall
223,6152a5772523cc079f35170b44cf59dc9ee400c2,yangjasp_optimall
224,616b1055cd3e743e2323d17393ddaa9906656f4a,yangjasp_optimall
225,62ab2c42013804ae73d6644c721d440a37382c37,yangjasp_optimall
226,62b8d5e2dcc58778ae6d499bf5f6f9a534e8fa19,yangjasp_optimall
227,638fc39a367e9bb3ba0ddd50432097bd41c5bfff,yangjasp_optimall
228,6480a42c04e63711c74859571395f58a9bf2b3a4,yangjasp_optimall
229,6552f5505baf5f99a6d0b208a27d1447c2f751fb,yangjasp_optimall
230,65677a0a3539c00be98a1d08d2a8731c3a3cdb2d,yangjasp_optimall
231,6568456abdca38afe3276f659049668f2305bf2e,yangjasp_optimall
232,6644584f0d04a5255d580280273713dd7d89be78,yangjasp_optimall
233,6681311da314ea9baa45f5702bb9c0dbb41e2840,yangjasp_optimall
234,66964a0b816b256c601bd52ed2b6bb3584da6071,yangjasp_optimall
235,66defb3ecd070a5c4dc60c848f2215beed036f22,yangjasp_optimall
236,66e7b01e696f039f0400072de14db497f78325f9,yangjasp_optimall
237,674bd0ddcfa923da12adf5c17e19768ef96dd699,yangjasp_optimall
238,68d95d22c6437beee3dfe88a259f0896f9ddb5c9,yangjasp_optimall
239,696f6ae5270a2b7c5ad043098ba446fb8db0513a,yangjasp_optimall
240,69880d20652dfc66156f979884679861def45234,yangjasp_optimall
241,69b846f8657115b6a66b0a1a31273f0aa15e9275,yangjasp_optimall
242,6a0605e09810a306ff03a0e752fe620e3af2edcf,yangjasp_optimall
243,6a192c9f1cb077b23eb6e17fd9566c01d693ea65,yangjasp_optimall
244,6a370ec30fc390e7c0a673afabe5cd35c01c55c4,yangjasp_optimall
245,6a4289b41421a76d99e5048380bfb4d7c87138c2,yangjasp_optimall
246,6ac3e77df26ee5ed940b8119191228407a383605,yangjasp_optimall
247,6b43720661499e5bf1aa7c5ef401d6e9b12541a7,yangjasp_optimall
248,6b65d4cecb0234a0ff9bf3168056429c5a9acb02,yangjasp_optimall
249,6bd48f8519460fb927b435ef70914e0dfa9eaf98,yangjasp_optimall
250,6c479ddf5e382167424c343daf136e0c67e65518,yangjasp_optimall
251,6def5816f362b5bfbfc3998667d0ae96504169f7,yangjasp_optimall
252,6e2c7817b02376489f752564858ad4dae30bb162,yangjasp_optimall
253,6e95af94750657aede9c0f9114a9856ada99b83d,yangjasp_optimall
254,6ea00b440e89901e39fa112ff471aa663a39236f,yangjasp_optimall
255,6ebb7a73cd81138aa99bde04315748bcb4c5a300,yangjasp_optimall
256,6fbd6544c8db2818308d60a927fb5b60e2eebb00,yangjasp_optimall
257,71202bbb159e73608a4b50e8fbb8d4efdd95df3e,yangjasp_optimall
258,7134abebce1f859a28427031eb2d517af0362270,yangjasp_optimall
259,72ad23aa3e1e1acb28271e653a390d1fdddb8483,yangjasp_optimall
260,730f32d9d682540d3521773609f58dc3d92f028b,yangjasp_optimall
261,735927d7426c293e126141754bfc0b5f54ca2969,yangjasp_optimall
262,73aecbecf707b798ebb61ea68405fe5dc430afeb,yangjasp_optimall
263,73d21d92f62c042a03617d6551d2f75940003caf,yangjasp_optimall
264,758caf7acbdfaadd4754b13670b54aba3a9f6902,yangjasp_optimall
265,75ab29f042755b230e150f44093d916bcfaaa024,yangjasp_optimall
266,76b686b7e41c066e39cd18d531e40fb8b10ba1ac,yangjasp_optimall
267,77927d6fff2053bf8f89dc7532a1fc5bd7c63d1d,yangjasp_optimall
268,77d21b8dc73779eb272ef3f96f9aebb8c76bde7c,yangjasp_optimall
269,78b2a7e6e995421d7f1f5dc67c6d3c9175f284a5,yangjasp_optimall
270,78e6e5d56c8ddef7a85793201d09ba19b5d7eb14,yangjasp_optimall
271,790807e5a1ba33a0d7384ae0202f3835559e67e4,yangjasp_optimall
272,7927ac6b589b5d835a145ebd1b59f81ed7b36eab,yangjasp_optimall
273,7983fce93d5fdb27b7deed9e04f7178140a02384,yangjasp_optimall
274,7a16cf38bb904fc4b52324ebe52601f74f3be342,yangjasp_optimall
275,7a2c985991a52b659d3aafdbde06edacd82d86bb,yangjasp_optimall
276,7a79665137068c7ff7d28090508a18a4652b82ad,yangjasp_optimall
277,7ba1f5538adf2898fce51efdb0c5e358ea22c953,yangjasp_optimall
278,7bb5ff86bf5733124b950f381d1f8e5b787a8964,yangjasp_optimall
279,7bc3c30df70be089c2b8e5013c909b3e6e4a77ae,yangjasp_optimall
280,7bdb7a70fbaab0024666bf8eca3aa12dece69b05,yangjasp_optimall
281,7c69353d2671b464f75aaa2796a74e47459d80ec,yangjasp_optimall
282,7cabea1fc964edb621e0810ccc88c26b9c533583,yangjasp_optimall
283,7cc5a13b438f5c2f5404b8f678ea4b854bf8df7f,yangjasp_optimall
284,7cf74da2f2fec06c7551f290f572ee08e8e55383,yangjasp_optimall
285,7d553da8f22b6f458cac0fc0c304da0b7dba7cb9,yangjasp_optimall
286,7e308a6ddbaa6636cf74f7d6ce21243cbac4f3f2,yangjasp_optimall
287,7e3344ab07dc4c9adee03fc6d69e6a7ec3e9ebcc,yangjasp_optimall
288,7ec3f38bf92c26ebaa88cb7440aed8c5587a55d5,yangjasp_optimall
289,7ee7ae452a9b6e0c8341521d0ec118b0e4773587,yangjasp_optimall
290,7f0af012c32f993ec25d8798c1ca3d1dfade7259,yangjasp_optimall
291,804b91d9b8b06f9724a158eabede447eb03d6df0,yangjasp_optimall
292,81c00590dce3e011256f1013a30d1a2b66e94eee,yangjasp_optimall
293,82e8e19066385dd9ecd1c5aa4acfa32909db77b7,yangjasp_optimall
294,82f00dc7e707cd0db1be4f654933c7811b6630a1,yangjasp_optimall
295,833857aeeb70c9224ff63d034f31e0e0b7e04eb2,yangjasp_optimall
296,83502e64831bfb079a99638aaa31e7bdf33557f2,yangjasp_optimall
297,8376f2b305cdc6e6160b30cd11ef4e83680f3d53,yangjasp_optimall
298,837b6b0b56cc5a619ca41ce68b0cb3b59d70c427,yangjasp_optimall
299,839c18242a4dd24863b988e2ef32e0cea67ab53a,yangjasp_optimall
300,83dd4c939cee85137ea216ba8202cb61f79817c4,yangjasp_optimall
301,83e608a898f0c6d29a063fb5a2c0708acd2b9705,yangjasp_optimall
302,83f478fee879284bb3949661feac52152d78c01f,yangjasp_optimall
303,84a5fc3bf36b01dd53922ad7e880a595ce5f3321,yangjasp_optimall
304,85005317c27b08aa5650fbe4c63d75820f764614,yangjasp_optimall
305,8507a861a57c39e6f4995a4ce2e0b1fedb8b7198,yangjasp_optimall
306,852c0c82dc58064349ae29c39cbc8e2e9c963843,yangjasp_optimall
307,86806c6cda9253b3a4c657bd3399c449932afd1c,yangjasp_optimall
308,86bd7a97c78c81f121102374800b9ef605f94a2e,yangjasp_optimall
309,87d66f01a96c81bb8cbda0d90aab56655bb53310,yangjasp_optimall
310,87ff297272223c761e0f64a2e4f452015f225dfa,yangjasp_optimall
311,888148e1d6828e130b1fddae7f5f986d012f80ff,yangjasp_optimall
312,8898cb0bf312b04d4ece22724a05923a4af64301,yangjasp_optimall
313,89a8d23c6943e377537f89006a13b83890987e75,yangjasp_optimall
314,8a7826b1ebe98c12fd25a9cfec9f1d0f58e6f60b,yangjasp_optimall
315,8a875c4a2d5bdde2510a228cf161bd73e73a1c94,yangjasp_optimall
316,8af63d9f22cdf21f33cf5307744a4b3f94fcda47,yangjasp_optimall
317,8b3bf1aca30eee08233f472bd3e6b4251d9b8fec,yangjasp_optimall
318,8c17828de584fd9e43d59408e06af300cf5cc230,yangjasp_optimall
319,8d24ad981e34f577136fd3f0c4c5a0067971b0fe,yangjasp_optimall
320,8d26f551a65c5375d5629ed802a75043c7894506,yangjasp_optimall
321,8d4f120e1fcc685232d4bf4b5e44d5b77546a841,yangjasp_optimall
322,8dccd26d4d461ea63c21fb100471d4b173b29218,yangjasp_optimall
323,8dfe46105a10319115e3214c731845064e2c8871,yangjasp_optimall
324,8e68ed6620ce0c889767226dca752c76f74f21ea,yangjasp_optimall
325,8f3ce44218b8c4aaba93180f9691ba0a941af0ad,yangjasp_optimall
326,8f3d322df98b10802d175cdceae9ed959d109002,yangjasp_optimall
327,8f3d33c7413f6c796329fb9ccf4f7b13acb3d8dc,yangjasp_optimall
328,8f8f5e1947ad22276bab73630b49b20f663f318a,yangjasp_optimall
329,8fc98c287cca549791e864fd04819b492a0f86c8,yangjasp_optimall
330,8fec6f5352d0e89692454538e1052bf90e169991,yangjasp_optimall
331,9272aa73ec5b8c294c82f173899346b3cdbabcb1,yangjasp_optimall
332,931d41a1ec67be5ea32fbb55cfb89382c6711108,yangjasp_optimall
333,934ace208516c39bacc7d678a4e1b9e5280e25b5,yangjasp_optimall
334,94f733fb2a747c8c3d1a8d6146cbfd04efcdbf03,yangjasp_optimall
335,95740518780b9ab48644a987a489b27486f843ab,yangjasp_optimall
336,95dc38eeaee833370982d0760c4c76de8713e8b1,yangjasp_optimall
337,964c2ee3418bf6372bc5c0645fd07cb9e48ecb55,yangjasp_optimall
338,96de728926877f6dd6c6709ce5e8730fec8db588,yangjasp_optimall
339,97694ea40b0748d4b2564a2a90e9f66d947090de,yangjasp_optimall
340,97a8601c7544ce3370d070fd2b4406e0fb4b81c0,yangjasp_optimall
341,97f4fe7e2964601b45742bf52f14d931af361907,yangjasp_optimall
342,983c86b5992c6aad0e8fe091767bd40062b687d8,yangjasp_optimall
343,98d3a579adebd944919ede05d6eadceb2a09be82,yangjasp_optimall
344,992fa3f6eb3e3aa5e6d2854900fb3cbabbad7fd2,yangjasp_optimall
345,997c0837779448f27c42111a9028851b835acc08,yangjasp_optimall
346,9a07af27899d3845303df23fb0a5fcc4dceea9a6,yangjasp_optimall
347,9a8bf669fa263a2e535e77f28762ad1dfd999b6e,yangjasp_optimall
348,9aa6ac69a9b0e402de96ad13c5dbca9b4058fc81,yangjasp_optimall
349,9b23a388ea3b4f9487177246385f1797b3a99126,yangjasp_optimall
350,9b5c555ae5a1a6360db73c2bda8216a31f53657d,yangjasp_optimall
351,9c85371a09848922b00e5c0358c34e6497a2a0e2,yangjasp_optimall
352,9cb3731cbf31f69e0de2cec954d952531b5c2eb9,yangjasp_optimall
353,9df9607a14a01a2ab52d2b883ffd976f3da5446d,yangjasp_optimall
354,9f61dc8bf0ca432225ad7ac97c316a19d25f64d8,yangjasp_optimall
355,a05f2355a1019a7449d058d91284750394e5d8dd,yangjasp_optimall
356,a0b271dd47eff2c5fff901b80ee7a03e92d5c6bd,yangjasp_optimall
357,a14c56ce6e9b84aa03f77005c154dc232f5eac7f,yangjasp_optimall
358,a16b6a6d8b33c3251208f5554368a70de565d08e,yangjasp_optimall
359,a1af9fb4e2cc774d9ff97c2c35b94e4812d0f8d0,yangjasp_optimall
360,a1d16b573acb4ed68e4751b3c7793d9b514b6bbc,yangjasp_optimall
361,a22964fc11a9d22e2a594d6939da76e313d76efe,yangjasp_optimall
362,a268e4f759286b7045fd972338d4affc05a660b6,yangjasp_optimall
363,a28bb27b0469df4a4f91db080549519e8715253d,yangjasp_optimall
364,a35f510982c7309b3a0fd9234176a2494c2a3da7,yangjasp_optimall
365,a3968359eb4671520e1506274d2baf6d4e73a586,yangjasp_optimall
366,a45b5fc2412f96db7a1be86ebda68a818cdc631e,yangjasp_optimall
367,a469c699d8ec6a12a242a61f53a3a6d8e44e3df4,yangjasp_optimall
368,a4a70c6801ca6486aff0ce30b7d92f64da1eadd3,yangjasp_optimall
369,a535f6143e1750e91fe448a6a49a2b4182c62db3,yangjasp_optimall
370,a53c05f15656200e10509d1539621eabb8af8ade,yangjasp_optimall
371,a5d58e607228c0e2934b8a1e6c6aaadc62917c72,yangjasp_optimall
372,a5dd6d1477726c1ded70c05817ce63b547e6d173,yangjasp_optimall
373,a61cf02202a37376ddaa22555f064495ea55aa9b,yangjasp_optimall
374,a6910412ecf5b33780fac692a909cd1471fa5060,yangjasp_optimall
375,a6cbadff135db9eaaeeaa12e0b1b9e326f4dd9c6,yangjasp_optimall
376,a6f59cc6c809ff10d29631a41a6cf4fd990226f4,yangjasp_optimall
377,a709c5757e4f7f613b74a003f7b88d974829de6c,yangjasp_optimall
378,a99a120726016558f4e06b603a01363b3d7bd5dc,yangjasp_optimall
379,aa17b21bb81080e5c48f35c7c2b4fe436dbe6d97,yangjasp_optimall
380,aa51c3451515aa80018ee264a7b022792da79baa,yangjasp_optimall
381,aafc994177db3b04048b586bf2b9b095659c18dc,yangjasp_optimall
382,ab3a63e4e7f6e018ba9c8dcbd63944049fd10bc2,yangjasp_optimall
383,ab3eb95b5c6df3a71eeadc9596c3c308d0c7a9a9,yangjasp_optimall
384,ab8962a35b52bb6143c958bd534b03dbda67fed6,yangjasp_optimall
385,ac063bb9343c073224fcc10837e2e98c2f4bc38c,yangjasp_optimall
386,ac0de1ea233e688ec17f74be6b06854f7812f39b,yangjasp_optimall
387,ac131ec9822485fdaba822e707578f7464aea547,yangjasp_optimall
388,ac18c7bd6401eb1b9ec2f3a7cbc486f3894ee747,yangjasp_optimall
389,ac6bc4e84e3d6265048dc0910ff9f005c1f2638b,yangjasp_optimall
390,acd07f6725f6079aaca383848b2c903872d36dde,yangjasp_optimall
391,ad0d397b425efbd34fe023ee7acee45cae61ec68,yangjasp_optimall
392,ad70dd2bd3af4470aa018c17f97cdf2ccfec78d0,yangjasp_optimall
393,ad7901d6d8cac99f4e8e6e33c914279bc4e19ffc,yangjasp_optimall
394,add2fcb900a627d27a144b9db2bed58a4ba9d421,yangjasp_optimall
395,ae5ff1a92749af9cd055f354dda26f41cc9fbf0a,yangjasp_optimall
396,af81c8a8635f01d2570379ab255fe3d0cb907411,yangjasp_optimall
397,afd7c12b3518f68a0f777ac2aadb917c5d5dac08,yangjasp_optimall
398,b00026a7917b44a4ebbc421e27d68f8588e42177,yangjasp_optimall
399,b04ee88f3019a776def039f92c216cc2dd4d242b,yangjasp_optimall
400,b18889d0bda5982016da103cb9b1600e51131e38,yangjasp_optimall
401,b1a01850c3de1a88203188ec9307a7c913aeeabe,yangjasp_optimall
402,b41b230ee7be8cf662c3763c3d1cd3bd74c203d6,yangjasp_optimall
403,b5b162b9cf9d7f4bad295166ec2d682163f0308a,yangjasp_optimall
404,b5d8eb37cbd8606ff9c9f911d555d2ebb8960b5f,yangjasp_optimall
405,b6309003fdde295af7e8af64cc1d7235418af041,yangjasp_optimall
406,b63887ca361d873eae6e9b11c6b96c17e63904fa,yangjasp_optimall
407,b649c11df4252829f86dae3a1fb2a199ab8407b1,yangjasp_optimall
408,b67aef9cddfdf11f973cb09301e905ade25b1737,yangjasp_optimall
409,b6dc3be0dab76273ac33c7ceccef0ed9dc7b7188,yangjasp_optimall
410,b6e7935396121263fa122c178bf3d11483a857e4,yangjasp_optimall
411,b7351593a118d73c43abe735eaf59a712b7e4e2d,yangjasp_optimall
412,b7a89f8b148fa5a87111fc8cb46ea29aed141927,yangjasp_optimall
413,b895b170c1e3b79869eefa70e9dd30988e05e8e3,yangjasp_optimall
414,b8fbba1fbd77636adc973b0ff36f77d03cbc72ec,yangjasp_optimall
415,b91f7c583bb47a06ef6314349ac63bcc0d320eed,yangjasp_optimall
416,b947c66822c4a8cfc878b868c29208f8c72abcf1,yangjasp_optimall
417,b9ff44ec3a04151acc8b3c0295e082082528e607,yangjasp_optimall
418,ba497b6673adc5477c92bd66873ed0499bcce273,yangjasp_optimall
419,ba64c64758f790f198a188da746c9d73ef8032c3,yangjasp_optimall
420,baab836fa377d6d4398b1e64321d3096a932c657,yangjasp_optimall
421,bbea407fa692ded28d6c5d095b758989f2a0accb,yangjasp_optimall
422,bbf89e9525d7d411916daf8e0d9bcee10486cf08,yangjasp_optimall
423,bc0702f1533e79907d774a8501deb0adb0a689f7,yangjasp_optimall
424,bc321249401920b2dccb97e3090a893b7cd25472,yangjasp_optimall
425,bc3bef7e1f19cb636464f8e4ba2bccf14486799c,yangjasp_optimall
426,bc51d9ab0e1d4cef740afd3bd6123df279c928df,yangjasp_optimall
427,bdeee530cb410facaf2d9be96a13612dd481d428,yangjasp_optimall
428,beb77df8000127f7325ac82cf09f1c02c46c9ae1,yangjasp_optimall
429,beb9d22e96d118363878bf64c03c8755dd8e2853,yangjasp_optimall
430,bf905028c79107b290c99e6bf78b484731da6b2f,yangjasp_optimall
431,c0a5fd2800154fb0d8349b4eb48b9f09bf7c14f7,yangjasp_optimall
432,c2423ac1b633734511571ae8a5387a6724cc0206,yangjasp_optimall
433,c2b5dde0dd2fd20cd0114a9b3df82b0872026641,yangjasp_optimall
434,c2b70ca8ed08f9bc4555c72911760bc9ff9ab05c,yangjasp_optimall
435,c30341576eb25691e512e4f1c8a4f9e51bd850b4,yangjasp_optimall
436,c32808512acfbbdfbd4905a1ccd75d97cf88472c,yangjasp_optimall
437,c3b25467d672768825d85f02cbb7045e53f49a02,yangjasp_optimall
438,c3fe82b6e4c29cecc45fc4f84e6cbcab498be17c,yangjasp_optimall
439,c40d1542620ed9dd56056a7b441af2df28baf23f,yangjasp_optimall
440,c417a2cb200b627118cb74817d3260d48d5e02fe,yangjasp_optimall
441,c467cd830f38d15f0a4cbae5fd4e0a1054a86303,yangjasp_optimall
442,c49d6b3091ff63a5e4e7b2f942034bf958193af5,yangjasp_optimall
443,c55eb49c38c3aed60e347d6b0d8abcd85261a2c8,yangjasp_optimall
444,c5873bdf1f00699274b53923cb1e58d51cbfe43e,yangjasp_optimall
445,c6cf10033f1ac5843833838b4312430867d91577,yangjasp_optimall
446,c725f8cfe01bf567e46fa0728a3ef03bc3838214,yangjasp_optimall
447,c731793196e8ad67101871f7dbcc134e5532b3ba,yangjasp_optimall
448,c75567b271bc1132c67f50f9972f89c37ed30a4c,yangjasp_optimall
449,c858de5a367fdec5ff89313b58815d73a269d9eb,yangjasp_optimall
450,c9a3d9dfc2dc6a79dd9610a4c9125c7721f9a2a6,yangjasp_optimall
451,c9e7c771b6c40066abeb0ae544144455278b393f,yangjasp_optimall
452,ca195fd2985a72c4b19e06d00113fcde427676d0,yangjasp_optimall
453,ca81763b6de49c9148985227132b86fcf31d5869,yangjasp_optimall
454,cada7d756e598b44c70111147fe9e59d4e7f6846,yangjasp_optimall
455,cb32d1e0b5a99ab596ae11ea9f9c7c3bba202e53,yangjasp_optimall
456,cb9fcad13d9b5f5840c759c9695a7746ea0a1cc0,yangjasp_optimall
457,cbc5a041e07fa84155c52e568bb609c59714eb6c,yangjasp_optimall
458,cbe4edc92cdcfa9a9e00fdbb235555576133ab36,yangjasp_optimall
459,ccc4c440f7b4bd3c5cc9c13331a953937a09b012,yangjasp_optimall
460,cd39981683f319aa76b8aed778bfc20e826cca69,yangjasp_optimall
461,cd5eb72021aed2b50f3a4c40b32747973537e0c2,yangjasp_optimall
462,cd78c0d2d758a667bf3507ac7d0c4d30221b250b,yangjasp_optimall
463,ce8d6443617eeb68666835b20264c4fd99456124,yangjasp_optimall
464,ce93875e1b55c82704135d9271d7818dff3d76a2,yangjasp_optimall
465,cf661d973b03d0ad729e9cc1393c4fde6c0a82ad,yangjasp_optimall
466,cff59daddab4f26cbef4bf7ba49af4d5a6a9bbdc,yangjasp_optimall
467,d07237cd5caf7f6385d9f4a6d10cec8f140725e8,yangjasp_optimall
468,d07f4ccbc787b8c0b97c4121451202f18b020e0c,yangjasp_optimall
469,d0aef2eb19b9cb4a780ec789e5a34debafa6508c,yangjasp_optimall
470,d0e5435c3beec21c251d7729b9c67366d6280930,yangjasp_optimall
471,d114f27f5a3c526d4a3f45061544a190dc841042,yangjasp_optimall
472,d19b63404be65f403f772e1e8d3965af56a2a7cf,yangjasp_optimall
473,d19f73459031cd9000f7b726fde915b72a7d9b11,yangjasp_optimall
474,d1ffa825f38ef1cdcd87fa3175fefed7666e23b5,yangjasp_optimall
475,d3a8b8dddcb83ccab342e2b553324648384c4739,yangjasp_optimall
476,d4487816fc4673069b70c35e75db3ad2ba1bad65,yangjasp_optimall
477,d4ffd2a9cfa8bda82c72405f96fb27a581d2c7d7,yangjasp_optimall
478,d51aacba1de9a59a97605613fd45714872624885,yangjasp_optimall
479,d63f6e5ac72e4fcc6a4d05ac061cdb469ec46fd9,yangjasp_optimall
480,d6b39ba7472c5152d677c611ec9446f89435aea1,yangjasp_optimall
481,d6cf9b5871bab71b5c0350ff795f2fc7af2d81d8,yangjasp_optimall
482,d6e6c062074275f5b393d0208feb267bbc1cbdc7,yangjasp_optimall
483,d7733d6ce8d1f5b8fc15830ea4dab948fc2818fb,yangjasp_optimall
484,d78124d4fc043f715653ee8b276ee6f8abb2870f,yangjasp_optimall
485,d79758a132280949c3c9d4a15247641f43cb08f3,yangjasp_optimall
486,d94624cfdad2d58b39459942f16721efe3bc7813,yangjasp_optimall
487,d9607cbf414a708b30a2823b3b1bcf5faf7db7c2,yangjasp_optimall
488,d9f49c7413e4d22a0fedcf426e2c19ae05d75f39,yangjasp_optimall
489,da9a2e927d9ea27443380fe8ad2e3546ec3fb4e4,yangjasp_optimall
490,db2c0905a03d15da1ec715a31bb09cb711687dfb,yangjasp_optimall
491,db4804ffc13066a82ab9c06b855b66d599a29492,yangjasp_optimall
492,db8499f06dd4a5ce18fae055f26ed3d565b14662,yangjasp_optimall
493,dc117e7b9637b5b338f7fcde8b73dcac288af7e1,yangjasp_optimall
494,dcd8443d4e174a1b52bbb4e36d8c8512807a1e78,yangjasp_optimall
495,dd8fcf7c1f0fbbb740a1ac5490278a18d64e26e7,yangjasp_optimall
496,dd955bf1481d5547c6922535a4d659c583251a87,yangjasp_optimall
497,ddbd6bd813c85d91fdbe3fad495a12b8ea2f88b0,yangjasp_optimall
498,de25726f4776d880b062b85e8522916163a4d746,yangjasp_optimall
499,de755b2f7fa42b85b0c9df7eac09b385a2679232,yangjasp_optimall
500,deabeb2d51b6e075b00cfe59db28c382a00f8df4,yangjasp_optimall
501,decdf351eae8d2d9fa427d5ee9a71ca91a1fcbe1,yangjasp_optimall
502,df9e88c199edd4d529145f104d4fbb32406a1fdd,yangjasp_optimall
503,dfada4bae9d221c7ee1081a170bea2c6685f3afa,yangjasp_optimall
504,e0265dcda7921f88857169cc094456af3c2dd898,yangjasp_optimall
505,e089b3e927d661d5dc61bfa9a651f4f6041aa852,yangjasp_optimall
506,e0c00b545891eef7ce618c1c93f8bbf58ae03537,yangjasp_optimall
507,e0c3ac8f1af4554a9954a9c046d930ad66138350,yangjasp_optimall
508,e0e0d56ee4d141071359ca033e1b32d7df46aa8a,yangjasp_optimall
509,e274f976ba9d42183beb476ca4c6f5bb85c3020d,yangjasp_optimall
510,e2bf8e5c8ac4f8fa5c25a15a41ff89663630f510,yangjasp_optimall
511,e3287ef10bc7384954855c620543ad3fd37e75b9,yangjasp_optimall
512,e3da6a8d2468a8b963c20d82e0e97b4909f1e316,yangjasp_optimall
513,e410c040d86bde8406425e06f2e8c82df06ced3a,yangjasp_optimall
514,e4a501d41651b29cf25e92c17230fbab30270e86,yangjasp_optimall
515,e4e239af0de729b9b51157b1093906999660433a,yangjasp_optimall
516,e5842785a0725da56d85f7645c8b665046390571,yangjasp_optimall
517,e66f2c4d0f7c9a403b737a6c08a9e8fbf7a98677,yangjasp_optimall
518,e6aa839d87b18b4f95c03b3b05d4038d8a8f269b,yangjasp_optimall
519,e6f1afa154383fee736c944bf3e12bc3bd905668,yangjasp_optimall
520,e7eca13d9f34226e3b94cfa0e99605d8cf28338b,yangjasp_optimall
521,e803008c7436dba381a4a963b476f0ca79e5a062,yangjasp_optimall
522,e91c3df076956cdcca7d63e0b57ed81cb7eed870,yangjasp_optimall
523,e91de76f07e48ae77d1f96aea4e68d9bdce57e02,yangjasp_optimall
524,e9679658069a76fe3fb176f7e508a09cd9872d13,yangjasp_optimall
525,e983d0a52ab8d498e88011b1c9c8e551cfbb387c,yangjasp_optimall
526,e9d00f3c305128676ea7413f8d70c2cbd5df10b9,yangjasp_optimall
527,ea2558783e31fbd5eafe95d3ed2ecc252f7904b5,yangjasp_optimall
528,ea57442bd93f60de84f432cbd2eb1c275266a0ca,yangjasp_optimall
529,eabaf7a49338cb88c642f0eaf79757cd808f6294,yangjasp_optimall
530,eaec8da2b1909ad2c754c925c842caf1cbc2aca2,yangjasp_optimall
531,eb8ae0e0b71d62f91db08b51416e4b29815e0384,yangjasp_optimall
532,ec59d15e04b1a4ce10d55386eddbf606294c6c5d,yangjasp_optimall
533,ed8ff790a92edfe2f87a47f95b460cb99e121668,yangjasp_optimall
534,ee7be29fe231a02a7478c2d6158c38dfe9504f20,yangjasp_optimall
535,eea6b88ac76e6ce781e730711030dffe86924859,yangjasp_optimall
536,ef139caf0627ed480d1d3222619d00bb2e623992,yangjasp_optimall
537,efba7b66cf098e9bcc5d26eec66c1fda8b3da7d7,yangjasp_optimall
538,eff81e29a03a87553a8134fb2dd83fdacb446c33,yangjasp_optimall
539,f0596124e89a4db6222490eb1a2f054807e83b50,yangjasp_optimall
540,f05cec839357342003fe8621d3a3a5f5baad9041,yangjasp_optimall
541,f0c9b029cbd9e2fb360204da512654ed510131b8,yangjasp_optimall
542,f1b5034adce084d914e7c15dc5c165c7ff3deb25,yangjasp_optimall
543,f411ee24b6204678e309315c632f71c9851b9f75,yangjasp_optimall
544,f50089ae55c867b0e321ebbf07777cca179fb420,yangjasp_optimall
545,f545035dcb75b95eebd05a0ca63ad6d76d26789a,yangjasp_optimall
546,f5bba26ed34c6c3e52025ea23eab9d740dcde889,yangjasp_optimall
547,f5c64c8a2b74e1d65a94f6bd9ba3105948cc383c,yangjasp_optimall
548,f5cd13c2bf2a992966c7f055906aad518ec3b6c0,yangjasp_optimall
549,f5d3c60b8afb8ca73b9644aa3ff310ce3c4283f7,yangjasp_optimall
550,f77b8ede5f101bcd53dc1ff03f2cd268d18d7b82,yangjasp_optimall
551,f82fbd96dc27860ee9849d347de42d4b3718abaf,yangjasp_optimall
552,f89eaccc1033c86d39f69934bd1a6c1d612e9871,yangjasp_optimall
553,f8b5c524d3a3c12c877a14a31775be1bce7fc9d0,yangjasp_optimall
554,f92a8f095f1a4c2edc597cc1baaea39ecd88bab0,yangjasp_optimall
555,f9c274676f83f421bb5a231c55668144656671d2,yangjasp_optimall
556,fadc571c2197e58caebd7a03046054d99248b96e,yangjasp_optimall
557,fb77e0522c71b6528470d8fb3dacf6dfaabb9bbc,yangjasp_optimall
558,fbce12662304b9f493e014295570c5fd28a27b59,yangjasp_optimall
559,fd1bf22185e0d264b0945b1c05768df5a738c2ed,yangjasp_optimall
560,febb2656c38e255481e36767538dcd1a2ac7904c,yangjasp_optimall
561,fef598e14dfc32a330f1f85c1b197753cb16e5c1,yangjasp_optimall
562,ff44d9cd7af422e8c32c754290cc0dfa1094743e,yangjasp_optimall
563,ff8dd8b68e27c48311a21c5b00d5fa5a31fb698d,yangjasp_optimall
0,000845213575f614e553756ff7b92f9910d63d47,anybotics_kindr
1,002672049a5774556b2c9433475686252f6bc64d,anybotics_kindr
2,004e852d78e1ed50712c071be2cc691d99486af7,anybotics_kindr
3,00524c69b1cac42e848b349afb1ed160f3af3220,anybotics_kindr
4,006ff870427e70a2e75c1e5968b5606817196a85,anybotics_kindr
5,0082e3dbcf9ae95880b015a44949913283a6aeae,anybotics_kindr
6,008c036b332e1169a1df4f83a52333f70c28db46,anybotics_kindr
7,00cd468e7b5cc5ffc7a7c9b8ad7243bfc28d087b,anybotics_kindr
8,00df27ffc7ef31846977f2ba19b0148a8a0baa3a,anybotics_kindr
9,00e14640913db3b16bb2c37a7a1a584e7d498e28,anybotics_kindr
10,01578751836c35f5fa6981cbea6a09d9fd36c1a0,anybotics_kindr
11,01c23b4ad5fc1604628f6d3a822412abdf2dbc67,anybotics_kindr
12,02020563dd7f6914725e05d1ac9e9f41b62401fd,anybotics_kindr
13,03129a9a72395a8363f6f9f5254fd52fddd9aa31,anybotics_kindr
14,03327764a05526979ae1239aa844ff1c35cfcd37,anybotics_kindr
15,03b1f8624acca30a6c158153c635e29df8541059,anybotics_kindr
16,03b26da7a39953642d6238ba51abb80e96122bd6,anybotics_kindr
17,03fffabb5ffe1737f146efe0f89b2fe4aa1eb45e,anybotics_kindr
18,0405eae0c0bd67858d846b1b7531b47c7c158ae4,anybotics_kindr
19,0427f0b09abdd3292e4fcde851ea67063e016dac,anybotics_kindr
20,042935f44bb9bdbb429c4a9aad90f8e99d019b40,anybotics_kindr
21,047ba028bdb06d43cb3671a05e7e0ae19cbec20a,anybotics_kindr
22,04a28d9929671a934e5652d5917e704d4da3052d,anybotics_kindr
23,04a849998f55a459c0b930a196df9bf2a303f801,anybotics_kindr
24,057dfa60900f5e4da3a5ef1df1c179b645df9264,anybotics_kindr
25,05d1c987ace0609a05cc8170877c44fa55d089ff,anybotics_kindr
26,063f37b987e0130013e377b96300bfd7ffdfcfa9,anybotics_kindr
27,06c18c0acb5f12b317b7553784493d5847c73f25,anybotics_kindr
28,06c2556be6653f4df228c80803f88666da241198,anybotics_kindr
29,06cf4a8b067976e1db49e3cc53f212e880aa4d2c,anybotics_kindr
30,07fffd03152901cdd2e39b877c40a2504895613e,anybotics_kindr
31,083db4a9864180525070817360e00ac44c83bd73,anybotics_kindr
32,090b5d6560b2cc4d0bf42423e0be6aa9e905a6dc,anybotics_kindr
33,09331e60d094e6f7057a9a062300193f5fb8ec08,anybotics_kindr
34,09b9afc3de8cd64cc333f2bc17850c3e2f3063c2,anybotics_kindr
35,09f857fbe35ab911d864b1e7b40f175719637744,anybotics_kindr
36,0a55daed981220b3bac651e40fea4f75dbe97082,anybotics_kindr
37,0adfe4e12b4def50bbdb66f35c764774076174d9,anybotics_kindr
38,0ae13e6cecc3b6aae5c9fbd90258956226081720,anybotics_kindr
39,0aff19dc4ff2e66270a3227a98532a76408b8f95,anybotics_kindr
40,0b159ec60b710706656b70148211ed04573fbfda,anybotics_kindr
41,0b4ea57f79935ff546c2eb39209b7b481d4f145c,anybotics_kindr
42,0bb9ba25dd1871067a0abda0b281e598821aabdc,anybotics_kindr
43,0c16c8232d5404b09284cb6a441365172e163b2b,anybotics_kindr
44,0c3f9416fab488964ac8472d8c248cd59e5f5593,anybotics_kindr
45,0c45a0ffd1bf1ff7647c7c3ac43793ba01d210ac,anybotics_kindr
46,0c5cd8cf45ddb27e28e7b37d83e36520362bef64,anybotics_kindr
47,0cb9511a4650f472e56a7670144d15ba0b750580,anybotics_kindr
48,0d30d152e5d8d0cace45ba8566ab9aa1907be4a6,anybotics_kindr
49,0d658c777cbe390bf602341a85a97428cd82efa1,anybotics_kindr
50,0da728bf0a4b53bb2bb9cdb58f4d989b3efb5ddc,anybotics_kindr
51,0db217bf9f7ede88ccc8c19f368c1c3f14fd3656,anybotics_kindr
52,0df740e371053012c9fb9c73976396ccdde22433,anybotics_kindr
53,0e13f71077dfa9460675820cb463f5332f7312e6,anybotics_kindr
54,0e17bfb5324543c1742c283bc23541d771dbe207,anybotics_kindr
55,0e8fa1957808ab22c45082030d6aab46cea8477f,anybotics_kindr
56,0f97989f07a6d7ab57e832b7d880acb1927bf9e4,anybotics_kindr
57,105abee3007f51d4c4e56bf3533750f55f0248b2,anybotics_kindr
58,10a4d7b76f2cbe52c4b5489d8e13f8bcfd73fb30,anybotics_kindr
59,10c799bc9238710961d60385f0a77c642d34246b,anybotics_kindr
60,11abaf2c4f2fbbf69e12f2450b617bce755a38e9,anybotics_kindr
61,11ad357c1425dd8a54b5fc072cbfbd9d86afde52,anybotics_kindr
62,11c8c8f47d4c608aa1b736c8bd38c4024f84b920,anybotics_kindr
63,1207a986ecf022f063ae1f2b0bbe5d6300f98d04,anybotics_kindr
64,124bd54b4beab08755db27348b5290fbf808cca3,anybotics_kindr
65,126faff5fd235cd1e1646682d96fd2fb3e76588a,anybotics_kindr
66,1282ec1b3ed1557f12be5cd258b228fa499b1a04,anybotics_kindr
67,12d30684990a60de7a7eb6e15db71c8654bf1db7,anybotics_kindr
68,12dea7d9f505f6873834dd09e81d7cf9570d7a1e,anybotics_kindr
69,12f1fc5250ef28ce35f56e31a356f67b1c637b11,anybotics_kindr
70,1320e9d857c9115da5316d57f1c6dd1d55fc5ef7,anybotics_kindr
71,13ccef704fc6974698da2471b6655409d3d2d776,anybotics_kindr
72,13d7f190360937f4ce567b8d6010f0e390067e92,anybotics_kindr
73,13db51bc8d3c51502141357a2847e79e892ced15,anybotics_kindr
74,14075c1c38145e98add091fa4578e65485df417f,anybotics_kindr
75,1451dc98c5ceaaf732bf2c2eb5e1b3d04cbaac28,anybotics_kindr
76,14eae7bb7e36d1468f9a8a70879dfe433ab90a73,anybotics_kindr
77,14f704185432f98b10011549cb0a8634ddc2cab8,anybotics_kindr
78,15510cc820db6da3f53b49ff37f6b26edb803f28,anybotics_kindr
79,15bf3d96b86a764a6fab20815850faf413a0e8e5,anybotics_kindr
80,15dfdc741b453b4639b96c4bd94e189c2086f4b8,anybotics_kindr
81,1636fc2dc9004129333eda11f069b29e0669040d,anybotics_kindr
82,1639d2c85cfb088f96b1c9be2e628fafcaa87607,anybotics_kindr
83,165f1c535e651f0a8027165dd307e830d3b8e0bd,anybotics_kindr
84,1672463fa8d56535c2ca4546d747a322a7de971e,anybotics_kindr
85,1690d2b28b378ec8912fe555e44a7aa6358132f4,anybotics_kindr
86,16b64a12fe8cadd66734daa8bc2b217cb367822b,anybotics_kindr
87,1700a3520a03f820d585118ea877e75b68980d7e,anybotics_kindr
88,17a2c5d387ad138dfe8295937db6d5707abb7c79,anybotics_kindr
89,1806e516e5c7242852add37b99ace492f19681ab,anybotics_kindr
90,187755d6558295c1edd1c3f88869f22af89b3d73,anybotics_kindr
91,18d76e7e3d7a61c15eb8303add3298c2b0d57098,anybotics_kindr
92,19f8176da72a66f33ee7f677b6291bbb5c98ae1f,anybotics_kindr
93,1a83bc0201c84684597a6c3c55360316ce8e2786,anybotics_kindr
94,1b5ea947fd0bc99231cf26626a77adf0fa640f16,anybotics_kindr
95,1baa86c57035733ffdda09fc44dac54ffcd9ace5,anybotics_kindr
96,1be263f2a393ef0d2c0dc36e3e647c4c87dee607,anybotics_kindr
97,1c1d1dda8903c08c3c921d638de1edc401cc5d45,anybotics_kindr
98,1c1ea8585fbfe6868afa751bee20f2905d6d3656,anybotics_kindr
99,1c627715e2d97a5e08ad04fd29391f8e4ff727c8,anybotics_kindr
100,1d6d8aea937bdde337f97c4d15e1be8401cf61d4,anybotics_kindr
101,1d7846e7b27b8590b87f589419f98028baa2f770,anybotics_kindr
102,1d80509a30ab2a6dd93895254b56c3a9b58fde71,anybotics_kindr
103,1de1cee1bfac68686d41c66b3fafcf5c87a822ea,anybotics_kindr
104,1dfd3d0bb0a7ffacc0998679ddccbf1e0d2f44a6,anybotics_kindr
105,1e422dd72ed144c6eb908234b261158e2b50745d,anybotics_kindr
106,1eb003cb3d233a1fcb50b4398f4e290addcd6b2a,anybotics_kindr
107,1f07ad5b127ef679f4073ea5cc050fb12d37997e,anybotics_kindr
108,1f643e51dc42ae2334fd2bc73f65447a6e3a3025,anybotics_kindr
109,1f8c71ff03ef9d1a23e3b3213d3b01968f6b9f82,anybotics_kindr
110,213d012c1a07da3ec480429be353f9ee3d051753,anybotics_kindr
111,21d4330f2c3f4ba3fcfe011e41414ecf607342e6,anybotics_kindr
112,21e1f7c78d1e825bb0013a2a3fecbeae8de78162,anybotics_kindr
113,21eb7657ff339c410103b65614f53f6a75da84cd,anybotics_kindr
114,21ed49c4921c0b00b1b84d324e9ea1b170018b4b,anybotics_kindr
115,227a43f6fb294fb866961b900425273f13b2df74,anybotics_kindr
116,22a19ddd30ccfeba72bb2c35361e090bca7d16ec,anybotics_kindr
117,22bdf834d4535ca206299225534083e1e0204e02,anybotics_kindr
118,23796289c527e31ba769433ef6727162f9e3c524,anybotics_kindr
119,2386e7d62eabedc09cdc430b399f27f92afcc11b,anybotics_kindr
120,246126bbd30bcd8521d07caf54e02762b55e7820,anybotics_kindr
121,2499c05d50d4bbc5fc660de57b0a31365790e804,anybotics_kindr
122,24becb432fb5575793a4651f1f8687f2ea8bb5ae,anybotics_kindr
123,24c730e25228895d8762d0b1a39353b5627f4b9e,anybotics_kindr
124,2508395e78f1bead90a3319fe40214138f1ec8ad,anybotics_kindr
125,2531acde5cca5f59fdc458ce6db8a37356d09f58,anybotics_kindr
126,253440230d367cffe7b8e7cc67113c59404f1f64,anybotics_kindr
127,255406d2e2cccde5b858814f9434a57a961b7162,anybotics_kindr
128,2594f21c803c1ffa3fcd3ade1d60b852f1b02f4b,anybotics_kindr
129,25f3d0c127203fe29644e159fb6c2d07c61b96ca,anybotics_kindr
130,25f593ae9d8bee8d2478308449b505800b0d950e,anybotics_kindr
131,264ab9f9c3568bc7870c81ec89ab4d31f4d56733,anybotics_kindr
132,2669fb366896b34e0a06d035136b98b5c5394dcc,anybotics_kindr
133,271afc7f2854111e7c13301074d369cc08da94ac,anybotics_kindr
134,277b4daa4e1d40dc9ead12aa552e3272266ff2dc,anybotics_kindr
135,278fe97cf945145516efff17640340f13b941ff7,anybotics_kindr
136,27af13d223b33b25b1141c5c7df673a36a307e43,anybotics_kindr
137,2875c38e562f0cf309ce062dc90a702de998b3f4,anybotics_kindr
138,288c7acbe8541d8fe30d556eb3939dc004791b95,anybotics_kindr
139,28a812f857879fcefcbf7446028001896799dbea,anybotics_kindr
140,293b6270272b3bf440a885fa9c828ddc1bea17fd,anybotics_kindr
141,299a9f361446de99bce8ffeed7edac5f78d746ea,anybotics_kindr
142,29f2aa73a52dd8426be0f5b3f6c6c490ec627c85,anybotics_kindr
143,2a169fed81b7b832559fb6100fac8c9c190d2b69,anybotics_kindr
144,2ac88737dffa084645aab40bb04651b899bf19a0,anybotics_kindr
145,2b6a72d1f2dad4458fce18b877c7cb588c587991,anybotics_kindr
146,2b79267eb1e439fbbd6a72b54a1036e36ecfa521,anybotics_kindr
147,2bf96c57ddca550d1cb93994a8ddf1e20e3e5c3a,anybotics_kindr
148,2c490fa86ca94e3a8db4f5a66ff1b40badea618d,anybotics_kindr
149,2c7592ca8da895367d84ca7c02481faca45f683d,anybotics_kindr
150,2c87a9a4924183f112c45b437a8724858184da3f,anybotics_kindr
151,2cb63c997574f3075a5739c0f6e187b014f4ad56,anybotics_kindr
152,2da2e23c2e7e7806d4c8b7f67460cf61d0a84b2c,anybotics_kindr
153,2dfe32cbb3eca2fd1264bc998c75c2afe2120148,anybotics_kindr
154,2ee88d75224abaf794bb9fe96ebc08d0e1f49d86,anybotics_kindr
155,2f34cd47b99e734f131b45a0c1136b92f55707d2,anybotics_kindr
156,2f3c26e59ccb122fc45602858d7a9ea97f2c237b,anybotics_kindr
157,2f58338ab016f7f095dda8fc6dee5d3d2642ac6b,anybotics_kindr
158,2fc911de3bd24ffeb1eb60b90c64d3c1cad8b82f,anybotics_kindr
159,2fe853019f89c85a99c8f1dc8c418b302371c3d4,anybotics_kindr
160,30b893a310096bb2ba949e329b6e8ef95f55b818,anybotics_kindr
161,30e3d8166a23292a72438a555a3efba9eee5f9ea,anybotics_kindr
162,3101fbdb980ea2e3ceb2546f8fb0d85162a74138,anybotics_kindr
163,3106cc1f645140f58a18436ad3bc182e49e47624,anybotics_kindr
164,313a1c3516d6877448d446c1dce71ecbdeeccecf,anybotics_kindr
165,3157cdf4d7c4fe42ce1d363d508924c1da7bb374,anybotics_kindr
166,31a38a22599b06351d2aa557fd6c2e0ceaa26308,anybotics_kindr
167,31fa0d3a696c5ab576ba8b3e56ccc9fa9eefdb42,anybotics_kindr
168,3278d94df99aeacfa493a0b009db3c511a24c4b4,anybotics_kindr
169,32800890d546e306f73c3ee3091fb6903452f925,anybotics_kindr
170,32837a01e398482bf9c80560374555a01a082a1b,anybotics_kindr
171,32c52ecd2349dd6ee175ab1185c6dc4b9064bf22,anybotics_kindr
172,34155e4c3db4f537217c917f0309ddda1d460687,anybotics_kindr
173,34704ea3ada388d2c9476bb4252530d5f34f4799,anybotics_kindr
174,34a8fbb71dff856b39e88b802f04bf16e2b74bcf,anybotics_kindr
175,34b161a4c5ac4549491e596c6609aa510aa2c25e,anybotics_kindr
176,34c5b04c0081fb0ec5bfc5f14194af6c459b2abe,anybotics_kindr
177,34fbe0f4291732b8272ab807d1a7971e1d7200bf,anybotics_kindr
178,352bff8fd97dc17fc220c52ec3e688d9e81bb345,anybotics_kindr
179,3642d3b62a13b517c4fb3e566212c4a83b0b72b2,anybotics_kindr
180,3692c06b311b8ef609a7707c9fa2d41c6c234420,anybotics_kindr
181,36a97e80d5296972b06f6edc9f11c84c53f11fb8,anybotics_kindr
182,370463b26c4db14def96d67bdeebf27e795f7c83,anybotics_kindr
183,38265380219b88e2902197a71ea81ba7a7e65d11,anybotics_kindr
184,3864be16cd5819dd87920f083e0f0f6bbae2e6a4,anybotics_kindr
185,38aa79ba449c93178b9fae273a89e4809a87a63b,anybotics_kindr
186,394109e9a6d9ac947dc79d09c1ef7505231d4acc,anybotics_kindr
187,3942bb4da8c81365b729c2d963dd7334b6d59d61,anybotics_kindr
188,395a83f5ab64db90abeb2648d50496db0bd95e89,anybotics_kindr
189,397095039cb2522294de395bbefcaa541586a1b9,anybotics_kindr
190,399c12bb639787caf38b9d78e2553c6589625fd3,anybotics_kindr
191,39dd1be4a64e651625e79f3c7235159b1a5d4c4d,anybotics_kindr
192,39ee0855c5e673dcc040906f7a34f2c9ef5c5049,anybotics_kindr
193,3a00f5ef686e7333eb946082f91302f2796bfae1,anybotics_kindr
194,3a108358ef9ce8c86931a2f2f89a249d279f0883,anybotics_kindr
195,3bd5904de02c38dda3df48b1076380daf3714b48,anybotics_kindr
196,3be6632d74f0efd7b5bdba3c6f775bf4ca53ce3c,anybotics_kindr
197,3bf3e0dd22ab662f864d33404722d1c446fa13a7,anybotics_kindr
198,3c31599ddba7e76c58fde58a2bf913441c51fe1e,anybotics_kindr
199,3c7210ee5e0542cbb45c84c3bf2bd9b5786a665f,anybotics_kindr
200,3c800c566eccd0c2e61ab69a7391e9167c67ff8e,anybotics_kindr
201,3cbc6dde3b48b0723c7cb50093924c96f8c93d3e,anybotics_kindr
202,3cc54ae41c1354e3edc621ed6793e7775fc34f3c,anybotics_kindr
203,3cf1e869f076c87022818e01a577906e39236990,anybotics_kindr
204,3cfbd7c825930cd05d59969b0beaa76a8de10e44,anybotics_kindr
205,3d3f2ddc707d02918405971ef1a16f3ab055d965,anybotics_kindr
206,3e674f24a2e612b479a1ccda1dc039e4ce29f9df,anybotics_kindr
207,3e8c71defaad8c71199c4dedbfc5a6f1b364a147,anybotics_kindr
208,3eab273aea3bb5ef19a6153630c237da05d1f4d7,anybotics_kindr
209,3ee7b7967ea54c56b2e250e24a78cf3a108db49f,anybotics_kindr
210,3ef46aa335f3d14793d10a61320981c51f54dd43,anybotics_kindr
211,3fa9b8914dc7fc3af0be443af5eb838811a5990e,anybotics_kindr
212,3fdfb3e5784449e948a54a26cb2e4db7d2c6bcf0,anybotics_kindr
213,40a1d56c93ef2c48df92d93b6e86605a22e7bf8e,anybotics_kindr
214,40e38cbba660ccd3c539b8c5c8147aa45fe380c0,anybotics_kindr
215,413ad66a6207d14c5f5b472786fbddfd55532dea,anybotics_kindr
216,41a9d150c8e306af8d3fa29c050ce298a77d0597,anybotics_kindr
217,41ca993d1abd922447e0edc06c43d9f5bf0e8f3d,anybotics_kindr
218,4223873c6c810b318e367de570fa5514d7174748,anybotics_kindr
219,4238df5ffc525bdcb988aa72dd6f58f13baec006,anybotics_kindr
220,4339a9f661560385cbefad7e97056f23bfff6d43,anybotics_kindr
221,4391f2d60ec67d188923c175b21b849c1c96f2c8,anybotics_kindr
222,43bcb28833720453409521f1067ff1ce1028b136,anybotics_kindr
223,43ebc4617cb960457b93902b6d94e48ad642140a,anybotics_kindr
224,43efba3acbc877f810bbd147afa733e1c8f19b68,anybotics_kindr
225,4446d10e7b2c7abc78b4ef29a6d66684a44065c3,anybotics_kindr
226,4482745be2d2c525b4edbd3e92b681edc4136569,anybotics_kindr
227,45509e99e790d569ad4411222f5aa466b58ae325,anybotics_kindr
228,458f00efc5724dc34429cc70707324d318b829b8,anybotics_kindr
229,45b60da9ad499c48855e78044d8925651007e71d,anybotics_kindr
230,45cb77cabef9aeba0d1606e0e080fa1ead4e1660,anybotics_kindr
231,46ff729093311d4ab1f6d5072492512da02a9bf8,anybotics_kindr
232,4721b40264aef964f52512c0b6b717550ea79f7b,anybotics_kindr
233,472970278545ca17353078252a7b0cff857f74e7,anybotics_kindr
234,475cba5f5858505fb23d8755f332e4b615f21d03,anybotics_kindr
235,4778c6fe7a32a28e941005b55743537bbf89ea3f,anybotics_kindr
236,47ea370ed1170773f0053e0f55e350e70369483e,anybotics_kindr
237,483bd62501009c7ec8ad3dbe9bffadf182897a91,anybotics_kindr
238,4858c2ec739e093292baf0e9b5db14ec39428f2c,anybotics_kindr
239,48be737d18c23aead2e8969c079503d45288b1fb,anybotics_kindr
240,48f65df2ed7ac5d6f784a5b4813a95075bbaacaf,anybotics_kindr
241,49101ce0ecb31d2edc607d4f3f304faee19aad88,anybotics_kindr
242,4983822fc70e6a12175e79060c9b5df13b1ff59a,anybotics_kindr
243,499a5db818b000ddd0d157f40b530387eaa5a350,anybotics_kindr
244,49bf3700ae2e0e90b623b800d903444b9b47ee52,anybotics_kindr
245,49c885a36a086d3076ab75cc5b1d6ee432436832,anybotics_kindr
246,4a428643b991d6e01d6e31e3e2f026358748c363,anybotics_kindr
247,4a876073c10a9d4310d72d2561a017354b6e74a3,anybotics_kindr
248,4b04c27296a27ccff91642e243ad11feed959c00,anybotics_kindr
249,4b0bd55b954606f0a9ff09843d6f4370df04eb1e,anybotics_kindr
250,4b8c57443c13ffade83fb8f88ec9ed5990b2ae8f,anybotics_kindr
251,4bc2f0babe6289e0bf75e7213213a9c38fc9b1e9,anybotics_kindr
252,4be536d0228ab859ff64e88d0353b53d4d5e18c2,anybotics_kindr
253,4c2c54757d165eac007dcb6f72fa499233b8673c,anybotics_kindr
254,4c3ee5c506eb58215402bf411e2740ad2b5b6c0b,anybotics_kindr
255,4c43a37367ee31e70716f1d8a3c6694e06217da6,anybotics_kindr
256,4c6fd9d5916786ff11d161645c831e0e52965e69,anybotics_kindr
257,4ca573165f53b40de7f9ff371b47f71d0c11de48,anybotics_kindr
258,4cfff6bafaa100f9cca16f1af1645c74bdc58a61,anybotics_kindr
259,4d3c3e935c3fceef19c103179d9bdd4f25fb227f,anybotics_kindr
260,4d40e1d83f5b7bcc1cf365a605a119f9fbc60f40,anybotics_kindr
261,4d5d315c27fa2e6516312a3e27c04e8c83f93815,anybotics_kindr
262,4d7297e484c14346d91139f3df2edecb409b9e0b,anybotics_kindr
263,4e5b26537c5284bdd06078d1738e0295fe4dbc5e,anybotics_kindr
264,4fe49f7b02766f643015112fa447c769d76bfadb,anybotics_kindr
265,501628347aaa699d15c2f36c0e7c3213556bcba1,anybotics_kindr
266,504e20e20deb0c7ac8f62264d689cef063de1db6,anybotics_kindr
267,507dc41e681c2e5003800b64071386441b395957,anybotics_kindr
268,509162f540101d878443c580f3342247768e40ce,anybotics_kindr
269,50a7df9aa697f25334d1a7450d7a1e368d1de528,anybotics_kindr
270,50b17045d4c1788a83a8102f15e482d5f868ac2e,anybotics_kindr
271,50ef620c2d4bc855f14595191f51169e8efeaa28,anybotics_kindr
272,5166be9ce75aafcd3a5089b2f5544bd7833b4b64,anybotics_kindr
273,519bba41142aa2c492ba2a84f39ed34263b18170,anybotics_kindr
274,51b62d13116fc684dc55f68fe3541eef5a90d796,anybotics_kindr
275,51d529158dcc657998c44c51d3c5ef1fccb542f7,anybotics_kindr
276,52913d089b7b3fc976f2ef63d99981e1fde483d8,anybotics_kindr
277,52fdd8275fb6eb7b9ef219762cd93596668845a8,anybotics_kindr
278,5366c89a45b5daca3dcaa31efc2d181843e0d4db,anybotics_kindr
279,53a3609bfcfb7f3b6ea91d52f3cd3a89c5585650,anybotics_kindr
280,53df8cf28ffec8db66cd5af3b4847afbff1ba522,anybotics_kindr
281,5477fd80aed9bca56226a393c8085d9a0746ff6c,anybotics_kindr
282,54adc522c8b73276c099f834d3136c41a6dab671,anybotics_kindr
283,54bd9ae99a00b34a229879003f30ce067f8bd232,anybotics_kindr
284,54cc0ca16f27998e5874c7866d95dc77f43e5166,anybotics_kindr
285,5510f6d359a9b718ebee7f7f5e492818f76cbc52,anybotics_kindr
286,55283dea04d308267f3869f472ad07872872f50d,anybotics_kindr
287,5541f522f55167d11a3cbaa2806290cc26613ff3,anybotics_kindr
288,557aaad1c2d472f80a61a3c073950aac6d48b32d,anybotics_kindr
289,559fbb3e3372f7fbafc2c84e4996bb6610bada49,anybotics_kindr
290,56e467f05f9af00cb4ea8068ffe74772ec1bbb99,anybotics_kindr
291,575f3e647471a4120efedecb88e3b18c68ad1baf,anybotics_kindr
292,5764df6d8468ec1cd32ecacf592be92ee0dbf20f,anybotics_kindr
293,583201eadf20428b2069f4ca994fb0cd6379bfce,anybotics_kindr
294,584b0b6dea40e408e5d8107a6c14ef5bae7b13a7,anybotics_kindr
295,584df331a23d37e1c2d198016a01f870a8582998,anybotics_kindr
296,5881b19b9f5219201f57d28181eea059160b9b5b,anybotics_kindr
297,58a6ce76b08ab917d59d21f331c52b4a1820df65,anybotics_kindr
298,58ca0da239279b61abad5eacecd1954e9be470f4,anybotics_kindr
299,590ded507c3948477925324d2f184262adae9cc2,anybotics_kindr
300,59261c5ee6415ce60de90152425c63f0ec975bcd,anybotics_kindr
301,59694a29b2508c9ac31e2ec55f821a159273e3da,anybotics_kindr
302,5a15b61731790aa73598117a249037d4dbd9c346,anybotics_kindr
303,5a725544fff3ace63019c36b9077fb913afe8840,anybotics_kindr
304,5bde986a7dc265d53e64c666206a71723e62eb50,anybotics_kindr
305,5c1aa4f002b0e08b7929563f7238bb06243bd7e2,anybotics_kindr
306,5c308d887fce01d75f9a58d5758a2c17d22c69d3,anybotics_kindr
307,5d405ca81a644b9396f6051fcda791278062187d,anybotics_kindr
308,5d5e81dff8c78a8b0227d5f97e8bb438cd7a5259,anybotics_kindr
309,5da20c33896738eebe6be0b26a908bae22f3f39c,anybotics_kindr
310,5dd0d1c872978a86be9b69ed1cb60510028b1c79,anybotics_kindr
311,5e03ea1f5493d49540f0bad4a3371d117750db2d,anybotics_kindr
312,5e6ba78a2451356711c5f57aac6d06fe36393cd0,anybotics_kindr
313,5f6a25413e986ea8f09057a46b249c0d9c80bc3b,anybotics_kindr
314,5f93ef881d1e647a9af7fea6ccb78769502bd370,anybotics_kindr
315,602d2032cc3c811dfd881c858aa80646f95ed0b0,anybotics_kindr
316,606c7062999962de1b00cd27b633e85bc7080f97,anybotics_kindr
317,614c525401b1015e6b602e67894bd1f0841cf562,anybotics_kindr
318,616fddbb7001418dc61b87a89a4d8583a40131e0,anybotics_kindr
319,6196b00d0b539f7304cec131212225338eaa869d,anybotics_kindr
320,61a498b3af38d2532393fbcd7dc6fc38cecdbfdd,anybotics_kindr
321,61c59f7046756e55c1e9b75f9b820997970ee8ec,anybotics_kindr
322,61d846fe2949597d80ee02d0c891fc81d5b7f3a6,anybotics_kindr
323,620d95bbcc1fb2c0d4e907f2f788f528789cb3c0,anybotics_kindr
324,621e9da847edb1e8303e2b20bc7df266e366bd7e,anybotics_kindr
325,6226f0af4a7be15aa45c68b8036b17775530d834,anybotics_kindr
326,627ca436050558eb80f0dc7302211ee9bcd9f3f4,anybotics_kindr
327,629749c88540700e5e3770509c89272875b7a41a,anybotics_kindr
328,62aa22debc2e4ff0c0231198b754089a5ddcc29d,anybotics_kindr
329,630066bd3737cd65000daad6a34c5c725338b8d9,anybotics_kindr
330,631a6f224f7fac828a3a57dada443ab56a32e515,anybotics_kindr
331,631a9f49fee94d031878227bd8d5038e3bcff017,anybotics_kindr
332,63a3ae5f804b09781a4d30026a89d8dcd576eb7f,anybotics_kindr
333,63cacf3ba44193f91367be853de094e0e89668a6,anybotics_kindr
334,63f755dadfab76c7a26799c343c0abc04cef4e8b,anybotics_kindr
335,63f8dbab6e382f525614fd5db94e8dfacac44d4e,anybotics_kindr
336,63fd8459826ceae4674a68d476dfdfff53c88414,anybotics_kindr
337,643e64f334770ef4d853366a8923c976c45ccc33,anybotics_kindr
338,6496114caa0a552484bd8841154232aa3102140e,anybotics_kindr
339,64a31014f71920ccc05c6cb21e04c8b9a4817bc1,anybotics_kindr
340,64e44411c383402a3ed76afe29c14f968e77f6e3,anybotics_kindr
341,64f9559398dd5ca61ddbb7e32b5c87b92f480174,anybotics_kindr
342,64fdef8ffd3863ee109433c85cfe46fa2c396e92,anybotics_kindr
343,650167351517f5c1db0d2d2d159df6e0f4307b9e,anybotics_kindr
344,65128195f11a389527894a25cf5f0b007350dec3,anybotics_kindr
345,6529e30ef38e0b1631ecd3651faadecc97cee72e,anybotics_kindr
346,6530eca9dc3eaf88321f6176ba90f28e680025f8,anybotics_kindr
347,655dd549c93f17ffdeddee111fb78dabbdd0593b,anybotics_kindr
348,65cb4eff6b492f067f594d00cad9aece8c4d3969,anybotics_kindr
349,66f0234537bc28fdc745b0362d5e58ba941b8eb1,anybotics_kindr
350,67319bc284450426e8c2146b7f192f1aec45b2bd,anybotics_kindr
351,6738c78732d83ea304f54d70a93e8be51151ab47,anybotics_kindr
352,6782e4ddfd6075a8c59f8da956ba2bf33fad9e02,anybotics_kindr
353,67ab8320c70529727c08800928b154abfa95883c,anybotics_kindr
354,67c8df09fefe19d24495c4108b97a57e86fabae3,anybotics_kindr
355,67ef371cae3b91b2fd76258744111e7833665cc5,anybotics_kindr
356,67ff1bba83637f19f3e1d1166be16d4a3d5073c4,anybotics_kindr
357,68c171f73b0d59f96872d83c749efd495a87c11a,anybotics_kindr
358,68d687522bfe477376abe2695af7ca3250d898cd,anybotics_kindr
359,68f6156d2bdf653df91f72faded6e048a50d5018,anybotics_kindr
360,6949498bfa81864a9e7916b3d268265229d82a4b,anybotics_kindr
361,69866e811c8ee9c647e4e209269600f604eb42c6,anybotics_kindr
362,69e7a2d3756a52594f5b0a1c94610e57aa838433,anybotics_kindr
363,6a1fb21f38b97aebb5d8e0e4eb79a27a6432f6ff,anybotics_kindr
364,6a2ad611a69a2658ff2bfa2756bc1124129387f4,anybotics_kindr
365,6a39fc4178ef33e74f7749822b1e23638084bee9,anybotics_kindr
366,6a4ce0dae37f2158c57a874ab23147e6ede1765e,anybotics_kindr
367,6aa3dd7f069581ed3b982f6dbfbd2ba3b9c39c8f,anybotics_kindr
368,6afdf93ca968996c55447b2e48217289c531178e,anybotics_kindr
369,6b37b9fbea80decb8bf305042810072b7f0604f6,anybotics_kindr
370,6b4acdea4aab618adaafaa6d75b893ec9f90f73f,anybotics_kindr
371,6ba94ae77cbf81b4da31f420d0c5baeee7c8aeb0,anybotics_kindr
372,6bcb4df817f71dc3b6b99378b611f69c0d216590,anybotics_kindr
373,6c25b7982dc92248634ce10b013ed45e24317ff0,anybotics_kindr
374,6c709003a5e0d6f738552ec24b8ea1de5ebfab17,anybotics_kindr
375,6c8ce275a435c05818632f987d378837d21f437c,anybotics_kindr
376,6cfd96028b5dd85e4f4e876607253f1288307207,anybotics_kindr
377,6d0343282a49ccad2311e2ed7f892a03bb85cc33,anybotics_kindr
378,6d31282485ceac468e8637bd37b8bf863540d4f7,anybotics_kindr
379,6d681ca0edd8c47099e9f6fe159d0e5f275c9ef9,anybotics_kindr
380,6d9d6007be9109f7fb5bfcd12e6a00ef6c724ba8,anybotics_kindr
381,6dde029c8a2086eb27405f0984ce6b77bcf1a4c6,anybotics_kindr
382,6e2659b5fdb5ee46387e5b41400fa8ffa02031e4,anybotics_kindr
383,6ebcf76cc05f9a48800e9a9057a51ba3d6d1a8ef,anybotics_kindr
384,6ee8b188321a39ae8229064d8dc8da304c271b6b,anybotics_kindr
385,6f95732b81912cacd8e60564b2a0a720afda9e6c,anybotics_kindr
386,6fa20618428449d4bf6c1276ad071efd8c6d34a3,anybotics_kindr
387,6fd65f139be9291e88bc74dde86b964e4aa8f25f,anybotics_kindr
388,7043cba06b5d088054e83069efd7526264569b6d,anybotics_kindr
389,70d84fe7798c934dd49656663eb20dffc6a82f97,anybotics_kindr
390,7129a0100a05054e26bcaaa3d3506fa0bcfe6717,anybotics_kindr
391,713259cee03147136e0493c9aed74c85d1d055e9,anybotics_kindr
392,71c666e4af53e82d9177cf21f9a5cfe1561c7d3a,anybotics_kindr
393,723f832c416f9f66f538d327a561f8e2143be472,anybotics_kindr
394,725bab86491ffad675209bb7120b7deb1b642be2,anybotics_kindr
395,7282cf667a5ebdba8f7465609b34202cbf69a454,anybotics_kindr
396,729f97a3a4a7d7239b669975de81241416d5e7ee,anybotics_kindr
397,732a34e9b0f31540cec3d94d681dfdb50468c63e,anybotics_kindr
398,73e5253867cfcdde7dd9fd7c60895b5b89c3712e,anybotics_kindr
399,74709969f2033204c50f5b89d60e9ad6f5df9e9b,anybotics_kindr
400,74b97396fbff117a38720f67a4097d32aed4bcab,anybotics_kindr
401,7533e05d6572dfccc8339692a456aa1d7b010197,anybotics_kindr
402,753fd9121fb4b8d3db6dca46dae1d33508d31b35,anybotics_kindr
403,76038288c4292e9f89115c0a542427b6b2f0af9b,anybotics_kindr
404,761303a6d82780b3e476473ba66a0c2abc623179,anybotics_kindr
405,76a4b2a75959f3e4a84bd41bd577ebe8655bd235,anybotics_kindr
406,76bcbe3ae9fed7aa1c1d89af317378b6f427844e,anybotics_kindr
407,76c1a88fff991889f872a8e309daae8dda95ec41,anybotics_kindr
408,76e6da08d235c9b52591879a4e07ff78b355f025,anybotics_kindr
409,76ee962db3055d670e57dbada119cac684d75539,anybotics_kindr
410,7733309cacf763dcab5bfc8fce632df74a6f2318,anybotics_kindr
411,777ec0778492841e77abe663f533eec31a07cfb0,anybotics_kindr
412,77f9b726f3a2daeed469b8dce05644e3c739968a,anybotics_kindr
413,784a19ed900d4e8160b7b5104bc75ce27af3ae89,anybotics_kindr
414,788279c182923647d04ce9e45add6b57a38bdfda,anybotics_kindr
415,7897d0a1fb922fe1dbd42fecbc43c8a6e3acdceb,anybotics_kindr
416,79a78fc17ce7fdd2918a5a0348bd38066cb1c1cb,anybotics_kindr
417,7a38e49c75e8c7172737cb3038e127beaa987402,anybotics_kindr
418,7ac1f3c4f3d2e0c311efc6e8f5d80ae45c174866,anybotics_kindr
419,7b0422aadbc686b3d95177c6e3da41fb1cbcd61d,anybotics_kindr
420,7b7d78fd1abbab6b77e0424ffc26f65a9c6bcae7,anybotics_kindr
421,7ba038283f8338d4ab54000a314c6b978686da21,anybotics_kindr
422,7c245f57b1d78b90dddc32c37a854fb45d690c54,anybotics_kindr
423,7c7eadd97fff65030934fb8e8a573d2ddd5ceb61,anybotics_kindr
424,7e0df2f7db5bcd9a768dfb06fb04efd249cf7f4e,anybotics_kindr
425,7e2f54cd122c9c97382bd038c9e599517b3d6fbd,anybotics_kindr
426,7e531cec1549d4062079b6b93a4370d3f20691a0,anybotics_kindr
427,7fee32eb32063319675c7b192ec770b5661f3bd2,anybotics_kindr
428,7ffcbd97f1f357595510300fbe665492899020bc,anybotics_kindr
429,80062b95712aab23c36e152a63bb619d8dd9dd9c,anybotics_kindr
430,8031e8f313fb5acc773fd9a386c113f0ea83c19b,anybotics_kindr
431,80694ea8442adf0f77893ab54bd97e80176499d6,anybotics_kindr
432,8071dfb0be2daee4a154e7264a7749497793d1e8,anybotics_kindr
433,80c5d206a54d5872ffa17224ffeac302208aabbd,anybotics_kindr
434,81206c24b9717d61c48474d9ede6fb3b0c7ed76c,anybotics_kindr
435,814422c3011131472e44d00108a2e048b3f1e5b9,anybotics_kindr
436,816a22b7def46ab43104dfa32b3a2fcb1111f057,anybotics_kindr
437,83206cffd4308d4ec7bda94e96ac4bcec5dbb1ce,anybotics_kindr
438,833a8a26b86434a5977f8ad872693eb5cc8b5109,anybotics_kindr
439,833d35ce0b1dab4d6c6284f69db9e41f2e5dc4ed,anybotics_kindr
440,842136023b50396aa7bafbd75cb1342980f64fbb,anybotics_kindr
441,8441c696a68ff6f6819a3aae9eaa993a28de3bdd,anybotics_kindr
442,846b54afcb27ecf6e0410e61fd0762e12bde9595,anybotics_kindr
443,847b6bbd25fff17e294225fa24008bb99248904f,anybotics_kindr
444,84c2ee4054d1f56d8171994d392fadc562b63454,anybotics_kindr
445,84e34fe3bad233e507cbe4fa150b06e121279893,anybotics_kindr
446,8540404c91c9a01bc9cd001dcc27af846832ad17,anybotics_kindr
447,85a9f70622f91c0f5b6ea74c4f6a4e5ef575055e,anybotics_kindr
448,85cceaf6784d339f0c45f2cafdd561208558b4ed,anybotics_kindr
449,85d0b59af9ca6f8b03a94653f64f53c6fdbd9d48,anybotics_kindr
450,85e15c22338904d1678919daca8a8925ffdccb4d,anybotics_kindr
451,867d7a19c223eb3abe9a1e613a242475f70b3702,anybotics_kindr
452,86a4c595a8ab77cd9a70dbb67b675f0e22b93efb,anybotics_kindr
453,86db8a5ea3b6cd902bf2b406a61763eb6bb063a7,anybotics_kindr
454,8718557ca5c338be5e6d4ea8d9dbbf18e6d3ff7f,anybotics_kindr
455,87c81b4585d3de0a1c24bf9e2108bd449332ca61,anybotics_kindr
456,8819f9a2d8b128bb2b8395c327ca6183683e9c60,anybotics_kindr
457,881b5369cb28a4a33254a3cd7cf9f4181c6186de,anybotics_kindr
458,8825b298fbfacb99f12f27c8dc37a2f4c97e6515,anybotics_kindr
459,886046d9010100214aa37d119439f9f60af5ff4e,anybotics_kindr
460,889ae677e144a0c7bb64ff2afcbc560fb5b76ae2,anybotics_kindr
461,8951c47e23ccce8437a0212b1597f2f347aed56e,anybotics_kindr
462,8957a494fd0945c0429c71bb10ba34ccd8bbf803,anybotics_kindr
463,8971f51e4f4bcef5470850e4a9401418a4505e38,anybotics_kindr
464,898df38f1f1a76a7896c90f5d6ee41db4b4e18e0,anybotics_kindr
465,899d8f15fccada6aa678846de8977b9ccde97c70,anybotics_kindr
466,89b044d5fa15925aee2e7bca7d00ece3e5829dac,anybotics_kindr
467,8a0a09a30c454ec6185f937cfce7bb241d06f7a6,anybotics_kindr
468,8a17b68c5754516eb79a155fd420a66957b7a748,anybotics_kindr
469,8a5bc7201613cdbac563db0701e084dc1ce6f98d,anybotics_kindr
470,8af3b42091f16c4183b318e9cc9662c7787724d8,anybotics_kindr
471,8b57df6a3bcbec8ab5727af4f16adec4a79bd0f3,anybotics_kindr
472,8b5b854f6a5171d4242d830bf6c91839862099f7,anybotics_kindr
473,8bb85adc0bc3ab2b45e1308bbda1eb54b3985b16,anybotics_kindr
474,8bbc8b7cd1759f755839c75140dfdf69b61037ce,anybotics_kindr
475,8bf8d01760fb5db17a4ff29c2e6e7cd8ed6b8dba,anybotics_kindr
476,8c9b3fedbf3f4b37f1fdbb4c22a6034f83acbe3e,anybotics_kindr
477,8d304e9570496f46682e65998ccb36e9c90a572e,anybotics_kindr
478,8d746d88664bf3aca7689e7e58e61aa7a83edb81,anybotics_kindr
479,8db69d6426817ddaff9d34f7c0bc261f805425c5,anybotics_kindr
480,8dec0bd5a611fc12f5c270298cd99318c1e023a4,anybotics_kindr
481,8e011a9c5a57573f39a28206d2b6478e4a6dbc8b,anybotics_kindr
482,8e131b346e9c938a185428a0bf2527f8443488fb,anybotics_kindr
483,8e3083719493e42b8c885b21ee9afa46507f5478,anybotics_kindr
484,8e5f281ae83bdc897191e38bca0ff49aa78f4f24,anybotics_kindr
485,8e82e86eff26d263a73f19d233ae4565b0b375d9,anybotics_kindr
486,8e8300a7d3314fdac3a88309a23361112ecb422c,anybotics_kindr
487,8ec3334f96275e76adb9fd804db1cc3a62d75cd4,anybotics_kindr
488,8ec37b5028cfc87972ceb3dfc7e1a7ca3552a3af,anybotics_kindr
489,8ed5272e7ebe20ab4b724f41a455264df89baa36,anybotics_kindr
490,8f25f52d07e34b35d14783aa57c3a9c38b880c2b,anybotics_kindr
491,8f7c207a8708b56bab42668d9ce76513c1aa4c97,anybotics_kindr
492,90629b9e40305ac7cf0a0d6417246ba4419e006f,anybotics_kindr
493,90e9fc8208b2533d57ac5b93d9dc6a7267a8e908,anybotics_kindr
494,90f9dc256950d90feb4f81440290b6cf84c15cba,anybotics_kindr
495,9128685162a7638b3b91ca0607828965e7e49f78,anybotics_kindr
496,92cf2fab552025075d079cbbf3d104dc1ce24980,anybotics_kindr
497,92e06333c8ddd9c8a5b55ea7169ac7afe6144424,anybotics_kindr
498,9352c140bf36ec56b27b5d484ae2db3732b66da9,anybotics_kindr
499,93783c6710e2a6236c1efe5891f77e27a7f9a945,anybotics_kindr
500,9391c2e93ca32228e62895032a7a662d04067436,anybotics_kindr
501,93a7f398fbef087d266703bda77ea74801fe0d05,anybotics_kindr
502,94d63ddb6d61fa339441d25249b7e6b0daf156f6,anybotics_kindr
503,9511128683f6506b0d137e3639efd19215f0e0e8,anybotics_kindr
504,9582a2a796707d56e72904ff65f0bbf9eea233c5,anybotics_kindr
505,95865664ae47ba2b77308611c2c6a34729fdc412,anybotics_kindr
506,958701fd5aaa1b721e41b88ab51cfed3ba050409,anybotics_kindr
507,95914bd0a97c0009ea1a76d61fc733c9f832a4af,anybotics_kindr
508,95d540d34f575fc62371190cbd39d6a31ca715e2,anybotics_kindr
509,95fdd54f46e14ac7aec2205561b8ff6d09898f59,anybotics_kindr
510,96d5a115b49c3095ab183a79495b5f2d83e9363c,anybotics_kindr
511,975eb7f8eb917cbc75c2ebc04e62e8230b1ca36f,anybotics_kindr
512,97676b0577400eb67f7b6f68ff2fa05e536ea64a,anybotics_kindr
513,9794c66192bb76cb248fa709db44407fbfb352a0,anybotics_kindr
514,989e9b8d17310ea13c2a7085e88397966a7e5696,anybotics_kindr
515,98b69a0e7605b59b197cf125f7df2085eb080946,anybotics_kindr
516,99156d0f5076411e9e91d6abc685d825ff59b90d,anybotics_kindr
517,99326d85b1ba24a9bc026bb78045bf77167a43f4,anybotics_kindr
518,995cf14be8eeab0a25ff581e6a7dbd0f55c8fce5,anybotics_kindr
519,99848d4dbc3c8224ceaa4a743497c9edeea84bd7,anybotics_kindr
520,9a0d954636278e79b62e21a2ea4d7d664265f5be,anybotics_kindr
521,9a3c087629d0744c367272ecb6f84f64c7a67dcf,anybotics_kindr
522,9ac2c3ba6eb189bbe3b787bcc916edd24e92d48e,anybotics_kindr
523,9b33f305ea32a12d823d74eb0df63e0da8e6e4c5,anybotics_kindr
524,9bb5fd156d22da9aa1c5b34f93dc49481fc9da73,anybotics_kindr
525,9c60e59648244e263bb43ea5196de2cdb595ecb7,anybotics_kindr
526,9d2c6e5c0637d31fddb3333e0cea8b369fb94959,anybotics_kindr
527,9d368b8d9e4b0fe520eb6c9c6f95d5ca6647b440,anybotics_kindr
528,9daa1b5c3421dbf591c388fe3d947d32a6a124e8,anybotics_kindr
529,9dcc24aba8c6883c1bd8b87fb7638ae1de40b3ba,anybotics_kindr
530,9e1919df86fbafce9b4e7219e7683e16a989a93a,anybotics_kindr
531,9e522a5500ef440b6404984a01e69cfb653ca158,anybotics_kindr
532,9ec372a0608097ce695f9584f375917a7cc62b84,anybotics_kindr
533,9edf8b53458c8be12ba6e9ba79c69aef5af86443,anybotics_kindr
534,9ee9d968240bf98ba37dd3915cdf5af95391a0e4,anybotics_kindr
535,9f754517870b770d1e678a7c741c688c2081ec68,anybotics_kindr
536,9f7fbbe65fa1ceed3af689148987364ba2b75b89,anybotics_kindr
537,a0319ba8184a8ef1bf997f3e7f556d0d16547604,anybotics_kindr
538,a0491f265f52a94ccf0efafbb632cc64a285c2b7,anybotics_kindr
539,a076e8899b7822dd2638f53a54c61211bbbc8c80,anybotics_kindr
540,a0e59b0a09114485010e52104cf1bc6e55132996,anybotics_kindr
541,a102a0ad2109d5347550aeb848d5e98f49da1a04,anybotics_kindr
542,a16ca0780a15bd420a8efcbf4b4835fc99b5056e,anybotics_kindr
543,a1a6bf9ce9b5ec4df0f9b51b8e1d3c34f8ef10c6,anybotics_kindr
544,a22710be24d239a447102e6df96ff8fefd4eb6aa,anybotics_kindr
545,a22d1205cb13a271c663be32824c05bb6af1eca5,anybotics_kindr
546,a286a26db7c63bc294020cc8408e2ef7cd0cd56e,anybotics_kindr
547,a28d1f42d02ab94c75874cee92a62edcf7720db5,anybotics_kindr
548,a340d84f047a1c155254236294bb55c44d0d26fa,anybotics_kindr
549,a351ff0d63dce9ff45b14aa906419feaeef88ba4,anybotics_kindr
550,a3fc2f8f79750ed24a8a78c6921657214095ebcc,anybotics_kindr
551,a43b2612a13ba623500cf372eb0452a1d18a5ece,anybotics_kindr
552,a473577fda04b93f41d8f261b3f09976f33f20cc,anybotics_kindr
553,a5062dce7bcb3e416cd4fc63622decc060c011d1,anybotics_kindr
554,a58338ebf705af13b54477fd7a3f2b4a19f69b92,anybotics_kindr
555,a5ce7812587081115546cc56bfdc184820790a6a,anybotics_kindr
556,a5dce4099aa2e1ad4d83ca02c2529621c182d5c7,anybotics_kindr
557,a5ef954dcc2cbba8de36e36e03f6922c9c486463,anybotics_kindr
558,a635a206c1d136d0d138b599c2200fee9be83be7,anybotics_kindr
559,a65d70162bd784931aaf0cede16c7d90a808db6b,anybotics_kindr
560,a6cdc0dd65f3dc50a929dd9771336362d2549a4c,anybotics_kindr
561,a71ad0eb8b590eddbd4db666500cdfef09fe140f,anybotics_kindr
562,a893b935768ea08b6040610937fcc7cfeb11c44f,anybotics_kindr
563,a8b3b82b2fa16ec06d0592b0e38e51d0d23a5658,anybotics_kindr
564,a8ffded21cbc2486583cb287a28992886f8df043,anybotics_kindr
565,a9920d758a8114da3148943dad3fa0cb95c19101,anybotics_kindr
566,a9c8d52e0828ebb94dbde2087eb7ecebf7744219,anybotics_kindr
567,a9e1a8e9c26854636e3ec39a289f0dd9cf703c53,anybotics_kindr
568,aa65f99c60a6ed7dc796c60f27fc77d07bcc09b6,anybotics_kindr
569,aaa3adc47566bcf33780c14453c2005b8d2e96f0,anybotics_kindr
570,aab5761b5e9aa963bbc34f04553208fb0afba30c,anybotics_kindr
571,aae34ac702bd01ea6b0da78b8f4bb9108a67ba67,anybotics_kindr
572,ab092c15ae1056527df24485e68c0d78833bd5d4,anybotics_kindr
573,abab300fa666455f67436ebf2f6a7a26f2aaa84f,anybotics_kindr
574,abee8ead371c57cba64d2896eab537e4702d07a6,anybotics_kindr
575,ac2121502c42ce52a489b30b36104fd070fc13de,anybotics_kindr
576,ac618a3ad4bd09e0c4ec810437463da4be1e9752,anybotics_kindr
577,ac656f4a9be296cf7ba39528bcda14844b036805,anybotics_kindr
578,ac73699cd3060af8207cd364606a05a3f40f45f8,anybotics_kindr
579,ac9dd838d24426b57a3800f3bcc2da059c0b83f9,anybotics_kindr
580,ace9a7a67fd1341607c10d481a34222f7822e8a7,anybotics_kindr
581,ad2492e8ffe566132aba90d305d082f5a40ee42d,anybotics_kindr
582,ad2bf5a665281ee7249ffd599d07ab4e06694899,anybotics_kindr
583,ad46432c94bd349947ca5f246db47235d8da6084,anybotics_kindr
584,ad6baeffbdda281eb05e5d71a460d2b64c7b685d,anybotics_kindr
585,ae654d49c0cdb9b9b11b455e32072d0a8897d79d,anybotics_kindr
586,aee2afa7494693624a9feb3b3fce4f46b5e1dadb,anybotics_kindr
587,afcc293a8986c760e365374e11455f63b99b6f52,anybotics_kindr
588,afde83e162cc3f7fe6e1d2a9811a17d4994d1ef4,anybotics_kindr
589,b107f9f2db862d6a53ea998f7be43efa717604c1,anybotics_kindr
590,b10e3fced1194017548a03290bd986073bf2f3f1,anybotics_kindr
591,b12baf732a918ac5b426d1cbe4a7d74e3765110a,anybotics_kindr
592,b15ac910b6113fc281985b0391bcaa41d05abce5,anybotics_kindr
593,b1afa9f10da0d3844a89b881afee6fa5768f2330,anybotics_kindr
594,b1c250d93c09a1429d6426f6422dcfc0c8e341e6,anybotics_kindr
595,b2c18a88238cad83ea04bd9457975b43577f0b6d,anybotics_kindr
596,b35ddb6ac6d44ebd374ac5637171e74cd416b127,anybotics_kindr
597,b3ad00d4d3951df23509aa338320f58209ee180b,anybotics_kindr
598,b3d8f4fcbf5481b3d583fa7594da1014491940ee,anybotics_kindr
599,b3e889110c055bb20983ce404310a6c0fd418293,anybotics_kindr
600,b5b1d784bdcd251f997337f2756a5b79ee899d98,anybotics_kindr
601,b5b97a6f8f00434e4186ad0e63b49ee535d610e1,anybotics_kindr
602,b6116efb9f2b676019ca44fdee2a386814d666eb,anybotics_kindr
603,b61ced3bcb35e64904e8be3fcf38a2e5d661ac9d,anybotics_kindr
604,b629cebc04a3ba4852668613d08825a7db131595,anybotics_kindr
605,b669b28e153f4cb1b61b846b942e444794108584,anybotics_kindr
606,b6815f552962bd956f6ca2b20061d59873e60e3d,anybotics_kindr
607,b715d558c146678e04d27db00770edd80598760c,anybotics_kindr
608,b75b609a73416abbf13f03a6f2371028237fb640,anybotics_kindr
609,b7e45fbdb2c3b20b43dc1f85b6de3177e7d31411,anybotics_kindr
610,b944b72e0df25fb63c1060e6b4c75b0b3cfcae7e,anybotics_kindr
611,b9a0c2cf1900ded150081e4834824088e6db8d4e,anybotics_kindr
612,ba3d132067c02fc96c866619aecac627c7c57813,anybotics_kindr
613,ba841c1a2771350ba1a2f55eaad12cadca893a24,anybotics_kindr
614,bac63f5713ea1a3c2952d7f37b708433849ffde1,anybotics_kindr
615,baf2049a24cd612852e9af811752b0177554180b,anybotics_kindr
616,bb1d1bc57c3a5e36bed26d2c459663fd51d9fe64,anybotics_kindr
617,bb3e83c9c6facb89020c98bc86219bf0ae9a991d,anybotics_kindr
618,bb4bab82b3a1fba8cccfd2cf497ae7e8bd0fdd09,anybotics_kindr
619,bb5b3fe0be4c78d6b317a866de6bd48030ea3363,anybotics_kindr
620,bb8429317f3d41180790222154bbb6b859cb6ac0,anybotics_kindr
621,bbb457fa48fc2a0359d4c268d580d415423538cc,anybotics_kindr
622,bc30122726518fbf34b19d5c33d63f45d18f2c1c,anybotics_kindr
623,bc479984181a90f0ede045b4b2825ea407db7f33,anybotics_kindr
624,bc88b7b06b3ed2a2d5e96f1782cd94ef02a60cbc,anybotics_kindr
625,bc9b575328d167aabef3cf738cd5ecd1c53aa847,anybotics_kindr
626,bd97c3f29a1dfb06711d78f713727f877e17c81d,anybotics_kindr
627,bdc29bf32fc602b2ed91bc297fc2f1faa62bdfa2,anybotics_kindr
628,bdc4507c1fac96a5d74df57ede38fbf5cf5162cb,anybotics_kindr
629,bdca1acddc4e4c0f2e5638d196907e00e996c179,anybotics_kindr
630,bdeae284e22ba5babec53f13eb509db457882d54,anybotics_kindr
631,becffbfcec5acb1de86f176eedd93cba9b416d5f,anybotics_kindr
632,bef9653d1d1dd4c16f7f2f440901dfcf6205d590,anybotics_kindr
633,bf0dbc3e821785cb26142834379532b38a1556e8,anybotics_kindr
634,bf16c432fa22478a56835ca8345705c7c675e53b,anybotics_kindr
635,bf2f62c0af0a1ea4703b7924e1ec788c2f452536,anybotics_kindr
636,bfcdf70dd95fc240c82bcedfacf0fd82eb0faf97,anybotics_kindr
637,c0ee89e5d07c033640ca06cb057a4f8180c95693,anybotics_kindr
638,c248f13e5d6de718eccefd35b2b303e9387f5dec,anybotics_kindr
639,c24a056bd27f0a33b4e8799ec8b6f4331de74b2b,anybotics_kindr
640,c28aecf865d472192acbf7bd0b105172991791a7,anybotics_kindr
641,c2a13d93a1c6bc492433e7fef039f4bf6dde61fd,anybotics_kindr
642,c2a3151cb56e36a6cf01500b996e4a749919cf04,anybotics_kindr
643,c2f18a70081b32e98a2e93bb904525076e1d0797,anybotics_kindr
644,c33c6a4acbb59c00960254d14d29136cb827f457,anybotics_kindr
645,c446affdccb9d14c79fdafcee017271eaee5fcf8,anybotics_kindr
646,c44e546cc20cfdf2b856838ee1061b6ae0b92258,anybotics_kindr
647,c4a51c22dc4fa9743b4202637c68d764828c55fe,anybotics_kindr
648,c4a6a8dca8dfab2f7097bbd6b802989bd702e81f,anybotics_kindr
649,c4b07cafa38a1beb0c8f036cb25baa6f42c57c0c,anybotics_kindr
650,c5095485adca2f3ec2c274872311ebc6f866977f,anybotics_kindr
651,c52c1ca35ebe682007f349f4ebbd00daf4540124,anybotics_kindr
652,c5696c1296974da96b2ece745172b1e9a08e6ca9,anybotics_kindr
653,c5875cda487de92b01dedf4fe462bc9cdea16aa2,anybotics_kindr
654,c60aeade889b3c0bd36f9a99b9d19ebd115efaf0,anybotics_kindr
655,c69c3bcbd0e228ee36c940082ccb515054311373,anybotics_kindr
656,c7a0aca308fab2d7149674a71966d7f87e2c34ba,anybotics_kindr
657,c7dc9541e20b2a89a788ae9fa8db75fb377c3a5c,anybotics_kindr
658,c83d3d6047b62c61bab0ccdd98010f09d5e76f57,anybotics_kindr
659,c87a7179529087bfb7ef36a488a2e920584ceba9,anybotics_kindr
660,c891e9e7446aee854f4f01eb23772cf97b1ba7ed,anybotics_kindr
661,c8983a187860896532dc3968a6f39eec0e780bc8,anybotics_kindr
662,c8f172d8b5e0c6f4f7f54449ceede68a5580085f,anybotics_kindr
663,c9098debbf29db3a64ece310c52407ff95a474a7,anybotics_kindr
664,c9518c896f6f325b33a07863c4832d1aa4035ddc,anybotics_kindr
665,c9b015b1cc2067dbeea4774b7b5d9581c4883e4b,anybotics_kindr
666,c9bb843052d165c6df2dd43ffca4601eefcfa802,anybotics_kindr
667,c9ef2552fdbaa492fcedb3f417cb55d78f81fed6,anybotics_kindr
668,ca6de4ba8c3bc493ff3ef1caad6d1a7a5715016f,anybotics_kindr
669,cae6276bf19b44647488ace734b5f2345dc61bdf,anybotics_kindr
670,cb1c00e7a0365422f876df1e60734bb3684be990,anybotics_kindr
671,cb60f6a4e05008c328772b6a9573859f81f00be6,anybotics_kindr
672,cb8edecd9ec7831ac9c9ab1d2756f59b45c6910f,anybotics_kindr
673,cbe03b367c437766c20586f3b57817ac9dac2396,anybotics_kindr
674,cbf5ab24c1c1f3af593f5981258fb4d94cb82f65,anybotics_kindr
675,cbfd77b1f06b1577e89153431b97416f32fe4cc5,anybotics_kindr
676,cc22b1e4af01994f9b21a815b4ea11bd5d3b8b3a,anybotics_kindr
677,cc3310fe98b2fc945704f97638f59b31695e1164,anybotics_kindr
678,cc44e41a364cef7074a58da52cbf9187b7f73570,anybotics_kindr
679,cc8e8c84491b946f229cc8a63fe9ea823d8ad96f,anybotics_kindr
680,cd4d9807fca7128016d6f0bfd0b41d31678381fd,anybotics_kindr
681,cdabeff39a4a44ed08f2b88f3a41442447bd3b84,anybotics_kindr
682,ce2f8d69275dc1d34d884bb8c5229aa8e23ea2cb,anybotics_kindr
683,ce3215e0db0e0c54b00765b0e79ff98b48d99729,anybotics_kindr
684,ce41b838f0c403b972680da2607f31a0c0ce0640,anybotics_kindr
685,ce72b952d7bdcd00948ed8dc5ccf2f066bd112ef,anybotics_kindr
686,ce9b57dcebebe55a783b57f1d1a349923b056346,anybotics_kindr
687,cec35abc6c0080d609f95d543589fb743631c43e,anybotics_kindr
688,cee1c887a63b9c5af8315340a529928865f8b066,anybotics_kindr
689,cf0afd35ddb74d48ab2ab2f45b2d923c5a5a1196,anybotics_kindr
690,cf388d160aec17cad5237644a554005e0d3694a7,anybotics_kindr
691,cfa7743791289429e0666dae1332aee7be41e224,anybotics_kindr
692,cfc63346d9f139a70e4416a2e1ad5f9502bcfee1,anybotics_kindr
693,cfc7b056ed953c54906c7bb753507e16b11aa8e9,anybotics_kindr
694,cfe3a82d12669e391145e6b184b6ee4e565945d7,anybotics_kindr
695,cfecefdae04b94bd6ebac490f935f8cf0b473d95,anybotics_kindr
696,cfed28271096f0afcd41678b35c060ad1be9b1c2,anybotics_kindr
697,d1052abfd3804d9409a049b21f580607dbcd7442,anybotics_kindr
698,d16112787cdbc2ff798d44e92501e923e5856159,anybotics_kindr
699,d1be30ed13f8447974bc50dac678d812212a6c4b,anybotics_kindr
700,d2484a5aaa2f61567fafb7685c6a9cd213700718,anybotics_kindr
701,d2b448ae83c988c92385c243ce441acc680040b0,anybotics_kindr
702,d3048a26e30e618bf210c0988202b067e359f80b,anybotics_kindr
703,d32a2395998900454a052ccbae49061e0099bf30,anybotics_kindr
704,d33eb0c4e33c207c41ad655b3d4b4462c774763b,anybotics_kindr
705,d412f3837ed485aa8613302a24ead2f9937568e3,anybotics_kindr
706,d45ce5ae66969bc994010cac5f320e7b5ee29f80,anybotics_kindr
707,d48db4cea7c588940886b8bb20c378a1416378fa,anybotics_kindr
708,d4abe4cba5d2c6f58ed2fe783f97aa41b9fcd2ec,anybotics_kindr
709,d4d170aa8645184230ea2571abc7e63eb46b4fc5,anybotics_kindr
710,d532981913ebf01a5767fb020a8074ca0e470707,anybotics_kindr
711,d54d37dd95b6140d848c557107825b4e178d1f88,anybotics_kindr
712,d55e3394c41cdd38198140fd62b80823a4d1ebe4,anybotics_kindr
713,d55f3a4fb17f643803b1f1a8e7a1cb0ea5268e4e,anybotics_kindr
714,d5a949d9b09b5ccffa4c20cad32359b7ec86e23b,anybotics_kindr
715,d6333084573b47cba78f97c3505e215122f46dd2,anybotics_kindr
716,d71d3cf6908e3e915d71c736740ef04bb347a7f9,anybotics_kindr
717,d77f8077c32f95d5c92a11e2928f7ef428d7a6a3,anybotics_kindr
718,d7efd398b4a3881a9b6519a0ebcc3e5d5c9006d3,anybotics_kindr
719,d8321ef8b0b1682704a567cc0bb8dde23183cafb,anybotics_kindr
720,d84912482813821edc95c056b87cc6aeface7d7c,anybotics_kindr
721,d86b7ff096fa745cb6566a6716a9024a966c82c5,anybotics_kindr
722,d87ede35b399e95baaef05126d32bfd4c593c222,anybotics_kindr
723,d88ad07e0db1f893393d35ff10f9761200d09ba9,anybotics_kindr
724,d8ea8e3f4537acac82d1ef473c9d9215ca1bf99d,anybotics_kindr
725,d938fed5184dfc34ca5bdd896d55dfd780b8640f,anybotics_kindr
726,d9941aef77aecda6babe025aabfd3d04047370b8,anybotics_kindr
727,d9d14da49f29771023e012c0af1dbf977c8a5519,anybotics_kindr
728,da0637850b8f858dbd4414ceaa1c602e465f27de,anybotics_kindr
729,da6dac051f2c1180e996e318b043c3662781dcfa,anybotics_kindr
730,da9db5b68b9098e04b1582c5c639d3a89473c5d4,anybotics_kindr
731,db8da302ef55767f8687b0087e4f38cb735288b0,anybotics_kindr
732,db9ef0a485678caa79b8d01b79fbf04c1b5fb6ae,anybotics_kindr
733,dba3a5e10bc03998e0262702e0c18e57778bc31c,anybotics_kindr
734,dc1de83088ec45aebb4b5258d0c1f4112d91f482,anybotics_kindr
735,dc493728f80a87fa67c170fdd08839db3ef0f5ac,anybotics_kindr
736,dc9bf58886b2585623c2017c668d65d23c2bd65e,anybotics_kindr
737,dcc86261ffece628356da24eab17f5f6b46b4479,anybotics_kindr
738,dccb044b6a1aad861ce409dd30c5407a9ed95556,anybotics_kindr
739,dd32d113ecc8410cf9d8d58be8c303530e341960,anybotics_kindr
740,dd37fafda1360a59b71ed7e45a37071858471d5a,anybotics_kindr
741,ddaeb88b14b34bedfc03bf0df51d71d635caa03f,anybotics_kindr
742,ddc78dc1d61552123dc1e0120f76a7d56beb9947,anybotics_kindr
743,ddc8c53cf636ca85bc887e994e83b64f934b8ae5,anybotics_kindr
744,ddd793e2f7af628a29070cab48bee95f88a8dffa,anybotics_kindr
745,de3a4ce5163b0fd2bfacd871857eb24f80a7d02e,anybotics_kindr
746,de58bccbb37194f5d688793bfbe78bdfee4e20ee,anybotics_kindr
747,dec59b7e5a2e67a5143f99dee29d419ee4e98d01,anybotics_kindr
748,df55bb42730603b82d80076a13c5be3e92a3bdc6,anybotics_kindr
749,e040de0dea900d774c63bf65b82ab503c226333b,anybotics_kindr
750,e074127439f69a7624a946143f398004ecd86f7a,anybotics_kindr
751,e082122986742d9ef5bbb7393c977318f53c35ab,anybotics_kindr
752,e14abd7b46fea18cfdcc9f1a62ef1d62143ad116,anybotics_kindr
753,e18abfcad4d4faafe0baac4fff49402276bce76d,anybotics_kindr
754,e1b2620919113a5ba135650a79b0f681ccf57d8c,anybotics_kindr
755,e1bb08357e38b04f0c8ca653c8626300816e85f6,anybotics_kindr
756,e261592baac69406c072f99e7ae6ee836187b8e2,anybotics_kindr
757,e2ad1647b9595de5942379917fde6115b567dfe4,anybotics_kindr
758,e305098f4bf0d3469c785f926600d6c7b6281965,anybotics_kindr
759,e30c2c00cfb541b3d0d35b67a57498c61bef3be9,anybotics_kindr
760,e345b74076eb9e89e26a300277af629788d9141b,anybotics_kindr
761,e370c7cbb74e32c61dba188a3f9abe69bc2908ca,anybotics_kindr
762,e3742b830b70c2781e8c1e57d242ad06cee03a3a,anybotics_kindr
763,e386ecaff21d07854a43b95a307b328a89be475b,anybotics_kindr
764,e3e5a119310e64758685a967026eae7000a44a2a,anybotics_kindr
765,e41b9331a8c86557cced1ef379d3b13ebf82bf2e,anybotics_kindr
766,e41e1508a48f94e3a6ede373cbfb5426b98774a0,anybotics_kindr
767,e45c1e9119217a6921e61ebf88a56772a4172730,anybotics_kindr
768,e463240a702a0516396700b15d27b91f68c26a4f,anybotics_kindr
769,e478d1a679bbbf72706c25a40754d9d38761ceb9,anybotics_kindr
770,e4cb4585c64a05e3258ffca25c955de3efc46fe7,anybotics_kindr
771,e5b16b9faf70d30c57e540ffbfb69b3207172d08,anybotics_kindr
772,e5b31b5bf088e8aacb07c93e7097cee91e818b59,anybotics_kindr
773,e63c2805c719fea1c175bed05fba7d597704552e,anybotics_kindr
774,e6a0607d707d81caa9dc73b2bedd5dc675f99f72,anybotics_kindr
775,e7755917717ec4866185cca0785bd9fd9ffc89cf,anybotics_kindr
776,e7ba151afe92f0a6c3a8391ac08949c4def3d851,anybotics_kindr
777,e7ef4354ae38393783633ec72ec818d22f37f0cb,anybotics_kindr
778,e824435d1507ac27a741fcdcdd2b404e78a7b2c2,anybotics_kindr
779,e844eb56318a6077c2917fdbe8fea46b728668db,anybotics_kindr
780,e858b733707503f0a9463d5463e86c484765975e,anybotics_kindr
781,e8920d2ceb9e25f6ba8972059ae21610f944a3e7,anybotics_kindr
782,e89938d20a2adc00cdcc5cba8f3434b055429522,anybotics_kindr
783,e9596f5c42370e39e2de7487441eb0aafceb4dfd,anybotics_kindr
784,e960546b67987ab685cd82f5bb56e723ba4331ff,anybotics_kindr
785,e9b69e6ab458ddd2af349da1753376b8dc92c576,anybotics_kindr
786,e9cf252cd51685c2080c5f57a647f95c773547b8,anybotics_kindr
787,ea25b21aa460a8d4c2e2be2dc25c3bb28d0bb9e9,anybotics_kindr
788,eaa1fd3102d541ccfc9273affe65a37f1c847e24,anybotics_kindr
789,eb5f9abbf4d18ce51d6f6a6ee319d7d412b25865,anybotics_kindr
790,eb6bbe6b2582ce8753a941f299760b56997fb2a0,anybotics_kindr
791,eb77b2ec2a5334c0d9935de927fa43d8a71537da,anybotics_kindr
792,eb9ad8ee08672c1bc7f4cd214e28ed331bfe7fb0,anybotics_kindr
793,ebd9f33e6642b4360e341fbf4b62f4b9bc012d9e,anybotics_kindr
794,ec4814466aefe122d6f233c7dca9cf3cdccea691,anybotics_kindr
795,ed179e705044ed1ca695acf9e3d383259fbf05da,anybotics_kindr
796,ed9b0bb0b2b21fb0930fc0068513e67439084d46,anybotics_kindr
797,edc615998e5e90518a441910601938d45ec0773a,anybotics_kindr
798,ee0fb0f2245e9a7dcf82e6e33d26fdad0866219a,anybotics_kindr
799,ee2a4b87a8875bbf55559ebf7b2798aecaa48b7a,anybotics_kindr
800,ee8f1af242e576e31ba5e09405d0300799d52c85,anybotics_kindr
801,ee96d4f871e016e715371a7a46da123e460b1090,anybotics_kindr
802,ef3c10469878263670b07ccde2b68d84c11476cb,anybotics_kindr
803,ef64c348c63957cdb29d42b27e10464497de78f2,anybotics_kindr
804,ef781a0ad9089dc4860555474164e1bd7f201949,anybotics_kindr
805,efda0d2b58b3e218abf7e45bd5eeb93a33f3424f,anybotics_kindr
806,effe317827c2b2a0ae26540a77cccb7083e1c49f,anybotics_kindr
807,f045e0943ec49a22c2a3e6f3c9e51d1e701700d6,anybotics_kindr
808,f10effd36a9c6a8b2f7da94753eb855966948a6a,anybotics_kindr
809,f1196298d678583bd71a397048cc877f908e257b,anybotics_kindr
810,f150b16f73a1a8028b36b80cf4ccdc941ac942ff,anybotics_kindr
811,f1ddf9e8004e43f25b4919bb7574df7ef50f4547,anybotics_kindr
812,f1f3290ab68810e5a1c635c472b891e29fe94ce0,anybotics_kindr
813,f20e6e5a14b422be6259e41d7427ad7eec4124e7,anybotics_kindr
814,f29ad7cc0960b4f5d1b72ae69e8061d88693d411,anybotics_kindr
815,f2a5f51703f51d087ca8f992cef746ad9151e05f,anybotics_kindr
816,f3187d34efe7c326c17219bf7294844b5158c83a,anybotics_kindr
817,f330fd4f77a3e643ce95d5940a4e487df1f0d1e1,anybotics_kindr
818,f338de844492fb488e6e1e8ed8a7a58fd7a26f9f,anybotics_kindr
819,f35ecf7d9891c5677d65db13275cd10553475fe7,anybotics_kindr
820,f372b0c84ea7e725eca2548018d15bb9757549b3,anybotics_kindr
821,f378d2e1695add549dd034c4e974db646a5a3600,anybotics_kindr
822,f41792e91d5a254f853e3efc8bec8d7e6751c950,anybotics_kindr
823,f428d843994399b2cfccd1e7e3c53e4c8112c7c1,anybotics_kindr
824,f46a5aab52049632509e7838297afb62ff772769,anybotics_kindr
825,f4be05c0c867c2f0a669e6914bb345fd92a24582,anybotics_kindr
826,f4c2502a9c89a69e5a09bbe886ada99f15b64477,anybotics_kindr
827,f4f196a0dae6a5aa64ff4192b3c4f0d656b3d7aa,anybotics_kindr
828,f4f202cefafbc382f07186d672f6149b58895154,anybotics_kindr
829,f54f12cc46c31c6d1499077d775ab3a966656f48,anybotics_kindr
830,f5c6b1b3abd850e353e014c284768ae1f0fd2e98,anybotics_kindr
831,f5d33b0f91682a337112056b7daf1e2761c7a232,anybotics_kindr
832,f5f597d173584f31f5475ba802e7da7a84db25ea,anybotics_kindr
833,f6213d365238ceaa5f9db14022cd02f1a7fcb062,anybotics_kindr
834,f647695d35a5f0bf434b5295be3a90d5635c31a5,anybotics_kindr
835,f6a588c54f1e889585184fc7ea84dcc740db8955,anybotics_kindr
836,f6b6ace0ddcefeddc2d7dbe4e92691c9cb06a3e7,anybotics_kindr
837,f7b18d88c9677b2f922f7c80b3f80a22341ab2e3,anybotics_kindr
838,f82fa5970829ff4e28f400c5d725779b5314caae,anybotics_kindr
839,f859e997fee7f06355dc799ca02f81e7c3d76b96,anybotics_kindr
840,f8613ecbb7632a33abebec6ced3354c5fea81b42,anybotics_kindr
841,f8b42993741a51a1d5f8189d00fd13ad4d4c0aa2,anybotics_kindr
842,f8c7e16b0dba6bd916b123c78faf77df89ae9c0a,anybotics_kindr
843,f8d7492ae6114ebe29b55470602a3da998d724d5,anybotics_kindr
844,f9655f0c5909a8536546202653ad44e4e19a04c8,anybotics_kindr
845,f96dbc2786cb3474b0d618f2dfe0943d817bd991,anybotics_kindr
846,f96eed3e758122255d6bdd82a8d06bbf3964caa7,anybotics_kindr
847,f97c4dc15e276d32e0f955c9ebf410ce37566d2b,anybotics_kindr
848,f9c294e800438baf09a2b0ef35a83469c5dcbe52,anybotics_kindr
849,fa52c5fe618eb64625cfd6c9d1c7947236a604ac,anybotics_kindr
850,fc27690af608e3078a25f94fdc3aa8a62cbae1be,anybotics_kindr
851,fc458e31c02b8e6898eae6a651cb620035bbfe9f,anybotics_kindr
852,fc5f6bad76dd19ec4984518c550e070cb968fd2c,anybotics_kindr
853,fc6d0a03244d3b41f76d81c78cfa4700b267e7bf,anybotics_kindr
854,fce9823c5894cb9e7bc490f4fa31333ea42d79f3,anybotics_kindr
855,fcea3c9bb9d7af93c6a781288a2ec0bf334c0d92,anybotics_kindr
856,fd0074893ef202617b23445be72f063e48f77925,anybotics_kindr
857,fd75e1572c585975b7e9e28394edcb3b12c4d96e,anybotics_kindr
858,fe0f871f575eb73e75a6a201a0286a60b051c6cc,anybotics_kindr
859,fe4db29f1f6978201e3cfc59eb74f69dedd24a09,anybotics_kindr
860,feadf9e179b8cc979f44927e0760e5cb1058ee54,anybotics_kindr
861,febb6c416bde38ded4d5544f565904e1a5946d3d,anybotics_kindr
862,fecf4e492eb545b8f9ad710ec9f2aaa230698613,anybotics_kindr
863,ff3451ed13e766d140e3a438fc20afd2c2e3aa3f,anybotics_kindr
864,ff96624cc57407d2d9f98a815ca63de8d92f918d,anybotics_kindr
865,ffc9c4b72eead0f392e8dca9062dcffe8635fa8a,anybotics_kindr
0,005396f101c38852c9d63e50a88257b407148ec6,scikit-fuzzy_scikit-fuzzy
1,00be4d2dd79b60922eafa08a88e5c783d80e62b2,scikit-fuzzy_scikit-fuzzy
2,01850fde4fa60304e627b0deecfb1f6cc959f2ea,scikit-fuzzy_scikit-fuzzy
3,01c412641183fd93ecd6065df784c17097991370,scikit-fuzzy_scikit-fuzzy
4,0206763b3d293f753ea19a070b1b1dc8e9cb2739,scikit-fuzzy_scikit-fuzzy
5,02331e4934b83bcc9d8c42c442f859397b3b18cf,scikit-fuzzy_scikit-fuzzy
6,028428c054be584584846e8bcba061d8c973ca7e,scikit-fuzzy_scikit-fuzzy
7,02fd689da5dfd284f3ac08d5576b1bb95dfa3fd8,scikit-fuzzy_scikit-fuzzy
8,0355e6eda886eeff35a19c849ef80afd4d49004a,scikit-fuzzy_scikit-fuzzy
9,035f4db28d66939a57aa9b6932c4fb416db3471d,scikit-fuzzy_scikit-fuzzy
10,037443a9e4ba7227c6a0aca237f765282b438d63,scikit-fuzzy_scikit-fuzzy
11,03c7e1ae8dc0db2d41c79e47e106887e4015e333,scikit-fuzzy_scikit-fuzzy
12,0540c245daa6140d6ccc7951b3d0cd03edde3d0c,scikit-fuzzy_scikit-fuzzy
13,054543037b6dd0470416f03e590bd2cbc4e0c088,scikit-fuzzy_scikit-fuzzy
14,055a82a6cf0165d943e545fb4164187a193a115a,scikit-fuzzy_scikit-fuzzy
15,05d8fd7801ea78c0ee5a0394691d08ab1724a210,scikit-fuzzy_scikit-fuzzy
16,06728d2e5a2e9399b182a95473135d3e9c64164a,scikit-fuzzy_scikit-fuzzy
17,06b38eba8375d4901ecac09a1c638045d2067d09,scikit-fuzzy_scikit-fuzzy
18,074f9fa43096bd1abd79ec62e52ea835eb9f0133,scikit-fuzzy_scikit-fuzzy
19,075c1760c2f2029d5606ff03ced750514b184246,scikit-fuzzy_scikit-fuzzy
20,07db549ddf56bffbae06016f6765e6700efb1e53,scikit-fuzzy_scikit-fuzzy
21,07ff07017491792c9e0eadf782ac258218ae477e,scikit-fuzzy_scikit-fuzzy
22,0832efe8f0f6d5260625d15a59b3d28340c4b3be,scikit-fuzzy_scikit-fuzzy
23,0835dc0654bb146a90f0e7bf03558aca7888fe93,scikit-fuzzy_scikit-fuzzy
24,086b0e199048d5994346738c570222c3235970f2,scikit-fuzzy_scikit-fuzzy
25,091b22bc807ebe095922798ff631a396d1ef10b5,scikit-fuzzy_scikit-fuzzy
26,09ccfadbde9659e63c057dd74f57c652ded6cae1,scikit-fuzzy_scikit-fuzzy
27,0a3370e1d5c636e4dada4883e0180b58cccba96a,scikit-fuzzy_scikit-fuzzy
28,0a37f829d1d1b4a136d0716dafbbf806fdce4f13,scikit-fuzzy_scikit-fuzzy
29,0a6cab08be96bae5a4ed62ead096cd19841c24a9,scikit-fuzzy_scikit-fuzzy
30,0a84a50bd1f3e768eaf7a5e29a5e1f937c9fe03f,scikit-fuzzy_scikit-fuzzy
31,0b18264cd8225c5330104f8dc163c179cd365ee2,scikit-fuzzy_scikit-fuzzy
32,0b30e43609e9ae2db37c0299ecf8f115a8fb2541,scikit-fuzzy_scikit-fuzzy
33,0b67b40f14b427fafd51a59140a949487937abaa,scikit-fuzzy_scikit-fuzzy
34,0b862281634e17e41216aee62a3dd4a898550ff8,scikit-fuzzy_scikit-fuzzy
35,0bb812074fe97ea16110c77b24da4a2481cca51c,scikit-fuzzy_scikit-fuzzy
36,0c8377490a4e6d94a36988e4ff0c3fa61f931129,scikit-fuzzy_scikit-fuzzy
37,0ca63c9f1d9cd1c7810fc29bf559549a9e57a89f,scikit-fuzzy_scikit-fuzzy
38,0cba1b28138af8bee9f44e88c6594dba4fde7647,scikit-fuzzy_scikit-fuzzy
39,0d66fa05077f84a8b0d40ffdaaaafe985bcb6fa1,scikit-fuzzy_scikit-fuzzy
40,0da81279dcc39864590fc4eb927f3a4d24db0ec0,scikit-fuzzy_scikit-fuzzy
41,0df6d4cb9ff8a875f95cdc43d509170ba2cad5e1,scikit-fuzzy_scikit-fuzzy
42,0dfca6ddb563d7f1d8fb8b74a1a530de4a6133c2,scikit-fuzzy_scikit-fuzzy
43,0e265637218d93a7c56dc7f2a2df6078f13d22dd,scikit-fuzzy_scikit-fuzzy
44,0f1a60bf649d5a954ee4eed8bbd167758b095477,scikit-fuzzy_scikit-fuzzy
45,0f1c35096542891848fb7187f9c087623ad3741c,scikit-fuzzy_scikit-fuzzy
46,0f7fa4c4867e702f414096723d07c75641d12230,scikit-fuzzy_scikit-fuzzy
47,0fbb0f711fc914dcf930b7a43d59857ec65e73f2,scikit-fuzzy_scikit-fuzzy
48,0fd13022508ef42d3673696a84eb440cc7bece99,scikit-fuzzy_scikit-fuzzy
49,0fd45efc40693fd93a20a60847cdde82b433f97f,scikit-fuzzy_scikit-fuzzy
50,10257abdbaa2e8e459f06d171c43543f4b608a02,scikit-fuzzy_scikit-fuzzy
51,103dd161d29346c9d5d8908c3380318215b97b36,scikit-fuzzy_scikit-fuzzy
52,107b399c7a9d879d015bea00a3362fe9c7b37675,scikit-fuzzy_scikit-fuzzy
53,10a35b23af005c36d127ef9ef6fe43d559bbd3ac,scikit-fuzzy_scikit-fuzzy
54,1111f0f7c39f97c9b697ada7163ae5bad926f018,scikit-fuzzy_scikit-fuzzy
55,12387e1707b595f85ddac7df12e16900ff88f827,scikit-fuzzy_scikit-fuzzy
56,1253fb0d823ba657b041bb3c3b8a324b3ec05906,scikit-fuzzy_scikit-fuzzy
57,13e7085faba4dfdd00f345fceab8b75953060ce8,scikit-fuzzy_scikit-fuzzy
58,13e7c922d4f6374dba6a6541326a800483b2297c,scikit-fuzzy_scikit-fuzzy
59,1401803a8d46e6a782ceb15a142a1bb2311074b3,scikit-fuzzy_scikit-fuzzy
60,143e142c4bd5cf3ae4d76a43c66ccd4aee9c159a,scikit-fuzzy_scikit-fuzzy
61,1463d3319c17b29b446f0aafac43265fffc8dd6a,scikit-fuzzy_scikit-fuzzy
62,1471b31ec673c2f42df22c1130c07c842cd83247,scikit-fuzzy_scikit-fuzzy
63,15524bdf558f4a3cf6ba58605466419732eabe75,scikit-fuzzy_scikit-fuzzy
64,15b6e45a818e2e893b3bf8258e0308510677f12f,scikit-fuzzy_scikit-fuzzy
65,15bbd7f0f4a591bc363ae7241a925697d4cbb91b,scikit-fuzzy_scikit-fuzzy
66,160561dbb4cb209c095df7f999fb25e020c96f82,scikit-fuzzy_scikit-fuzzy
67,161eb4feda97ebc781eada7cd9a5d8228a77889c,scikit-fuzzy_scikit-fuzzy
68,1683d60d169cab5284fc372dd79a3cda703afdce,scikit-fuzzy_scikit-fuzzy
69,16cf3e22f0cc2c6aaef6bcc98c1adbd015800664,scikit-fuzzy_scikit-fuzzy
70,17c034f47b4b61ca411f3984b94fd7a6fc7f878d,scikit-fuzzy_scikit-fuzzy
71,182d90ef346688223db7a817597b0f72d0e6b135,scikit-fuzzy_scikit-fuzzy
72,18f77ef5d206415e4d66cf23cf77352ee1e72bbe,scikit-fuzzy_scikit-fuzzy
73,1940a10ba9442ed2aa1ebe345027608147fb70f5,scikit-fuzzy_scikit-fuzzy
74,19edcfc1e7599d80a812a0f987ea18dc72422a79,scikit-fuzzy_scikit-fuzzy
75,1a07b54e71d2b42802e42b4ae93c4d6847f78765,scikit-fuzzy_scikit-fuzzy
76,1a5ec0fe75d2eadd60e7576ee84d3f09e399bbc1,scikit-fuzzy_scikit-fuzzy
77,1a81e4b876fa26202fb2a39c3198eab569726308,scikit-fuzzy_scikit-fuzzy
78,1aacfe644811fee17f21f7790f2e158947647d29,scikit-fuzzy_scikit-fuzzy
79,1b628dd7f2c9f77ead8c9a742eb69be543a23ce9,scikit-fuzzy_scikit-fuzzy
80,1beac70270f82ec8f04750ca11054b667f496965,scikit-fuzzy_scikit-fuzzy
81,1c135bfe773c4559024f7ced2df6a0e9e08ead22,scikit-fuzzy_scikit-fuzzy
82,1c62c00fd218d47d7b15be021d6b65045ade958e,scikit-fuzzy_scikit-fuzzy
83,1cba40da09180c44fc5a19e8907c21a5a4d83d04,scikit-fuzzy_scikit-fuzzy
84,1cff29e6ff31274d62f28e451dd208a55c301f0e,scikit-fuzzy_scikit-fuzzy
85,1d5ba451aa5fc211759ee80d6e004ba0ce703e46,scikit-fuzzy_scikit-fuzzy
86,1d6e637d0cb01d68c1c8ad0bc90719f602e59b07,scikit-fuzzy_scikit-fuzzy
87,1d963ec49d2807f0073cda0b97c09cab24eab174,scikit-fuzzy_scikit-fuzzy
88,1e4bd8ede7b0b7cfe48274380f8151ad0a9e085a,scikit-fuzzy_scikit-fuzzy
89,1e8f7a49b29a2191b75b6e034c70e84023f9b4bd,scikit-fuzzy_scikit-fuzzy
90,1eaa500efd34daa4955a460fd499e55c228a4268,scikit-fuzzy_scikit-fuzzy
91,1ee89c18e2ad9f60f72a66bb65bc731457a73229,scikit-fuzzy_scikit-fuzzy
92,1f1a398163f1b6584ee258b39f54e5bfdb6766fb,scikit-fuzzy_scikit-fuzzy
93,1f2cf05b72e4f11ab3cdc4c73e91e6d306b4de2d,scikit-fuzzy_scikit-fuzzy
94,20247065edfc2ac16c396498afa37942f0c6560c,scikit-fuzzy_scikit-fuzzy
95,210f3614ce28d08248ba84b7c21119844753b92a,scikit-fuzzy_scikit-fuzzy
96,2203fbcb7f21bb94d2731c7966cc11ad155eb9be,scikit-fuzzy_scikit-fuzzy
97,225030695ec785e95a7c8985a45defb1083608fb,scikit-fuzzy_scikit-fuzzy
98,2254675d26867f640376915e852691dff9d01718,scikit-fuzzy_scikit-fuzzy
99,2289f5c461405c937b5633dac7045a923169fa17,scikit-fuzzy_scikit-fuzzy
100,234796ed868a1b1db58b750ed7441a6df8881bc0,scikit-fuzzy_scikit-fuzzy
101,239619ec583ec32ae5788170a69cf00ce4da8afd,scikit-fuzzy_scikit-fuzzy
102,2455302939bbb6d4dcf0a6d469eb36eff9c2894a,scikit-fuzzy_scikit-fuzzy
103,24f39d9bb4b12368ff9e78b3348ab974df6616f2,scikit-fuzzy_scikit-fuzzy
104,262af711726bc4aeec70211b27142bcf40627eb0,scikit-fuzzy_scikit-fuzzy
105,26c7ab26857afa266871ac8bae938f1179fd4a31,scikit-fuzzy_scikit-fuzzy
106,26cf8db3652625f5c4a2949d7905f5625f925d2e,scikit-fuzzy_scikit-fuzzy
107,26fa206f47ea0534b4c606a5f3d705b1c716aa43,scikit-fuzzy_scikit-fuzzy
108,275039db3c114db29bcffc2991b5dd77ea9cf013,scikit-fuzzy_scikit-fuzzy
109,27ff7f6b794e36b352239ba1d4906ce96ea0c641,scikit-fuzzy_scikit-fuzzy
110,281f2154657543204f92e2efb867ddd265e0dbed,scikit-fuzzy_scikit-fuzzy
111,283f611d539813663140518e99a7d0740c66054e,scikit-fuzzy_scikit-fuzzy
112,28c1f8a87b2791d904d58644765c4b010a8228e9,scikit-fuzzy_scikit-fuzzy
113,292b13781733953e65238977522e18acfe48e0d1,scikit-fuzzy_scikit-fuzzy
114,297c3a4989dedd8211b0ad1be65f3465f2cd470f,scikit-fuzzy_scikit-fuzzy
115,2a4c0c988072779c377c8441ce842ebdf2482e00,scikit-fuzzy_scikit-fuzzy
116,2a72a23528702228b065cd0e4ef17d48a3166319,scikit-fuzzy_scikit-fuzzy
117,2aa300e9f9b81031f28441a3e142997dfc478b51,scikit-fuzzy_scikit-fuzzy
118,2b002db328c4815365ff85c7da9c5e2e0169ae95,scikit-fuzzy_scikit-fuzzy
119,2b075e762f7790e0e6e15830ddad9e36a34868ae,scikit-fuzzy_scikit-fuzzy
120,2b2badfb746ddd85dbcc8ae28e69bf221222de2a,scikit-fuzzy_scikit-fuzzy
121,2bdc5e63505f474df1d269df909e5cc35cb0a102,scikit-fuzzy_scikit-fuzzy
122,2c52f2b90fa379ea9c4ab99535c6b4c90427df66,scikit-fuzzy_scikit-fuzzy
123,2c7610bb1af730006e90a9304c075dc8ebfd9bcb,scikit-fuzzy_scikit-fuzzy
124,2c789db296934984efe2f83748530f063e590f46,scikit-fuzzy_scikit-fuzzy
125,2c83611606ae82c7097865f4f51dfa3d0db54a3c,scikit-fuzzy_scikit-fuzzy
126,2cdd603a047412a82e51ebf3172ca59d0491881d,scikit-fuzzy_scikit-fuzzy
127,2cedb3afed404e0119fca023b76269f9c82261d5,scikit-fuzzy_scikit-fuzzy
128,2d17ac2a476fa1a18b05feecd292572429be63f0,scikit-fuzzy_scikit-fuzzy
129,2dbb4bf4d1eb7b2ce34cd73af28bc6fae946ae55,scikit-fuzzy_scikit-fuzzy
130,2dd03ab96dcff016bb0492881ae1809eb87ce184,scikit-fuzzy_scikit-fuzzy
131,2e141125cb6a97069d96e2a6618521563f6e5031,scikit-fuzzy_scikit-fuzzy
132,2e1992cf8f31195fe9a24d5ed99ce71ef71e6bff,scikit-fuzzy_scikit-fuzzy
133,2e933161a9edd4582d0d0c21247e68ada897bd00,scikit-fuzzy_scikit-fuzzy
134,2e9ec26817cfc824820d96c149873814b5703cf9,scikit-fuzzy_scikit-fuzzy
135,2fc78aa58154424fb5b90268f181297304c9153f,scikit-fuzzy_scikit-fuzzy
136,30275b2277de6b6c337d030c557eedd5189e61fc,scikit-fuzzy_scikit-fuzzy
137,303e5d8ad59e4e63a954ac87a76b6256980eb39d,scikit-fuzzy_scikit-fuzzy
138,303f8ed99ca2865dd177faec9ccfe39f3ca0d2a9,scikit-fuzzy_scikit-fuzzy
139,30859b074f10fb99e3ae22ca25e67ad8337df442,scikit-fuzzy_scikit-fuzzy
140,32294d11805f558b5e5de4b9481d12e55ac0967e,scikit-fuzzy_scikit-fuzzy
141,324251103709c8234003993b59aff54df096182f,scikit-fuzzy_scikit-fuzzy
142,3284877c20023a6e9470ad55722f4fba1da11f6b,scikit-fuzzy_scikit-fuzzy
143,333da766c6e0a4da3fa8c3bcf3091ce43594f577,scikit-fuzzy_scikit-fuzzy
144,3377eade50878312c7f10b82b75e86b3eb598a19,scikit-fuzzy_scikit-fuzzy
145,33bc94883c69137a833a12c3b67ebf1e7f81242d,scikit-fuzzy_scikit-fuzzy
146,3452fc2351ea712d8f79231833566c0bcfe4797a,scikit-fuzzy_scikit-fuzzy
147,34b88f01999529a9633b633e0f6ee0d7ace14376,scikit-fuzzy_scikit-fuzzy
148,350f7c62a523ecc6a93f582e12170e90312ad630,scikit-fuzzy_scikit-fuzzy
149,35370fc0ae7eab0f7ff57700644cf864adc64cdb,scikit-fuzzy_scikit-fuzzy
150,35971090276bd18babcca2a84f5e8f5ca3a6898c,scikit-fuzzy_scikit-fuzzy
151,35b55d5955e765dc7390e7a704c887777066ef0b,scikit-fuzzy_scikit-fuzzy
152,35c62a607f96b81303691960db148f4b96cd8847,scikit-fuzzy_scikit-fuzzy
153,368ae81759f39ff524168406b8b405e489637d9c,scikit-fuzzy_scikit-fuzzy
154,368cf77b842f1f95736e3c450d82284331bbc967,scikit-fuzzy_scikit-fuzzy
155,3693f2dbe4e38e7d7de68fad3a23a64d9f2aec16,scikit-fuzzy_scikit-fuzzy
156,3694c870bf32e028c6b26c12f9702fa64e4d84cb,scikit-fuzzy_scikit-fuzzy
157,369605b9f601ab55ecfbeb409776daa639c634a9,scikit-fuzzy_scikit-fuzzy
158,36ee6e597508a7fd438a8cc723d82b9b4763a9a0,scikit-fuzzy_scikit-fuzzy
159,36f23cc0eea45bb92a5242e042e0a34a6d93fb59,scikit-fuzzy_scikit-fuzzy
160,37d1bef758a7b9f7bf804474a104e1ccdbdc91d4,scikit-fuzzy_scikit-fuzzy
161,37fabc66040091b31eaa87b97ae298298be2023b,scikit-fuzzy_scikit-fuzzy
162,385de5e14c0ec5e69343c9543daa4a46c3a73741,scikit-fuzzy_scikit-fuzzy
163,38affd383d220399a6ff1be7163475d0c5ebbc20,scikit-fuzzy_scikit-fuzzy
164,391980217cb28eca2fbe01b295c11e8e72685ce0,scikit-fuzzy_scikit-fuzzy
165,392cfdf8246f71caf29b4e9a4fa36e4bacf14e9d,scikit-fuzzy_scikit-fuzzy
166,393efeed2f78dbe4865186c553daddb3cd504dd1,scikit-fuzzy_scikit-fuzzy
167,398537fd4c07db541654ce17bbb1476276d284ea,scikit-fuzzy_scikit-fuzzy
168,3bdb82a8a8b109717f6dc85db67700bba7526a73,scikit-fuzzy_scikit-fuzzy
169,3bddd1c725b5aa1308c0e085e13a2b8a1e466789,scikit-fuzzy_scikit-fuzzy
170,3c858f2819e2f83c675ce09a07e26c8becac00f0,scikit-fuzzy_scikit-fuzzy
171,3e4de2cc82494851065faf3472f26dc88a232639,scikit-fuzzy_scikit-fuzzy
172,3e50da075147e8edd77168d72a2e1d4318621d9c,scikit-fuzzy_scikit-fuzzy
173,3e59b2eff87bed4ff88dd358be664b82d0bc9f1e,scikit-fuzzy_scikit-fuzzy
174,3e740875bcfb7bb8ddec6564feafdc9b56878271,scikit-fuzzy_scikit-fuzzy
175,3eddc0da28eccbe041a7ba9d9ba1f326bea01119,scikit-fuzzy_scikit-fuzzy
176,3f2e9d3e51a9cadb589e2a8597a910ecf4438e89,scikit-fuzzy_scikit-fuzzy
177,3f6d4d2909e6529a041aca9b813235b87bcc7454,scikit-fuzzy_scikit-fuzzy
178,407aac040b5767d1db0001ee4b918a7be9eda81c,scikit-fuzzy_scikit-fuzzy
179,407f243b8d9ec36d3a98bd063ac014773e10de1c,scikit-fuzzy_scikit-fuzzy
180,40a8240dc43a8b99e6a997f92a2c402b2a6093ba,scikit-fuzzy_scikit-fuzzy
181,40cb97394eea14d4f233139b3b2cb285af3111ed,scikit-fuzzy_scikit-fuzzy
182,40d7cf6dc822f92434adc8a91af57b701c059c3d,scikit-fuzzy_scikit-fuzzy
183,43546a885d3062be62b0a639cdc04a5d407c0221,scikit-fuzzy_scikit-fuzzy
184,43a2c278172707adbfb2e38c6e1e366549e70b2b,scikit-fuzzy_scikit-fuzzy
185,4408b24046992d829eca2d4f4503b4e848e4e9a7,scikit-fuzzy_scikit-fuzzy
186,44c3bb317a4f4a21460a4929e83b01fa8e587c19,scikit-fuzzy_scikit-fuzzy
187,44d2a7d7992a7b1fb8d00cc8eb66a13aa02429f8,scikit-fuzzy_scikit-fuzzy
188,4597700424d424389c2b6967dcb7cb0d8b2b2313,scikit-fuzzy_scikit-fuzzy
189,459b9602cf182b7b42f93aad8bcf3bda6f20bfb5,scikit-fuzzy_scikit-fuzzy
190,45b5aadfee104e77426eb967f4970313bcd66baf,scikit-fuzzy_scikit-fuzzy
191,482a30da35b3a8629bdea31a0371ada275627fac,scikit-fuzzy_scikit-fuzzy
192,486fc55f5cfa91d792e9e6786f7e92fa8696cafe,scikit-fuzzy_scikit-fuzzy
193,4887e525fce32a8b86738d4362971657667b8c16,scikit-fuzzy_scikit-fuzzy
194,48c1b385c5c8791c9cb901c7aeef0a355f57e32c,scikit-fuzzy_scikit-fuzzy
195,4943afb11d285de8a82b33e7bb4787a743d2cae0,scikit-fuzzy_scikit-fuzzy
196,496ece3caad7f7fea19f229623b2aca777ff6490,scikit-fuzzy_scikit-fuzzy
197,49f7cdc746fd43b67f4c907575a8114c455be33f,scikit-fuzzy_scikit-fuzzy
198,4a3a06f1f597528560777bfca2039c3d7816ae93,scikit-fuzzy_scikit-fuzzy
199,4b623cff39e02a0a41347c81141a7e6d3871500f,scikit-fuzzy_scikit-fuzzy
200,4bfaba1394cf9621321ee9c2289a0a6985748c3e,scikit-fuzzy_scikit-fuzzy
201,4c3aebd4f187887e6ffe04f35bfbaf4d42da4491,scikit-fuzzy_scikit-fuzzy
202,4c4b1fd699b99539e58587c7655f03b624705608,scikit-fuzzy_scikit-fuzzy
203,4c984d3bcbd14076e22cb374d912951b9e93d65a,scikit-fuzzy_scikit-fuzzy
204,4cca2ff2ed4934178ac0e4fe205c19f10842112d,scikit-fuzzy_scikit-fuzzy
205,4cd97e0432b093d36f6b3947aab600bd1abecffd,scikit-fuzzy_scikit-fuzzy
206,4d06d856b59ab5dfe440ae93b28658e56f84bd79,scikit-fuzzy_scikit-fuzzy
207,4e11efd34fc375a766d5be53e030d163d0555f7f,scikit-fuzzy_scikit-fuzzy
208,4e144063e9d14500b21e994e9a8c87a4906f4be1,scikit-fuzzy_scikit-fuzzy
209,4e998e94e55184fd9565616389d913e98cf3d794,scikit-fuzzy_scikit-fuzzy
210,4eee3d6ad440e4bc254c99d712c9d5400c66e044,scikit-fuzzy_scikit-fuzzy
211,4f09aa9507d828479d3f04288ec9662afe6ec6be,scikit-fuzzy_scikit-fuzzy
212,4f599d9e2bb326f538084bd66ae1c294c9c3965d,scikit-fuzzy_scikit-fuzzy
213,4f76aa4d292c48786feebe5afc969e94bba4b388,scikit-fuzzy_scikit-fuzzy
214,4fdd656a1a9e88ef355f55aa304bedd8fd8fb308,scikit-fuzzy_scikit-fuzzy
215,5035152f34d360b38c8081874fcdd4ef1d9e338b,scikit-fuzzy_scikit-fuzzy
216,505fa6c6c21411e22dd15c1f94fc067344a5aee4,scikit-fuzzy_scikit-fuzzy
217,50a92229980de200314e971dd02e731fae2f1652,scikit-fuzzy_scikit-fuzzy
218,50cc2cefe465af042e26a63aefa0b4f460911548,scikit-fuzzy_scikit-fuzzy
219,50d7c76ce9655c3dcdd56b14405c8c606eb915fa,scikit-fuzzy_scikit-fuzzy
220,511d7b7e4a646ac0fe3e87c420fb75efb36554bf,scikit-fuzzy_scikit-fuzzy
221,51c6f8dcbc382ce73b6ad9736092ad58e7804fa5,scikit-fuzzy_scikit-fuzzy
222,51dc6a1df340526dfccca4925459060ce5bf1caf,scikit-fuzzy_scikit-fuzzy
223,51f9f4de1964212ce03fb7722b44e115b7f75945,scikit-fuzzy_scikit-fuzzy
224,52546e9f4a5dda7a6f5253a9a16664cb9018fd82,scikit-fuzzy_scikit-fuzzy
225,52a53157a0d42833a8a0277d59ca61c0de7df392,scikit-fuzzy_scikit-fuzzy
226,52ab45151ebde7ac7762a0168b2bc50c082c79a4,scikit-fuzzy_scikit-fuzzy
227,52f8dd6f88f37473a7df43a3685511538e5e9b5d,scikit-fuzzy_scikit-fuzzy
228,5357b69f06b7bd45f50764b0f78b507cf99c44f0,scikit-fuzzy_scikit-fuzzy
229,54a4d911813389bade5484036c4c1af1e2635a4e,scikit-fuzzy_scikit-fuzzy
230,54f44afbc2112360fc14cbe83cb5b94bf7151486,scikit-fuzzy_scikit-fuzzy
231,5565d6ed7c2a088dc98ef7adaad4ed03494af3eb,scikit-fuzzy_scikit-fuzzy
232,564844c96c5ad5fa59467e8d93a4e934561631da,scikit-fuzzy_scikit-fuzzy
233,582b812a55b61d09573bea0b2dc3c2b4778f82c5,scikit-fuzzy_scikit-fuzzy
234,58f5e8fb930e01013909deeb3fce67b9abcfd602,scikit-fuzzy_scikit-fuzzy
235,5981168cdb5fce3688165d777ce9d1b2ea81dc4e,scikit-fuzzy_scikit-fuzzy
236,59aa72c935151d04d09e5003b0a06800d9d256bb,scikit-fuzzy_scikit-fuzzy
237,59e697f156ab482e13ffe614103eb481d618711e,scikit-fuzzy_scikit-fuzzy
238,59fb9378c2a7ad46dbe7c5355cd7f29bf56d2982,scikit-fuzzy_scikit-fuzzy
239,5a58a4e6772d943a79228c85dea4bfc49bf144a3,scikit-fuzzy_scikit-fuzzy
240,5a8a032fbdc830e4302fec0a95c944306188cda8,scikit-fuzzy_scikit-fuzzy
241,5b2c6906b83cf8d6c76318910d97ea12e967ea1f,scikit-fuzzy_scikit-fuzzy
242,5b4d3a1ccd88186f0c7ccd92f315bf6e57b146db,scikit-fuzzy_scikit-fuzzy
243,5b821f522bb916c141fd7149c451af41da90f4c0,scikit-fuzzy_scikit-fuzzy
244,5bdc20c758a13aff9fcde4b3174ae5b0b2c0f5ac,scikit-fuzzy_scikit-fuzzy
245,5c74e29aa28d5f03c6e66131b258460a25ea9d75,scikit-fuzzy_scikit-fuzzy
246,5ca11f10f19dfa345a6159a6a75b2e591ed2851a,scikit-fuzzy_scikit-fuzzy
247,5cd3855935792625270c111a777e1683dbec5aee,scikit-fuzzy_scikit-fuzzy
248,5d3e6a76f83e45b4cc4ee9ca1b7401192cbaa020,scikit-fuzzy_scikit-fuzzy
249,5d49e566f11bf8c1dece0bde3f751639c627287d,scikit-fuzzy_scikit-fuzzy
250,5dfe50344aa04a13c7bfc766364cab7babb7ea6b,scikit-fuzzy_scikit-fuzzy
251,5e54333f3e14383954953b77d4a2836a83dfb774,scikit-fuzzy_scikit-fuzzy
252,5ec74f1be500c80dd955a6922401d9d37a7041a7,scikit-fuzzy_scikit-fuzzy
253,5f1a75f8a1e1ded74c82555d2485e4e425079074,scikit-fuzzy_scikit-fuzzy
254,5f22ea5ecca4abec685c0f3f29a2544421caf87d,scikit-fuzzy_scikit-fuzzy
255,5f49bee090ea27516ad1811cec443f2397d87186,scikit-fuzzy_scikit-fuzzy
256,5fef07b29425740d54bfb549844d40c350152cf3,scikit-fuzzy_scikit-fuzzy
257,612bca9cbd3fefc409bbb68bbcccd0e22f1d3629,scikit-fuzzy_scikit-fuzzy
258,6134e41e0bae60dd3899a058792d55722e8bbab2,scikit-fuzzy_scikit-fuzzy
259,62001d91e0baa78849cd744d5221551d4d9136b7,scikit-fuzzy_scikit-fuzzy
260,620a5924e8eac3bd07b66eedeabff1b53a4d15ff,scikit-fuzzy_scikit-fuzzy
261,625124c29ba14e260138b6e0ae7395f51141666c,scikit-fuzzy_scikit-fuzzy
262,6265c0207884f97f0c98657ea1d7d83caac8583b,scikit-fuzzy_scikit-fuzzy
263,62666f827aa5e1be361fb6ae010fd96ab0a00925,scikit-fuzzy_scikit-fuzzy
264,62d750ca25fc3eee143caa069ae48bcc6d1d3fab,scikit-fuzzy_scikit-fuzzy
265,62df95316570eaf2d7b881e69d5b9deec2a0a3dc,scikit-fuzzy_scikit-fuzzy
266,62e841be2ae6836edaf8ed1c4ddbbc50c5aad29b,scikit-fuzzy_scikit-fuzzy
267,63561eaf53cfa5ae9b2890f4882f391bb1a7ce29,scikit-fuzzy_scikit-fuzzy
268,63b9c4c4b8925e63cff8ee2daadcc1c612204411,scikit-fuzzy_scikit-fuzzy
269,647d59a3e411e010f8cda2c48d4d38573d73cf9b,scikit-fuzzy_scikit-fuzzy
270,649ccb6c3851fc9d71e561a37ac5d5292bc7dbed,scikit-fuzzy_scikit-fuzzy
271,64d23b808cd9f1a22310e1f4c6d64a0d8309f5fa,scikit-fuzzy_scikit-fuzzy
272,64e6bd0ded1dbcbfe4581ca26e1596a6099271e4,scikit-fuzzy_scikit-fuzzy
273,65fd39e9d07ed5d6f008bacddb000ca53702c98d,scikit-fuzzy_scikit-fuzzy
274,66ece4d585f4b9c58e639251948a31aa86c47311,scikit-fuzzy_scikit-fuzzy
275,6731351219186437a6e4bad209bb4c6b2daa347a,scikit-fuzzy_scikit-fuzzy
276,680b4821f3266a98bd2287a7b2f84879f0b689de,scikit-fuzzy_scikit-fuzzy
277,68886ce7a7f28e68b5af19e3367ef8d30a72f556,scikit-fuzzy_scikit-fuzzy
278,6899201e21e2f7605fbc3a5389802001a3a3358e,scikit-fuzzy_scikit-fuzzy
279,68a3714965db3d255c6c4d7214d943117739a0de,scikit-fuzzy_scikit-fuzzy
280,69047ab84b38bae1b361e3ca1d94f17f053e3886,scikit-fuzzy_scikit-fuzzy
281,69ce167fda0076702fa17883eeb3368249c2e24a,scikit-fuzzy_scikit-fuzzy
282,6ab2a26aed37009e06c61abddd7346bbf6e6ac24,scikit-fuzzy_scikit-fuzzy
283,6b01b9f5f6122c925c236b11ad19f1e100629e14,scikit-fuzzy_scikit-fuzzy
284,6b17bd71a3637287a91b57c8498c0d77399c9ee8,scikit-fuzzy_scikit-fuzzy
285,6b32a051d128f6e42cda024a07eb808117eb9de3,scikit-fuzzy_scikit-fuzzy
286,6b37a524cec20f563379040511c5368090d7b467,scikit-fuzzy_scikit-fuzzy
287,6b4cf6db8310a12bb3b8bbae9e7b352b1903880a,scikit-fuzzy_scikit-fuzzy
288,6b77b2eeb45b114e0b56b781a4e7c8426ca293ea,scikit-fuzzy_scikit-fuzzy
289,6bcc3ab1941ea36633d959866dc1bd8b9bbe75b1,scikit-fuzzy_scikit-fuzzy
290,6c14cc3f8827c969f5df3c628dc9d2b264dbf062,scikit-fuzzy_scikit-fuzzy
291,6c392ca8c47b2e40492b27f0dec71a16d8bf9932,scikit-fuzzy_scikit-fuzzy
292,6c6b52de197b2e33e5374cdc8b076e0aa1c02381,scikit-fuzzy_scikit-fuzzy
293,6c928e65767cf8322b7f41ed8f181f09d308e0d7,scikit-fuzzy_scikit-fuzzy
294,6cc293df5a93e32cbde57b403d8726f3eaaea1e1,scikit-fuzzy_scikit-fuzzy
295,6df9a2be74f925c280aa906f21ce4a82bb793766,scikit-fuzzy_scikit-fuzzy
296,6e1144cc13e102fa769f2e9753d3c78e5ad22033,scikit-fuzzy_scikit-fuzzy
297,6e6bff0d153e11b62db38c7fc2b9ad66a9b5fbef,scikit-fuzzy_scikit-fuzzy
298,6ecc80b07ab71090e3b84c7dc9ac0c6831b959a4,scikit-fuzzy_scikit-fuzzy
299,6fc10b135a9c0d64a3efceab6c2b2156938f48b3,scikit-fuzzy_scikit-fuzzy
300,706a5c20ad41b48d0fb24b6af8f8b99eeb0e7a04,scikit-fuzzy_scikit-fuzzy
301,70b4fb4c515bb12b10c8d85c6d617833d1a283e8,scikit-fuzzy_scikit-fuzzy
302,70cbbe405331011400e94bcaeea398ab7961af55,scikit-fuzzy_scikit-fuzzy
303,70fe5e44d11de2c982c6fd6894e2636507dea269,scikit-fuzzy_scikit-fuzzy
304,71afe59f3348cb36671da09695aa8fe5581d9ffd,scikit-fuzzy_scikit-fuzzy
305,71d5205e238e3a342fd61ba2dc5eb81d9f0e2015,scikit-fuzzy_scikit-fuzzy
306,724826db53e00c3bcea83d10d9e8b1d2705824a2,scikit-fuzzy_scikit-fuzzy
307,72664c4c695e373b2b2b4cc1d73a654f484c9d9f,scikit-fuzzy_scikit-fuzzy
308,72bfc631cb6369c2a252cfc7f722b18fed4736cb,scikit-fuzzy_scikit-fuzzy
309,737841b1ec395e7a129dfd063df8295a6c08aec7,scikit-fuzzy_scikit-fuzzy
310,74606fe4b5346abc41f9190d580f60b1fac4c8d7,scikit-fuzzy_scikit-fuzzy
311,7465d42594cc129c793a1c938034ada6757024cb,scikit-fuzzy_scikit-fuzzy
312,7553384a745d45c6941ecc1cb2bbe651bacb5888,scikit-fuzzy_scikit-fuzzy
313,77e6d718d12764aa9279b3d13ab547eab8c9e1d4,scikit-fuzzy_scikit-fuzzy
314,7873117b36cd9ef74b0f14a6a0a3ea19305c5a5e,scikit-fuzzy_scikit-fuzzy
315,788b3b33a86a6d08a53ad493d4430cc9e0ecece2,scikit-fuzzy_scikit-fuzzy
316,788c298325f89edc0ec02f75ee97857d687e2823,scikit-fuzzy_scikit-fuzzy
317,798f61a3666460ffbc98e9db9dd18b0657b7cc0b,scikit-fuzzy_scikit-fuzzy
318,799acb835ab1d970978c6f3e3c82829a395c1e60,scikit-fuzzy_scikit-fuzzy
319,79e7dabe778f50fb3d5f5cd61061cd1bd7089150,scikit-fuzzy_scikit-fuzzy
320,7b17f37a51abdcc3f17f5e8f7495b62e011aeace,scikit-fuzzy_scikit-fuzzy
321,7ba90acf52b43b5336b8d83b1472945b8cd19a90,scikit-fuzzy_scikit-fuzzy
322,7bb528da58414b57929a3cfccf4d102303d2786e,scikit-fuzzy_scikit-fuzzy
323,7be8c4c8ff2a41381cab48fac21cf5187ff0f967,scikit-fuzzy_scikit-fuzzy
324,7c5f8de94f156b0d363956d387e3764fb40a5d7c,scikit-fuzzy_scikit-fuzzy
325,7c6897766a312e0bb561d58c611a19e906511194,scikit-fuzzy_scikit-fuzzy
326,7c851778dadbc1fd3dff9f125107d27727094f81,scikit-fuzzy_scikit-fuzzy
327,7cc3b73a20c08a1f47cd0f4118ab202a237d04a2,scikit-fuzzy_scikit-fuzzy
328,7d82d622f9eb15327c303b647e5918e4678ba020,scikit-fuzzy_scikit-fuzzy
329,7eb7ccf28b5516b96851c6ce4f24af2289515fb3,scikit-fuzzy_scikit-fuzzy
330,7f0322c7c716dac42a4abdb62233a1294810ba48,scikit-fuzzy_scikit-fuzzy
331,7f29a5bc3df19fe76e3755b21e200750a6bcc144,scikit-fuzzy_scikit-fuzzy
332,7fb65dcdfb1c3cd853046130ac6ece476bfc2e90,scikit-fuzzy_scikit-fuzzy
333,808a8a2eda4cfbe4e1aef3b8d7db595ca55add93,scikit-fuzzy_scikit-fuzzy
334,810187e252761ab694ed82dfbdcc23c4879e47dc,scikit-fuzzy_scikit-fuzzy
335,82c1cce07b39b03a5d64df79e724e29da426f03a,scikit-fuzzy_scikit-fuzzy
336,8364532fd818656f323ea78ac95d3ad980652d95,scikit-fuzzy_scikit-fuzzy
337,83b4733d0632554e8e37100329d78d5b372b3a6c,scikit-fuzzy_scikit-fuzzy
338,83c2e73610d73e0244628906e79196097df3875c,scikit-fuzzy_scikit-fuzzy
339,83ea941b7f1db07b991c2a5b96bea948629ebf56,scikit-fuzzy_scikit-fuzzy
340,84899dd67732f2c990af952f699c57444e8390b6,scikit-fuzzy_scikit-fuzzy
341,848db94b0f62b84f48f82e1ef704d1f18c8d41e4,scikit-fuzzy_scikit-fuzzy
342,84d4b5e2e77777e72584a47d8711891b1c7047ce,scikit-fuzzy_scikit-fuzzy
343,8520881ddd6993e8cfba1218150062d6e5d58bd8,scikit-fuzzy_scikit-fuzzy
344,85614886ed9b86c5fe41a24927166af4e88cea12,scikit-fuzzy_scikit-fuzzy
345,8568caf9d2817a8ac4e8bbe1a171b600945dd52b,scikit-fuzzy_scikit-fuzzy
346,859417a0415831a694d421a1e880efccb0922515,scikit-fuzzy_scikit-fuzzy
347,85e9dde362e7ca713cd9a570da4c32dc9731e282,scikit-fuzzy_scikit-fuzzy
348,86705b9177db00d5469c27ba7c065f7496e1cb07,scikit-fuzzy_scikit-fuzzy
349,86e15021508fbfc976f39be356de909e7e3e2dfe,scikit-fuzzy_scikit-fuzzy
350,87bddd8c1a78a1bb7e67f80a352aa146632bff4c,scikit-fuzzy_scikit-fuzzy
351,87eaeca812bcfebb68f28715712a78629a7e82c8,scikit-fuzzy_scikit-fuzzy
352,884825b9b2399672bc609df3bb8e8593af4f3057,scikit-fuzzy_scikit-fuzzy
353,889930725bde12b7b98e74c63bfce7e491b98de0,scikit-fuzzy_scikit-fuzzy
354,891c78bdb3a5aa71d45128f36db3cce756cd58ce,scikit-fuzzy_scikit-fuzzy
355,89339d621ca09ea86d2bf144f57edb3de70fc85f,scikit-fuzzy_scikit-fuzzy
356,8a77f5b2ccad15a32471604eba8aae19925f80ea,scikit-fuzzy_scikit-fuzzy
357,8b17fd702aa7b2254ff126a4ba5fc024a14798c0,scikit-fuzzy_scikit-fuzzy
358,8b8cf9f1333a2daf0f6fa1ddc98fbc9c88aaf0e2,scikit-fuzzy_scikit-fuzzy
359,8bcbcbc1f0f5e21ad7c1def4be5a6ece67baf498,scikit-fuzzy_scikit-fuzzy
360,8c7e0bad85edef23ad066af5f856f3c38053cea0,scikit-fuzzy_scikit-fuzzy
361,8ce4d71f11c33a5d9076953bb8a9c8195533acd7,scikit-fuzzy_scikit-fuzzy
362,8de7d839c852daa326819f90fcac697d27014c15,scikit-fuzzy_scikit-fuzzy
363,8deab46b4102a1b0ebca7f87a6975a3ceefca235,scikit-fuzzy_scikit-fuzzy
364,8e0986885c80803cce2d76483deccde8b62c1b81,scikit-fuzzy_scikit-fuzzy
365,8e0fbc7a5e709d13def3e1316950bafdfd6f3076,scikit-fuzzy_scikit-fuzzy
366,8f402e18a0cca0a995a3abc5ce37e588bbd59cea,scikit-fuzzy_scikit-fuzzy
367,8f47498d489bbdeb7ff3d1a298b8e53010cd2f90,scikit-fuzzy_scikit-fuzzy
368,90abf07e07f7def97d7af43a82f202c769abef37,scikit-fuzzy_scikit-fuzzy
369,90adf903c1658358599bdcc2a64f71705e834514,scikit-fuzzy_scikit-fuzzy
370,90eed2a209909fa41b20c1825066e7e6c1c55e50,scikit-fuzzy_scikit-fuzzy
371,9141d714272e3448b638bae6656b46e0a73f8a99,scikit-fuzzy_scikit-fuzzy
372,91b6ac2a9e25228448e413ebc407593bc1e30471,scikit-fuzzy_scikit-fuzzy
373,92ad3c382ac19707086204ac6cdf6e81353345a7,scikit-fuzzy_scikit-fuzzy
374,92d8780c7f199eba0c02105cba29301b75b5bcbf,scikit-fuzzy_scikit-fuzzy
375,932802ee05856543b64aa1f12cd60e4dfa9f7466,scikit-fuzzy_scikit-fuzzy
376,93a1fa198ebcbe233817fcc23763a9b082e95f40,scikit-fuzzy_scikit-fuzzy
377,942e89a646a20309280841b146581903f5083b10,scikit-fuzzy_scikit-fuzzy
378,943975ee6266ba0f608c0f0a9e04f08cbeca14df,scikit-fuzzy_scikit-fuzzy
379,948134977d52e60a402f764d1dc4d3daffd53307,scikit-fuzzy_scikit-fuzzy
380,94eeb3b77431a13b9fb8b2d0a2c9aada8b3ea9f5,scikit-fuzzy_scikit-fuzzy
381,956488d895604e9c9be3fd93349b53d99ed20bb1,scikit-fuzzy_scikit-fuzzy
382,956b039aa088dd3047ecd3bd62a1d9d4205ec24e,scikit-fuzzy_scikit-fuzzy
383,957477391e580d7370d558c5ff5375ee7b92855e,scikit-fuzzy_scikit-fuzzy
384,957a53bb157700c5ed53f88051d01c83fab04d50,scikit-fuzzy_scikit-fuzzy
385,9584472f9bb54caf18bca269e6c520f2e29bff83,scikit-fuzzy_scikit-fuzzy
386,95dd9d4a4fbf5bdca18f89b23add7ba2e556736f,scikit-fuzzy_scikit-fuzzy
387,96215f2e33103a4fd72fcfd6a1691248766251d5,scikit-fuzzy_scikit-fuzzy
388,96773fcfdc69a41e11979febee6bfdb21ef104df,scikit-fuzzy_scikit-fuzzy
389,969b8304bffe6b712d3284fdd4c39c09fc4b0b2d,scikit-fuzzy_scikit-fuzzy
390,96b57204af7d9125daebb4aff85d8b8d712f4824,scikit-fuzzy_scikit-fuzzy
391,9738ae72b2888bb0de3967c04f66710d39c28413,scikit-fuzzy_scikit-fuzzy
392,9743cd2dff51aa4aaaafcab7bd2646db253f6691,scikit-fuzzy_scikit-fuzzy
393,97ff1d840db73ea4ca0ea5d1f23302abcb5fff6b,scikit-fuzzy_scikit-fuzzy
394,984264388a98e6074a7ae84430dd97ab723220a4,scikit-fuzzy_scikit-fuzzy
395,98f727a442dc5bc03b22ac77950169d46fe53516,scikit-fuzzy_scikit-fuzzy
396,991ae416602fae42fa5c460b219e00513d6f7500,scikit-fuzzy_scikit-fuzzy
397,9936edadcb1fe1ee64f00414aed1a593f8ede4fd,scikit-fuzzy_scikit-fuzzy
398,99f3c38805f05c9c370e36afcfece0dc87353494,scikit-fuzzy_scikit-fuzzy
399,9a130b6f1d7e146a4e069827d7e69f9d94af0d73,scikit-fuzzy_scikit-fuzzy
400,9b5aa5a511592a63abc0decd7ab051bbbbc3488f,scikit-fuzzy_scikit-fuzzy
401,9bb828bf63b30d227acecb4c4c5ce58c91b33ac4,scikit-fuzzy_scikit-fuzzy
402,9be32004dd6807943afb566f19e986cd369a4e74,scikit-fuzzy_scikit-fuzzy
403,9c8cdce1f0aaa26b2e4a0a7f44f071bf57986fb1,scikit-fuzzy_scikit-fuzzy
404,9c8f21220f760cd615bc0c05368b6548acb5c449,scikit-fuzzy_scikit-fuzzy
405,9d8e7301761e2bdf3971b87ed7356b2bdc7e2b88,scikit-fuzzy_scikit-fuzzy
406,9de3d0b81bc7bc0cf307f6170cc4fa9d2610a449,scikit-fuzzy_scikit-fuzzy
407,9e6bb5f4f386d432940827bc3897a283fea4b69e,scikit-fuzzy_scikit-fuzzy
408,9f7c12649051b6bf8ce043ded0a938a2b2085c73,scikit-fuzzy_scikit-fuzzy
409,9f989e12821bce88e929fbbee33a2bc675bbde5d,scikit-fuzzy_scikit-fuzzy
410,9ff65c92491d2f3e03a92ab49fcdf57b6a87d2f8,scikit-fuzzy_scikit-fuzzy
411,a03297fa0ad9eabdfadb26fcbab64c908e171453,scikit-fuzzy_scikit-fuzzy
412,a094e6566a0f9bfb5c0eab0bf38067f41662376d,scikit-fuzzy_scikit-fuzzy
413,a1308a6eff9c1db2855212e33b95438249bfdb60,scikit-fuzzy_scikit-fuzzy
414,a18c204e87fb491ac30860d158fffc8393be4254,scikit-fuzzy_scikit-fuzzy
415,a1cd39b2a7605aec0609df80cc41df98869ce7ed,scikit-fuzzy_scikit-fuzzy
416,a1da592090fc9e20c10a7d2bda4242fd7a9143dc,scikit-fuzzy_scikit-fuzzy
417,a1f620ac9d25a9a5cb94a736d5de28fd9d229b89,scikit-fuzzy_scikit-fuzzy
418,a1fe1e6f2778ed196c1d21314636cb4264f17301,scikit-fuzzy_scikit-fuzzy
419,a288d21774a1dbd6a8cf8a6f596d14a3773cba01,scikit-fuzzy_scikit-fuzzy
420,a2a09827074d21788e71f5ab914c199cc5dadf8e,scikit-fuzzy_scikit-fuzzy
421,a2b815d1191ef8d9add4fc3c13a87096aeb7a2ef,scikit-fuzzy_scikit-fuzzy
422,a2f9b4b622c9a12e9dc56ed0c2c0cbbefb601dc2,scikit-fuzzy_scikit-fuzzy
423,a3231cd4dbd5daa1b7822fade1869d1680b0722f,scikit-fuzzy_scikit-fuzzy
424,a358edfa3d97d018f5522afddd94920633c4b8bc,scikit-fuzzy_scikit-fuzzy
425,a3a606f88a69dc739abc310b4a1ff9dffd5efd74,scikit-fuzzy_scikit-fuzzy
426,a49ac23e0f4341ba6e16bfe5ce247220a288ab1f,scikit-fuzzy_scikit-fuzzy
427,a4e205bb49521603ef9d403efdaba6a8e1a8678a,scikit-fuzzy_scikit-fuzzy
428,a54d4eccee8bc21be9049bd17d78f2345653c562,scikit-fuzzy_scikit-fuzzy
429,a5c8b66b98e4dbddaf3682e247809c9f0da888c3,scikit-fuzzy_scikit-fuzzy
430,a64a435a68d08f81048aa4f2cec73b995d663da5,scikit-fuzzy_scikit-fuzzy
431,a68875f8c4c8715fe3c03c3a24bec18e702a614b,scikit-fuzzy_scikit-fuzzy
432,a7002785f04f0c4c5242e46569577e79a9ac1fd7,scikit-fuzzy_scikit-fuzzy
433,a7187c3c12ce17b7affa04f6c1bb1121f6abdeef,scikit-fuzzy_scikit-fuzzy
434,a741362f02d7aa9549b3a30b51da0eec7cf98034,scikit-fuzzy_scikit-fuzzy
435,a8615dc927eeb0c3f8cb74683149ec8ebb890997,scikit-fuzzy_scikit-fuzzy
436,a9025906deeb69cb133ecddaeda493e8b404bea2,scikit-fuzzy_scikit-fuzzy
437,a9ac7a90103788e9c1b84f2dcd90d21495546a00,scikit-fuzzy_scikit-fuzzy
438,a9c7e87c0cbc87a651fbf4a51699c413adf8b7bf,scikit-fuzzy_scikit-fuzzy
439,a9fe981d46ba7875b3e05540b8ad4cf09507b237,scikit-fuzzy_scikit-fuzzy
440,aa933ee6e6aee27a815ea11abbded7c66dc3a1d3,scikit-fuzzy_scikit-fuzzy
441,aad54efba2dcd92464f05e627b24ecf743becae5,scikit-fuzzy_scikit-fuzzy
442,ab30615b196c80bda3577940e357b7c91e6b45ec,scikit-fuzzy_scikit-fuzzy
443,ab399bfcff693bd6afc779da0559d5279f5451ad,scikit-fuzzy_scikit-fuzzy
444,ab7c7858077bdc7cb56b3b7a37c6e50468422cd4,scikit-fuzzy_scikit-fuzzy
445,abb9fc4a6f9d590c8ce8e4fcd240f05895c3e6c5,scikit-fuzzy_scikit-fuzzy
446,ac868b7619c647cf7600035ef5a13d8b727140f3,scikit-fuzzy_scikit-fuzzy
447,ac88f38878b5a7717aa0e3ce338fb53ff05aadda,scikit-fuzzy_scikit-fuzzy
448,acd962ea81f222224469fc8d22365c03ce62b6dd,scikit-fuzzy_scikit-fuzzy
449,ad81199d391fbe177f93f8a81beaa24734e02f51,scikit-fuzzy_scikit-fuzzy
450,add3afcdb6b4dab324b4fb0d14126f4f9a5bd0ef,scikit-fuzzy_scikit-fuzzy
451,ae12cb628bc05442b77e4989bf6b22edbc6166d8,scikit-fuzzy_scikit-fuzzy
452,ae332997993b840608720237888141cced530d90,scikit-fuzzy_scikit-fuzzy
453,ae73c4cb88bf8235e66b7f0000659ca2f04a4d35,scikit-fuzzy_scikit-fuzzy
454,ae8c738db9169d815d6e009e716ed0a44b8a6c0c,scikit-fuzzy_scikit-fuzzy
455,ae9efff76ed17f93ca35c431c944e08f506be3d3,scikit-fuzzy_scikit-fuzzy
456,af01a34282564ce3358504b4bc748933d4d37a19,scikit-fuzzy_scikit-fuzzy
457,af5d7a5af13d0539484dfc9bd9b22867c81c7fca,scikit-fuzzy_scikit-fuzzy
458,b021258e199c244ee301129bcd030fca2d32d617,scikit-fuzzy_scikit-fuzzy
459,b0d07fa3363c1b332f88721259afe8c65c4277d9,scikit-fuzzy_scikit-fuzzy
460,b0ea62484c241e7d98e04f82d52fa79c6b226d0e,scikit-fuzzy_scikit-fuzzy
461,b10341fad0036abfc138a26040c3f9c4294dd94d,scikit-fuzzy_scikit-fuzzy
462,b12eb367b4212eb3ec40b6f10e6cf83049b0e2de,scikit-fuzzy_scikit-fuzzy
463,b17dafa8a42d4958ba7527232927acb719356053,scikit-fuzzy_scikit-fuzzy
464,b1bda48cd6a83cf05985335abd7dadc8a17727b6,scikit-fuzzy_scikit-fuzzy
465,b1c25f283f3f1207a5bc314ab4c28b760a3a7a42,scikit-fuzzy_scikit-fuzzy
466,b267ed0b3cf0dd85d349accac8e71294400e31ad,scikit-fuzzy_scikit-fuzzy
467,b39c5efb809a9d6861d5adec54c687e1e3639d6f,scikit-fuzzy_scikit-fuzzy
468,b3f0f898824923fa4f0917295d42e2710ef4d9bc,scikit-fuzzy_scikit-fuzzy
469,b435e7ecc92d96bfdb5d054d91e77ee793b6e360,scikit-fuzzy_scikit-fuzzy
470,b44c6bf0f33a726f4f65088f116e2770d5871a87,scikit-fuzzy_scikit-fuzzy
471,b454fdf685a9603b182c6fa306dab8dbffeba585,scikit-fuzzy_scikit-fuzzy
472,b45764ee3c159eff0da55d5132b213d2ed7c8e9f,scikit-fuzzy_scikit-fuzzy
473,b47f45593bad991d2cc68352934f568e4943eb67,scikit-fuzzy_scikit-fuzzy
474,b4cb96d89d32d2ccf215606be1ff39a76026402a,scikit-fuzzy_scikit-fuzzy
475,b533128c5a7753916970e4723d871c3ed430b5dc,scikit-fuzzy_scikit-fuzzy
476,b6556b3a82bf665b8138abad22cd27dc533ec784,scikit-fuzzy_scikit-fuzzy
477,b65665d6315bc6b6c71ed5896d0f40a82de66463,scikit-fuzzy_scikit-fuzzy
478,b6a4f4ca9040cf8527c72a66cea5a1c98d234ad5,scikit-fuzzy_scikit-fuzzy
479,b6b9f002428df0e9df004612dcb83da1f744dca5,scikit-fuzzy_scikit-fuzzy
480,b6bcb8195ffa04e0e2716518e2bb9a2b35c2da10,scikit-fuzzy_scikit-fuzzy
481,b6c5bdb27ddfa459ec54a1d5e489451dc8bdfd06,scikit-fuzzy_scikit-fuzzy
482,b6e2aacbbc24861002e50ca0e7a598722f9eb7d0,scikit-fuzzy_scikit-fuzzy
483,b75961809346b4e4dfc74f4fe0612066f727cfd5,scikit-fuzzy_scikit-fuzzy
484,b82fe8e0ae8be4abf03012c9c17453c921150269,scikit-fuzzy_scikit-fuzzy
485,b905c0a34ac38610a88ec7de5a9717246abf16c9,scikit-fuzzy_scikit-fuzzy
486,b92024f7b1d41d6cbb5b660bda1d222891e6d6b1,scikit-fuzzy_scikit-fuzzy
487,b9435f2005dc9473eca75c8d4292116cdb6e81ba,scikit-fuzzy_scikit-fuzzy
488,b944408312e169b37ff7759c155f3d17c4525000,scikit-fuzzy_scikit-fuzzy
489,b9ae076f267193c6c2247ff74424069b9ed96dae,scikit-fuzzy_scikit-fuzzy
490,ba040a7b7bb140721af08127fe6edb20fdff657e,scikit-fuzzy_scikit-fuzzy
491,bb9c5687959f921c04078e94803ae71e4520de5f,scikit-fuzzy_scikit-fuzzy
492,bbc91fb23201614edf58d553452f3df905a961da,scikit-fuzzy_scikit-fuzzy
493,bc14046118b63b71f46a77f0c89b3d732cbec075,scikit-fuzzy_scikit-fuzzy
494,bc57c7a11c8a439590953e8d1372198f175c4178,scikit-fuzzy_scikit-fuzzy
495,bd468281fd90522929a7f4396dc151a4fc443694,scikit-fuzzy_scikit-fuzzy
496,bd4d7878ed81aef515962a6d5b7f27c624eaf904,scikit-fuzzy_scikit-fuzzy
497,bd867712afbe8583120fc8db112ffe2ff1e13ece,scikit-fuzzy_scikit-fuzzy
498,be38f4f2a259f0fc79c650374c98c1c950c63722,scikit-fuzzy_scikit-fuzzy
499,be7e344f3ce65845e39922aa5fc1af7412d01944,scikit-fuzzy_scikit-fuzzy
500,beb59f376600a2f7740ab208d78f3af95d407847,scikit-fuzzy_scikit-fuzzy
501,bf4056b51f69191466f64a6994fb0fd5f0547d38,scikit-fuzzy_scikit-fuzzy
502,bf70a9302ff4c1c00a674361d2e64a4adbbfad21,scikit-fuzzy_scikit-fuzzy
503,bf94ff80a45310dc86a44bffab87245be292e00f,scikit-fuzzy_scikit-fuzzy
504,c048f8a9080dac504c482e4cee1d65f588f4db15,scikit-fuzzy_scikit-fuzzy
505,c0856910daa5b061f37b59505494341cac765017,scikit-fuzzy_scikit-fuzzy
506,c087d2195d511010b8cbc241e7ba01e6bba17bdb,scikit-fuzzy_scikit-fuzzy
507,c15e6707457df833c47b89762d96152c5f84eebb,scikit-fuzzy_scikit-fuzzy
508,c19c71477b27229fe05f8275a8b1bc3d5531ac7b,scikit-fuzzy_scikit-fuzzy
509,c2f37fabc12692580d7c5074647f0301ac5f3495,scikit-fuzzy_scikit-fuzzy
510,c3a6e3d2bfbb908fbd4a35910ea100b22b8aea58,scikit-fuzzy_scikit-fuzzy
511,c3e97522c6a5b2e2b5d3c996bd4dcce0f91f891d,scikit-fuzzy_scikit-fuzzy
512,c54a20b8fa0461062cae938824d111462077120b,scikit-fuzzy_scikit-fuzzy
513,c55542d1787ece828efcc6af307d071a7db60040,scikit-fuzzy_scikit-fuzzy
514,c560a606f46c0bfaa6ef5c791c054ec1849825a1,scikit-fuzzy_scikit-fuzzy
515,c5a88091c466a9cdd3d444045e27e9e8dad87846,scikit-fuzzy_scikit-fuzzy
516,c623c14146c8a513e5bb840075194cb599a15c10,scikit-fuzzy_scikit-fuzzy
517,c64bcc88106d573b5281caa0e2fe2292121bcaa5,scikit-fuzzy_scikit-fuzzy
518,c6c9b8682d72888b9691524f1dfb2b77cc8dfb63,scikit-fuzzy_scikit-fuzzy
519,c7950dec9af4d0da8bb57679827bcf8e411f7667,scikit-fuzzy_scikit-fuzzy
520,c7978a44f164044d0cf1451535f1723cc0c2ae04,scikit-fuzzy_scikit-fuzzy
521,c7d7ba02f3e5a042c379f01f51f540c134ac86aa,scikit-fuzzy_scikit-fuzzy
522,c844226db5d6d3ba29b92adc4b3ab974991f04a4,scikit-fuzzy_scikit-fuzzy
523,c8460e74e71b923b83e3cfdbc42aac451ee1f614,scikit-fuzzy_scikit-fuzzy
524,c8976af575236b4e47bdba6c2e544304a8c737d2,scikit-fuzzy_scikit-fuzzy
525,c8ff0cb5eaf00ccc0ff19dc87136da789de81cb9,scikit-fuzzy_scikit-fuzzy
526,c9bfd46a95a5efe7acc35bdde94408898ec05c64,scikit-fuzzy_scikit-fuzzy
527,ca0cf71ea28fcc9a013fde2c1aa16635393db9d0,scikit-fuzzy_scikit-fuzzy
528,ca8ff1dbf4b07c01b237caf3f4fcf7613a38d7b4,scikit-fuzzy_scikit-fuzzy
529,cb3e61df235f462064e98aee5e4b174fa5c63a9c,scikit-fuzzy_scikit-fuzzy
530,cb68efda285583d51160c9aefc12f7abbdfaea47,scikit-fuzzy_scikit-fuzzy
531,cbff623f517f62638c8d624bad098da661365ffe,scikit-fuzzy_scikit-fuzzy
532,cc03d859dde10154136d0378dce441a897bd4f8f,scikit-fuzzy_scikit-fuzzy
533,ccd102dfd1d71cf4664df4a3df9a95a1789c12b6,scikit-fuzzy_scikit-fuzzy
534,cd0a778424f8e7edc866df30b442e169ab04e64f,scikit-fuzzy_scikit-fuzzy
535,cd0d4b3151e6b51b9d6534715421d0218bcbeb82,scikit-fuzzy_scikit-fuzzy
536,cde5a2a2e89c77f1de900b03193cedca8689957b,scikit-fuzzy_scikit-fuzzy
537,ce03e1bfacfb8da60d97161786fd32c000d7e645,scikit-fuzzy_scikit-fuzzy
538,ced7bdcb0f3fb6596070f433d0517f0985cd20f9,scikit-fuzzy_scikit-fuzzy
539,cf3f7d6f7fa53a2a79c8af28d3ef26fe6a30d871,scikit-fuzzy_scikit-fuzzy
540,cfb8c9d015dfd7d721c8e8fcaa2695ada0f40ddc,scikit-fuzzy_scikit-fuzzy
541,d00ed15d5c4528b94a9e748a9c8510e857974208,scikit-fuzzy_scikit-fuzzy
542,d07ebd106ee12daf570614fa652815c2946a8556,scikit-fuzzy_scikit-fuzzy
543,d0e34abce81622a499fcb2f9b657eab13719a1b5,scikit-fuzzy_scikit-fuzzy
544,d15fa478914f97accd3dbd1cb10706175d79583b,scikit-fuzzy_scikit-fuzzy
545,d1948a14c3c5bb8948fb77079bdbd006fd49f8dc,scikit-fuzzy_scikit-fuzzy
546,d1c3de3eb2f94fb5def4bfdd397c920fb5c57197,scikit-fuzzy_scikit-fuzzy
547,d1d793245b3ea467fe047bdcf395b4695e4addf8,scikit-fuzzy_scikit-fuzzy
548,d1e18deed59e46fa474a55cd0c70f85d77cf3e6e,scikit-fuzzy_scikit-fuzzy
549,d250a9e06a4fcb4d290f3c55792852c4ec4768d7,scikit-fuzzy_scikit-fuzzy
550,d34e7587fb8e13cdae4a899f32e534549187f329,scikit-fuzzy_scikit-fuzzy
551,d36df4b0b2e88126df4a759854625eebc2f09b89,scikit-fuzzy_scikit-fuzzy
552,d3c0768fc2f2055a377244bbdc0d776b973885cd,scikit-fuzzy_scikit-fuzzy
553,d487b2d8e02509a6b65865283665319eb6cea6ac,scikit-fuzzy_scikit-fuzzy
554,d4bebda288c01a4d00783a5690f4bf726fb28f13,scikit-fuzzy_scikit-fuzzy
555,d4fe1620cd72df33aa4f17f334bea4cd9ab06d8c,scikit-fuzzy_scikit-fuzzy
556,d5f2f83874e1dcd762a8e0639828120a0ba7e1a2,scikit-fuzzy_scikit-fuzzy
557,d600f41683c3f587fad4d1076967e5c0590c6c22,scikit-fuzzy_scikit-fuzzy
558,d7551b649f34c2f5e98836e9b502279226d3b225,scikit-fuzzy_scikit-fuzzy
559,d7d114cff002e2edf9361a55cb985615e91797b5,scikit-fuzzy_scikit-fuzzy
560,d8353793f883b5d63394ece60992a434902935ca,scikit-fuzzy_scikit-fuzzy
561,d860b2619fada5b8b879460de64043dd6357588d,scikit-fuzzy_scikit-fuzzy
562,d87c6fe236efd323ffc4b60304a8f2e61f8e6e82,scikit-fuzzy_scikit-fuzzy
563,d8c45c259d62955004379592e45bc64c8e002fc3,scikit-fuzzy_scikit-fuzzy
564,d9bac7a53d8e64f69f71b0fb4da2c8921b6aa7d0,scikit-fuzzy_scikit-fuzzy
565,da6bc43ec7eb45f49dd1b102791103f835bba426,scikit-fuzzy_scikit-fuzzy
566,da87701388269b4ca7e9411bbcf50f0c60017dcd,scikit-fuzzy_scikit-fuzzy
567,db0b39b64d73f169b672b657afa7b4f52f5a16f3,scikit-fuzzy_scikit-fuzzy
568,db2b8d98a7dd206abf7b0b2af7d3f8ea2c554592,scikit-fuzzy_scikit-fuzzy
569,db718b85a515510d0ff60657bd010c72d4c71f1e,scikit-fuzzy_scikit-fuzzy
570,dd6787930a7e972d0e9543c184a7d21e19bd86b4,scikit-fuzzy_scikit-fuzzy
571,de049f64f4ddb65660f2db13bd8721f1004df144,scikit-fuzzy_scikit-fuzzy
572,deefa9d04102052f52c6c76e204d80dfa91c0798,scikit-fuzzy_scikit-fuzzy
573,dfd94e308f2eb1282ec75a700eb2612dbf527cc2,scikit-fuzzy_scikit-fuzzy
574,dfe5747b0df3bf53d819f037caf2dcb826a687f9,scikit-fuzzy_scikit-fuzzy
575,dff2bac09ca59e7343586c68557f9622e8e10bb0,scikit-fuzzy_scikit-fuzzy
576,e029eea5ed238ce8d36c0cef76ea998fb4aeb230,scikit-fuzzy_scikit-fuzzy
577,e0ccc0a1ee9e77827197bb3f355d342d8ddc5ce9,scikit-fuzzy_scikit-fuzzy
578,e0df25e8c95bc26f7ff3889a463048bc7ea4b6a1,scikit-fuzzy_scikit-fuzzy
579,e110f38502ef8a32d5f2fbe8e31b98ad090602b5,scikit-fuzzy_scikit-fuzzy
580,e137852b366a6eccbb090ec73b76fed6d3ff925f,scikit-fuzzy_scikit-fuzzy
581,e1b9293ce844b4067824f02fa62f171dabb82821,scikit-fuzzy_scikit-fuzzy
582,e1d6051da817a80a8fea07264e8f646d7cc96b79,scikit-fuzzy_scikit-fuzzy
583,e24423d61e4016ee4fc91a844f1b0f647d29b550,scikit-fuzzy_scikit-fuzzy
584,e32f60f5bf7b3a59b1e556eff894db8e1afe4639,scikit-fuzzy_scikit-fuzzy
585,e370d57d86460acbf1729b34a88a17bb91d4d2b5,scikit-fuzzy_scikit-fuzzy
586,e3dfb991eb4681c6b8d9212ff1293f02b9931eeb,scikit-fuzzy_scikit-fuzzy
587,e41beb1aade946b2784c2b00db891bf0ddac74f1,scikit-fuzzy_scikit-fuzzy
588,e425c312e45817a6e12e66684ec8439a36b74ba6,scikit-fuzzy_scikit-fuzzy
589,e4d996aa49141665f337dfb399c85390987dfdac,scikit-fuzzy_scikit-fuzzy
590,e4dd74476b45a603acd95f824b40c95855ef396c,scikit-fuzzy_scikit-fuzzy
591,e56e922290a0a3bcef7a3bee3ed0a89db28c8f08,scikit-fuzzy_scikit-fuzzy
592,e620ed651779de482184418c5b8631541ff42d3c,scikit-fuzzy_scikit-fuzzy
593,e752db7ad53c0de5a82af3047180bef1d4d65df4,scikit-fuzzy_scikit-fuzzy
594,e7772021752400267ddf751db92696501a7fdcd3,scikit-fuzzy_scikit-fuzzy
595,e7dc02da85282aa927a6a9936f7b07dc19b52d44,scikit-fuzzy_scikit-fuzzy
596,e87fdee75f30d75eef09cc1a36191ab612878938,scikit-fuzzy_scikit-fuzzy
597,e8b7ab91613058db18cff5676efdf3c68171c4c2,scikit-fuzzy_scikit-fuzzy
598,e8c876e11104e3a08ef291b77675a034d677475e,scikit-fuzzy_scikit-fuzzy
599,e904f7e4a081ba382323176db5182f585274427f,scikit-fuzzy_scikit-fuzzy
600,e9727ac99b90adf559ccdeafd16950eab4dc4835,scikit-fuzzy_scikit-fuzzy
601,ea0d2afda75c7a14e20a5a695a0de777523882a3,scikit-fuzzy_scikit-fuzzy
602,eaf267f3240441931990dd2864ba11fdf06ce370,scikit-fuzzy_scikit-fuzzy
603,eb15e4c683a6224bbc184f5c729667cc935369bf,scikit-fuzzy_scikit-fuzzy
604,eb194607f322e25bc9b6fe78898c35f5d15fac18,scikit-fuzzy_scikit-fuzzy
605,eb9271324c3ccc9dfcb0a84a3c0c0ee8b6289d75,scikit-fuzzy_scikit-fuzzy
606,ebda69713c9f536aaacc4b8e0774044163daea55,scikit-fuzzy_scikit-fuzzy
607,ec2681a3bfedfda20aece269034f3c6b5370008e,scikit-fuzzy_scikit-fuzzy
608,ed6b5b0e5e9acd80520c5f72706a5d6792a1e343,scikit-fuzzy_scikit-fuzzy
609,ed6cbe61f1cf3043f4627f6f1d242d9f8e619949,scikit-fuzzy_scikit-fuzzy
610,ed81ccc7aa5edbf0b70fa51efb5a056da6d51270,scikit-fuzzy_scikit-fuzzy
611,ed87faa2baa35e8297c99f27ba6bb76e3c4c7f2f,scikit-fuzzy_scikit-fuzzy
612,ed909226e8593ac4124b2764fc8bda615e314f14,scikit-fuzzy_scikit-fuzzy
613,edc0422e38cf041604accdeed538ef7413e26b7a,scikit-fuzzy_scikit-fuzzy
614,edf9114ec583b2a957475c6394aec8dbeb5882ba,scikit-fuzzy_scikit-fuzzy
615,ee027182fea1b29d75411f2763052cfb4f7d4469,scikit-fuzzy_scikit-fuzzy
616,eecf303b701e3efacdc9b9066207ef605d4facaa,scikit-fuzzy_scikit-fuzzy
617,ef0cebbc7315da9c15adf50cdae29e02a3ea2f20,scikit-fuzzy_scikit-fuzzy
618,ef2210e47c443564c5ea37995297ff362306611f,scikit-fuzzy_scikit-fuzzy
619,eff24551dc75fa90e6a59af3e6a2170919023702,scikit-fuzzy_scikit-fuzzy
620,f1000628254e7e649f6e5ebe23270c4f582ef8f1,scikit-fuzzy_scikit-fuzzy
621,f1612f6aeff34dc9329dbded7cee098fcd22ffd9,scikit-fuzzy_scikit-fuzzy
622,f16cd6672ed3d5fd231a2d5849f35aca237549fd,scikit-fuzzy_scikit-fuzzy
623,f1732f88abd273d591446166d153da5414791f02,scikit-fuzzy_scikit-fuzzy
624,f226e58859b8a16662628b74e03f0fa23cfc8722,scikit-fuzzy_scikit-fuzzy
625,f2357a4a09348f734738e6d40fb27b969607cdfd,scikit-fuzzy_scikit-fuzzy
626,f247c770d0f757783be1778b2dee6790131d4479,scikit-fuzzy_scikit-fuzzy
627,f258c4cfad514fd37a097eb59dcdea9472ccc606,scikit-fuzzy_scikit-fuzzy
628,f2da8a5d18db2d15331bbd0496552355d5307213,scikit-fuzzy_scikit-fuzzy
629,f30f39fd108442bd0d133f0780ae06ab16289fef,scikit-fuzzy_scikit-fuzzy
630,f3ab237fa870f9420d5bc1a0938d24501223aa18,scikit-fuzzy_scikit-fuzzy
631,f48ee1d7f57ac509e524ad46ae04d9b790a33af1,scikit-fuzzy_scikit-fuzzy
632,f4b853352f835fee6ec3a17af1b84608b0ec382f,scikit-fuzzy_scikit-fuzzy
633,f4bab3025eb76c7ec4cc49dbc05afd4d96e3ae0c,scikit-fuzzy_scikit-fuzzy
634,f512092d9aef81a8af986acec3d60f35b8d3ad14,scikit-fuzzy_scikit-fuzzy
635,f52863bff29a6f8ec876f06f89c312b7c469d100,scikit-fuzzy_scikit-fuzzy
636,f651485ccdd26f2e717a6a103032bdff5c0b6f0f,scikit-fuzzy_scikit-fuzzy
637,f65768238715ab66fcc0823469431bdce6219991,scikit-fuzzy_scikit-fuzzy
638,f726d710bcaf80bfddb2241136a893a39dee86d0,scikit-fuzzy_scikit-fuzzy
639,f7a28cf19dd8ec5c0510c2143d56d9709672bbec,scikit-fuzzy_scikit-fuzzy
640,f7a8af7229934526b9a653763852c6b4f9179d94,scikit-fuzzy_scikit-fuzzy
641,f7e1944de3090e631e1ebe5468317ca478a9da89,scikit-fuzzy_scikit-fuzzy
642,f7f15ea53892ad07dcb48d2d01e3e7410c3a6605,scikit-fuzzy_scikit-fuzzy
643,f7fd1d0b06c1e85dd6c138ac08b2c83dd3481ae1,scikit-fuzzy_scikit-fuzzy
644,f8173ccff0cac0b984e99fcae1748838ca1f0243,scikit-fuzzy_scikit-fuzzy
645,f84eb323f4dc3292beeef8b0ab3050209520c914,scikit-fuzzy_scikit-fuzzy
646,f8882805f830de34d0e187081ec7094ad0318add,scikit-fuzzy_scikit-fuzzy
647,f89360e3ddd343b87fb304d6caa1ed15938a3815,scikit-fuzzy_scikit-fuzzy
648,f93bd3bbc993a389dbc218a8c360fe2442bd6a55,scikit-fuzzy_scikit-fuzzy
649,f953e6aebc3139221ef6c0531f5efd71f670d44d,scikit-fuzzy_scikit-fuzzy
650,f96fac46d3b8528190f51b75fab3e8a98c54f4b4,scikit-fuzzy_scikit-fuzzy
651,f99853f903b8f54fde0d82713a6669cbf56bcc5a,scikit-fuzzy_scikit-fuzzy
652,f9b7e45ce083242c45c823b0d4af75f6275e64a8,scikit-fuzzy_scikit-fuzzy
653,f9f0011d1239b74abdb4c97dec9239a99aea70f1,scikit-fuzzy_scikit-fuzzy
654,f9fe7efac083d5626272cc46fc78b3dc76766356,scikit-fuzzy_scikit-fuzzy
655,fa0f8e62cd5eaee81bd8fb2297d175fcf13faab7,scikit-fuzzy_scikit-fuzzy
656,fa2cde3de9f335bd97a538cca19e31b4d2fbc52d,scikit-fuzzy_scikit-fuzzy
657,fa42cc1fc0b240bdc7925c78e8407f9aec9a6e2c,scikit-fuzzy_scikit-fuzzy
658,fa530827103b69fc277d94aa3977a7b8b43c22ef,scikit-fuzzy_scikit-fuzzy
659,fa7dcd479ce31c02eef4b30e2b7475d95dd4f6bf,scikit-fuzzy_scikit-fuzzy
660,fac023cd15d6ef85e9dec5c69a540a900f8b6720,scikit-fuzzy_scikit-fuzzy
661,fb11b2ea8f8256981133b962e7ed3459bc50a577,scikit-fuzzy_scikit-fuzzy
662,fb97fb2f631a1c16649e909c5f1f22fbc0397142,scikit-fuzzy_scikit-fuzzy
663,fbda002e8edeb82d0c9f0dec9a18c81804c00fce,scikit-fuzzy_scikit-fuzzy
664,fc76aaf0fb59a3e80abfc259403d3b36df93ee63,scikit-fuzzy_scikit-fuzzy
665,fccb32554f3fa3a467452979915489be3359f155,scikit-fuzzy_scikit-fuzzy
666,fd5ce7da5a0b7987d51fcc77b729c9a3e95a3ed9,scikit-fuzzy_scikit-fuzzy
667,fd7e4ac9e5ff6c1e44eb1ac94ed486dcb6847372,scikit-fuzzy_scikit-fuzzy
668,fda068bd1d9c7429e9acc9b5b0f71db764e987e4,scikit-fuzzy_scikit-fuzzy
669,feed865f2babc34fbb8db95bf5e1e03e93c992df,scikit-fuzzy_scikit-fuzzy
670,feef9ad41359a8faacdff2654feead26646d5408,scikit-fuzzy_scikit-fuzzy
671,ff40b0183e3c15ba1dcecfbcdb682a8d8d22c736,scikit-fuzzy_scikit-fuzzy
672,ff564f432afd3e2109b3b117740371249e68e246,scikit-fuzzy_scikit-fuzzy
673,ff5724c35e7f5998741dbc9e3b32cbde0cba9498,scikit-fuzzy_scikit-fuzzy
0,0079fc97a7fde0faeb01ab90a1043b4a6a6b1442,mhhennig_hs2
1,00ccc9e5c4057bd88c48242204208703951ccdfd,mhhennig_hs2
2,00f2f0594358747809e6ad17246b3ed467ee01fa,mhhennig_hs2
3,0122304b85090c8ce0ebcab7972c1e94fcfede26,mhhennig_hs2
4,0129bf1e7f71bbc8333d5fe357a3f840dc9214bb,mhhennig_hs2
5,021bfb25af8bbbf0729953da39849cf0b82d5b36,mhhennig_hs2
6,0248903e23e18d0a7d06683a6c5e9ec5f6cc1dce,mhhennig_hs2
7,02972288da52bfbe177db1bf97d3c6f9e887a87c,mhhennig_hs2
8,02cafd50d05fe8ebbf8a35da98caf3f355698506,mhhennig_hs2
9,0316a0ac46ad38308cbeff9921281bf3145c5ef0,mhhennig_hs2
10,03a30854538497978aa173b82b79b7ffbd2a64c5,mhhennig_hs2
11,03c7a70b5997bd10fd3b4bce25896355c1e7418e,mhhennig_hs2
12,0427e60795eb286901dd79a2426d6f746f10b327,mhhennig_hs2
13,04b6cceabf428d3ef00a61d7e92099f764954aad,mhhennig_hs2
14,04cd1f8621139b4ec97ba1610f8e815e4a1fb21d,mhhennig_hs2
15,05027b6a5117f984e00553c9c8f9a3ba91ef9cfe,mhhennig_hs2
16,0571400845d8bff1d24357d3d5853a37c6c3c376,mhhennig_hs2
17,05e79f3b115721393b6321164c91847a7cc0df10,mhhennig_hs2
18,06143ad4e755317b4bfc4bb98a5b3b611deb6d7c,mhhennig_hs2
19,0651896a64f1ab9564e5be754ce810de0c01bb6b,mhhennig_hs2
20,066ea16e3b21cbc217ac9169b9a8cefbcd6c24d1,mhhennig_hs2
21,067eed53536466dc44bf6ee5a496d40fd09385ac,mhhennig_hs2
22,072e7ff1865c7f318fa075c1e1713d388d3bbcf6,mhhennig_hs2
23,07a7af4802a89cd916e105216d6c2d10f06609d4,mhhennig_hs2
24,0840754fe72e9bf591fa3f5f12a839550b4de85e,mhhennig_hs2
25,085fa5f59146c807fdebe8a9ef49107d6e800d8e,mhhennig_hs2
26,086110363ffa3b88494d15b496681385ff89c73e,mhhennig_hs2
27,09d41bd954421c435602ff1a0b23ee85339df297,mhhennig_hs2
28,0aad3bcd2b9b8d6d44abe023cfa5c1f0f82ccf98,mhhennig_hs2
29,0b372f8c9fe6e219e1b5197e499a7f93c7738f77,mhhennig_hs2
30,0b39050566babccce0d84868da5c3c142fa11980,mhhennig_hs2
31,0b4eb4c4c73b04bb2fabcbe6661889746c68b38e,mhhennig_hs2
32,0b6198d090baa7644a884ab1b57a9384fd5863c4,mhhennig_hs2
33,0bf6c8f5f782d19819ca7c2f530a70f2a68dac94,mhhennig_hs2
34,0c333bb7c6b124a3c11d8f1d5bf177aa62c14d9b,mhhennig_hs2
35,0ca835a16ff9edb0b00cca2199e7935a3f5a4d1b,mhhennig_hs2
36,0cac5bdff1c0da4daf5ad6f54527c42bf0afd9c3,mhhennig_hs2
37,0cc28f4e36245aae1fbf86cbe634b8426e9b1444,mhhennig_hs2
38,0d5584aaec7256c72030f1e32397832b0633dd98,mhhennig_hs2
39,0d5f0f896c4e16fc3776f4e4977841a9105d60f1,mhhennig_hs2
40,0dbc687218493876cadc3368ad537e16fe932e63,mhhennig_hs2
41,0e2667781d37d8b96d110072ed4398c9aafaecea,mhhennig_hs2
42,0e8b0d5d0396fd85dc2c47e3b8c0c6d8f83349b3,mhhennig_hs2
43,0fc80e5eee9c9a4714f0c0f75196347b36c70b97,mhhennig_hs2
44,10ea3f97d92faebf36ae0c00013fd31059dd5374,mhhennig_hs2
45,1202b6e9e62c373ff17851eddb0afd9767497c25,mhhennig_hs2
46,125cd5763db36329f8ca312b6d3028f4f505fe28,mhhennig_hs2
47,128ae02a056afbd1166865b3e93c504ecbb21429,mhhennig_hs2
48,1293a40a90308074656cbc4dd1f24b57026b8452,mhhennig_hs2
49,12a3ff426f01d38f645e1bc579eb4d9e8e6452c3,mhhennig_hs2
50,12cd49616606995c732c4b2acf7e525e1fd50c66,mhhennig_hs2
51,12e0eb88c5a5d7c470fee782b8b0a00354b7d85e,mhhennig_hs2
52,1305dabe783944870b989027dfb29ec54f8336e9,mhhennig_hs2
53,1407525c254f77bd1ec6989098d04783da5e52b2,mhhennig_hs2
54,1656135a024c2c33130f2c9fdc82e3b468a1ecd7,mhhennig_hs2
55,16c59942638ec3684c739cc2c5ec892743ff800c,mhhennig_hs2
56,16cf784bfbde53eeca20e010ee8fbb26a4362a36,mhhennig_hs2
57,174495ee21f87a7d4c19db4dff33a32bc8e6db5e,mhhennig_hs2
58,175c38ea412cbca3fa287c5176ffeb9712e9b12f,mhhennig_hs2
59,17ad92cdd6119ff0ec1ca210b65623c67739c1ba,mhhennig_hs2
60,191449f6ba57323cfed1b08586d17f33a766104d,mhhennig_hs2
61,192b91cd70c8788d48cc6145bb352b20f2c3ce20,mhhennig_hs2
62,19f53a70435a0d102e675be160268f71e56618a2,mhhennig_hs2
63,19f665c61f03025d6e8f8b0bb9d5fa0b44da74ac,mhhennig_hs2
64,1a5b188eca562337dfbfb6d912a8e379b345f4a7,mhhennig_hs2
65,1a5d42e47ffc5207b31b2637776b57283b08cd0a,mhhennig_hs2
66,1a9e545b399092528fbdcd48aa994ef5d12aad24,mhhennig_hs2
67,1aa3a31fc908f4e16fcac9b3bbb39b18fb713369,mhhennig_hs2
68,1b39b54ab6751655ae36c44d1936111a4b643bf5,mhhennig_hs2
69,1bb1333a3534718e4c969309e396ee1c96a8b276,mhhennig_hs2
70,1c92e7c576dc386cae6bc5f1dafbd56b6b2c5ce4,mhhennig_hs2
71,1cf70f5bc823216155fce0370f8a1a7f3d8b85e8,mhhennig_hs2
72,1d817eb613fc6cff7a5f85eb5739df54bbbb66c7,mhhennig_hs2
73,1d828e960cb2b23f43bc4f3373e1ad2770605da6,mhhennig_hs2
74,1d87487710b190a31a68688974791ca86a74072a,mhhennig_hs2
75,1ea13fcb9bdaf87acb7d0624b1040e761d5bd109,mhhennig_hs2
76,1ee2b0969bb4400d458b955357ea6039fe12672b,mhhennig_hs2
77,1ff9a51d282beb1117aed6ed5d2c2e80f86612f3,mhhennig_hs2
78,20a5c6cedb394f37fc832128f74e8189dc77d8aa,mhhennig_hs2
79,21fde6bcca5f3b3b03b2abed2e10b0f54de7bbc3,mhhennig_hs2
80,22b4f2c9b423b68d7f74749934258a7f24945228,mhhennig_hs2
81,23b07205bd5802b489127ec63f70005a4b939e33,mhhennig_hs2
82,24072ed883c53dcdaa23748280d7b0eec649fd46,mhhennig_hs2
83,254f6ac084d361afd4443e25b1fff72d3efc260e,mhhennig_hs2
84,25d45ff826b2d0751a6de7e59c2e3d046ffb6d4b,mhhennig_hs2
85,25fabe179bb7e9bda0f2db9ba55a3059de03ebef,mhhennig_hs2
86,2604cb36c38c986bedcc85f64f8789045114272d,mhhennig_hs2
87,26050c4d3deb3ef2a7686a99dcc7ee1503b7d036,mhhennig_hs2
88,261b745df163876ae012e483bcb18d716ce09448,mhhennig_hs2
89,26d5d675becfedd8352b74fa4653e8b4abc0138b,mhhennig_hs2
90,270f67fa794c2176e0037fa0266ee91c3b5ef08a,mhhennig_hs2
91,2720ac4fa2d92d4384a5554ef1e429cb8f1d5edf,mhhennig_hs2
92,28254824e6917843d567a5ab2a56d5539f51179f,mhhennig_hs2
93,286e9db6e6896e1526139fe156c66eeebeea546a,mhhennig_hs2
94,2891bc47de2ca2af1598df92384282ab04751d1a,mhhennig_hs2
95,289ac6f7988b89e2e7d3b405bc14b6511d14ba63,mhhennig_hs2
96,294abb029a3ce9e76af6ac4ccfec3f6c3ff7e4f6,mhhennig_hs2
97,2953b06622ab35e48bf505479344ad6be0aee8c6,mhhennig_hs2
98,29823b09602aae32415086b4098dea2932f2fb49,mhhennig_hs2
99,2991ebac7681183b740d6d6cf1d32c2974a9e1ba,mhhennig_hs2
100,2a87d81ff545f444acc305bd02a51354c650eda2,mhhennig_hs2
101,2ad55ff7b68eaa4f7358f9da979bf28ddf4c8c8d,mhhennig_hs2
102,2b1df5137327543c46bae1dc470f5d3e1e6860c8,mhhennig_hs2
103,2bc2b119c6de43e4f4870287b3191a3c03e127bd,mhhennig_hs2
104,2c24e0b3a5cae929cdaf0c24e7c6bae5c6c7799c,mhhennig_hs2
105,2c531e0ef215c985a12c07121d50fec99eb226a5,mhhennig_hs2
106,2c694c2be70e23986cb740af2c51da8b31131272,mhhennig_hs2
107,2ca5e6cc9d24fc3c5c6a3698bb609ebd78465b6d,mhhennig_hs2
108,2ccfc649829255a050b18194a2a7f88d1d0e0166,mhhennig_hs2
109,2d0233ca7f7ca8d27f5b408820ece317d43db572,mhhennig_hs2
110,2d64e273346d2f0c0b73b82fa8a290a47500c1ec,mhhennig_hs2
111,2d9b9f9dc7d745f19c9fefc0f2e59a235479c7b6,mhhennig_hs2
112,2e389b37eed40a2f1de00d914fd9473bf2225c0a,mhhennig_hs2
113,2ea2c942117754d9e9a881064f6176e2e03a4f8e,mhhennig_hs2
114,2f28f688fc92c723ebb649e52ea43cc6ea4c1b2d,mhhennig_hs2
115,2f337dad13fa7b873993ac6373a02148d8dfc9e3,mhhennig_hs2
116,2f453cafe14b7785f7cda702f4bc213981c6f6ec,mhhennig_hs2
117,3006c539977b1380b63381ec79b1cb55e8992c69,mhhennig_hs2
118,31460245e73f899d63324f65cde0db98bef4e8ce,mhhennig_hs2
119,31f29bdeba8c7497638a2dba978015dea531c39b,mhhennig_hs2
120,32e0b42b8be937acb2d6526a93d2bd2928a6e237,mhhennig_hs2
121,33470ef882dfa5717a174e7e5847bf346e370d8b,mhhennig_hs2
122,3409aeabc0053cb8ddd32819c1a73ffadb97fa38,mhhennig_hs2
123,34d3743347f12d476d8904d0f015759a4848ed71,mhhennig_hs2
124,360ddc2e9510389b2059573a494652dda771f3a9,mhhennig_hs2
125,3682aed335d7c700aba02c71e6b80da12cef03cd,mhhennig_hs2
126,372e9820d2dc2118af871ca9c33f87e19e55ba76,mhhennig_hs2
127,373d858f7ba8584f94f45ce769bf8ff27c44b7c2,mhhennig_hs2
128,376f98d981b156490893e3a414eba1d0db41eb54,mhhennig_hs2
129,379e0d6964fb97e08d4fd538a1dbb71aa755bd75,mhhennig_hs2
130,385ba6fe1e156c3b5be6e790ad6b55810738a7bf,mhhennig_hs2
131,38a55483189d5da2d8dcf29a14de1895682ccc4b,mhhennig_hs2
132,38b0607cd04ed49f71bb123cffb8e9dd62b9e15f,mhhennig_hs2
133,38caf84e6a3dc855132721e54dfd8d5bb81c658b,mhhennig_hs2
134,39b94d801ad8382fa2297c33850c4e520602d575,mhhennig_hs2
135,3ad2ca389eea447a50ebff6c48fbed80dbfe5ef5,mhhennig_hs2
136,3d25ce032bfcd3991dafcafaace7775862170475,mhhennig_hs2
137,3dc69d04a8cc49fdfc1f930a46a621674c7809f2,mhhennig_hs2
138,3dce2a83ce9b2f0614001f3bcf956f61d2c736c1,mhhennig_hs2
139,3df5611c2457e182572f3c01f92dbc1e53b7398f,mhhennig_hs2
140,3e1f842c855003e165ecc6b23d4b210aae81fab8,mhhennig_hs2
141,3e4fa4e49cbef61f1e6ce2d0fcca69d5ae2acd8a,mhhennig_hs2
142,3ea85219f187fd04ba3194c219e92a884a847cf8,mhhennig_hs2
143,3f46f7bc5cf9d72bffe4fcd8625d7c4bf8f38f48,mhhennig_hs2
144,3fceaa709542fe544bff4680691a8831d4ea976d,mhhennig_hs2
145,40f2f1fdf2215910f5cf3210eb39382d40f9076d,mhhennig_hs2
146,415f2d0cd3ed2d8b8bfd27433c6415d593aea2d6,mhhennig_hs2
147,41b8f4d7ac8ff2763e91cb020b2bde000f2c1e96,mhhennig_hs2
148,41f37734f2c4f530e706a62a3242e4d68593b254,mhhennig_hs2
149,4282e46fc368ffb1e604d342f84fbe0e2cb8c93b,mhhennig_hs2
150,42b83fef9048c7d9098315f3ba870d986780dee9,mhhennig_hs2
151,42b856849868e455f4bbdd4e303195203c3737fd,mhhennig_hs2
152,43c517a7cb64f5365002417213f63ad37dcb0a34,mhhennig_hs2
153,43f631652768017323d96e1a89eabfb981a46f90,mhhennig_hs2
154,441ae75cc4e202bf7cf2efcf24e6e0562b9b9f75,mhhennig_hs2
155,441b0a2517855d3bb6128bd74807f4ff8c19d6c9,mhhennig_hs2
156,44bc90c458f3a472726ca509fd693db2c58eed10,mhhennig_hs2
157,451cb9cdd69e06d187a574b5d4221a90fbb255ac,mhhennig_hs2
158,4530958be564936d9c0e65724658ff252307648f,mhhennig_hs2
159,45462e76e74766f291f0b525a412c1ee521468b5,mhhennig_hs2
160,454dd308aa61f28561ff84ddf184589dc15771d0,mhhennig_hs2
161,45665a2b64384bf6757bdd92c72e84e0c2a203fa,mhhennig_hs2
162,4567edfef8b7a2818da7aac709393bac781361df,mhhennig_hs2
163,4895ecd0ffb8c4c6ef8810d0c43a9c62c69837c7,mhhennig_hs2
164,490b67590cb7148e783984d55c115a7a28c2527f,mhhennig_hs2
165,49133b4dd7d0771e641670c74b73f0776c8db3e0,mhhennig_hs2
166,499086414dea082a9c27f0993a374910cbcc058b,mhhennig_hs2
167,49c49e3118666be238a8602f2974269139468dde,mhhennig_hs2
168,49e85e05b27013167c8e2c5805c7f3a864f2fe1c,mhhennig_hs2
169,4a0eb34b2a68419d9eabfd9fc5235fcc9f43887d,mhhennig_hs2
170,4a0f0ab68d3859d43ba7e8bbe5e4a5302e6d2f00,mhhennig_hs2
171,4ae067364613586987f51c936c75f0e7e79e5d00,mhhennig_hs2
172,4ae463a7ae9b01432a75b81dd28fea1211c483c8,mhhennig_hs2
173,4aff200c12e3b8a68b1e2a45a1553964b5fb3542,mhhennig_hs2
174,4b78deb4753927f760e38ec0882edf70a3e4f41b,mhhennig_hs2
175,4c296f2bc1824d6ce43179ebc74e4d1709afc0c8,mhhennig_hs2
176,4c442b29f1ce56ce530a392409655e23e17335e1,mhhennig_hs2
177,4c5d2715c3c2714712061060851b02eb029cf67f,mhhennig_hs2
178,4ce052c731a2982010cd8627d0b2f8e9890c4a2f,mhhennig_hs2
179,4d0e12081c45a48d2e481b5877713482a35c9fa4,mhhennig_hs2
180,4d1ed53becd40673b18c2b672a17e11afb9a6519,mhhennig_hs2
181,4df87247a2a7586d836745003ddc1427df107521,mhhennig_hs2
182,4e01d5e8d0253e3ef230ffc5473cfd4dd02e837e,mhhennig_hs2
183,4e7a71c603abb8aac296aeb84289fce2b017ead6,mhhennig_hs2
184,4ebd2397075a8708babe77e4743dfd93dcc41fa5,mhhennig_hs2
185,4f06960ce278876ba3009b7371b69cca0e53caaf,mhhennig_hs2
186,4f3a05251b1509ed356c6d8ba36e83f129b03ecc,mhhennig_hs2
187,4f6bf0def4beb2d6c96522cc9758b465d866a6f8,mhhennig_hs2
188,4fa84e4e9ce86718b8716ad09f6a117c9e55e243,mhhennig_hs2
189,4fcd6b169cc4abde31121eeb0099fbf0614cfdb2,mhhennig_hs2
190,50047048eaaabd315fa73e1647360a62f2fd6acb,mhhennig_hs2
191,50413cc6570ffe5776cee4fb6be19f69d631f4bf,mhhennig_hs2
192,50e7abd79ee03691e0cd48d35fcc13b4d5a97bfb,mhhennig_hs2
193,51e8526aa66d337221152583c9032be8acc788ff,mhhennig_hs2
194,51fc5aec0633d954b5c892fc52db49126954252d,mhhennig_hs2
195,5261bb4f3d93ed957b3ca46f0b4f33c4716f2a34,mhhennig_hs2
196,52ce73c703a3b5c114d3e353b09dd13d143252d6,mhhennig_hs2
197,53aee99e444b7d86ba0a4aa3a5240ae6d74ca482,mhhennig_hs2
198,53fc4ee84eb498d5a8fb3d44c44c8d0a11cb3bd1,mhhennig_hs2
199,540de9174208093ad34c5d6b4c2e17b91c17c126,mhhennig_hs2
200,5472ec1320ac0a3dd4c93d980c0647e10cd29978,mhhennig_hs2
201,551739fde4724f233ca65e263678b98a4751d914,mhhennig_hs2
202,555165e93244297a97fc217aede19e1142ea33cc,mhhennig_hs2
203,55aa45038ec98b5cefca68293ba52b85dbcf6824,mhhennig_hs2
204,55d677f341b1b1d788da145b75b5cf22f4661546,mhhennig_hs2
205,55de1a2cc380147b9f7eb8a2557d965aeaa5c12c,mhhennig_hs2
206,5614ec309c0a1494b6b8666bc7a1b3d5f858cca3,mhhennig_hs2
207,563cb7bb45b87b13a18ba2eed1cefbd0d8c78eaf,mhhennig_hs2
208,56559ace8b4ef3d4c4ab43ac2191456863cf827d,mhhennig_hs2
209,56cdf1235d32c3329a9bdf2363f7772c87a4e30a,mhhennig_hs2
210,57c610ce60610c2ae4c5d21ef7c8b22054b53fd2,mhhennig_hs2
211,5b56895ada92324dd138e1888756f6d4d97c746f,mhhennig_hs2
212,5b92c723896f555e80f6db94b2677a1c0fa56cd3,mhhennig_hs2
213,5bbc8b76a34b2cf9f1684d7d16594001439074dc,mhhennig_hs2
214,5c2e7ecde8f79d999a681b4068685075c336bf12,mhhennig_hs2
215,5c7c314358597aab12362f45614b3ce5eb518c4f,mhhennig_hs2
216,5ca917791fc0528ddb50335d6d7b4b88fc64fd90,mhhennig_hs2
217,5cb9e938c72843b28c502655e4b8de698b20e9a5,mhhennig_hs2
218,5d150e0ffe4f892b7ffed0ba6107041bc1c7da1a,mhhennig_hs2
219,5d78d77bb3400a505f29ef08683ca8000849585e,mhhennig_hs2
220,5da14d21908730ec2f7a4ce5f407f6acb6846f3b,mhhennig_hs2
221,5dd9aaa7f5d8ea0b62f5bbc2b7f43bbbb4501a13,mhhennig_hs2
222,5e3338586dc44765b95ffe66b1c8b2843d610bda,mhhennig_hs2
223,5e747e148a4946ed9e00c18df8ff6253169369cb,mhhennig_hs2
224,5f2c180a25efaeaa9924df229b7737bae7cf7860,mhhennig_hs2
225,5fa94b142402c2cf53d19739274b4970f72b6e7b,mhhennig_hs2
226,5fbde976ae47b59204afe09433e2f60b0a023d48,mhhennig_hs2
227,5fe35bcc1af2c93aa4fe85d339ae5f8eebe68b4a,mhhennig_hs2
228,60b99a66ef1a225c28b7160db5430ec6b1b314d8,mhhennig_hs2
229,60c739e5dc3d1c061192705102e39b961edf5548,mhhennig_hs2
230,60feb402c7310c14c5f71930956ef3e015af42a2,mhhennig_hs2
231,613ef952613ed8ea1b00f97ba0ca8ca14ffc26d7,mhhennig_hs2
232,61a38d40b912ec1ac59c19f44faf27570ea8ccd0,mhhennig_hs2
233,61a39cc7f33fb305e2547a38ee7cc81cabae8d5f,mhhennig_hs2
234,62844d2040133bbf056d14ab14fbb1381c8011fd,mhhennig_hs2
235,628f660ccabb39464a96e59f025cbbfc4cc5e898,mhhennig_hs2
236,62cc7e8cc99d001e19b5a1d3deb8356ccaaf50b2,mhhennig_hs2
237,62cfdd64198f2232c02e15eb261e0ebb5c7d9a72,mhhennig_hs2
238,62e0b144a95befa5151b5e69b068b0cfe495c5fc,mhhennig_hs2
239,63570e3c736da6a30d504a68fed4116b7b166140,mhhennig_hs2
240,63b16a476b65f10d91eb24d51b559329eff2a72d,mhhennig_hs2
241,63c8e0ff4874c59f637a97091fc2e8136310dc18,mhhennig_hs2
242,65586d726690aa74d3a61216db4d26739069b674,mhhennig_hs2
243,66eb3d34c5bdb4c4f1dc0f67db00976c021fe11a,mhhennig_hs2
244,67044610466c013fb093531a72999749bfa174dc,mhhennig_hs2
245,673a60f88b1b55b1775f32548543bd878348b498,mhhennig_hs2
246,6763ddd8e91f5c9461e343a993f45da471d97ea6,mhhennig_hs2
247,67db3f5bd49433a4ec9c6debdbe782152ce16f45,mhhennig_hs2
248,67dfafcfa9773969d511cad6024fc5805c1cc092,mhhennig_hs2
249,693f2881df97c383062966698247278624ba7985,mhhennig_hs2
250,69767627e7189152ceab1a1563412c7b7eebd626,mhhennig_hs2
251,698949076297b85111b3082c393bddac0c1ffbfd,mhhennig_hs2
252,69a6a26d0b9be98082e78d772ea784b26bde65ce,mhhennig_hs2
253,69eeb9249dc27e462c1c5548578e2f312d3f6dd8,mhhennig_hs2
254,6a0acfc121074e0c52db3cea8c40278335cc8097,mhhennig_hs2
255,6a7fddd8efc764f57cd52032235f206f5960f848,mhhennig_hs2
256,6ad5dc952b3623e1157024aefc5af06b62925b41,mhhennig_hs2
257,6ca1c8d8a74c88a78ee054d6440cb73a15ccf4f6,mhhennig_hs2
258,6caa9f6115aefa85eba54b3ca517e64af4fb5ce5,mhhennig_hs2
259,6d27719f5f5b7b36c2235936ac744514848a1daf,mhhennig_hs2
260,6d6ee73374ae335f872bfc5ea9bf276a2803c5da,mhhennig_hs2
261,6d96679f81080a00d33ac14e6710d1f7e995345b,mhhennig_hs2
262,6e04aa7f02a844ec0da011f46705d93cbf5df250,mhhennig_hs2
263,6ea278da81144839beded1d3d9419b5fafd44a95,mhhennig_hs2
264,6edb9cd9df08b8eeb1280214ecc99f9922c2845e,mhhennig_hs2
265,6ef765db3b2c9970d0f6a3b39798e9542b9cfc46,mhhennig_hs2
266,6f4dc3fd2969fa0a5742c833fedda8d02d374568,mhhennig_hs2
267,6f7c7f6f66864116ad86ea53634117a058b9ec25,mhhennig_hs2
268,6f856c7dbe24531d0fc57dccf336c131d7eee3cb,mhhennig_hs2
269,702445fcca089f5b3718a777d9a4b840f3dd0ee1,mhhennig_hs2
270,70357ba7eae53d15661e4fc9e186db031997f7d6,mhhennig_hs2
271,70db1d889df03c56c9a22728aa0652b4894dda8f,mhhennig_hs2
272,71bba7720f74329e9e6514e63a0db44ef531571d,mhhennig_hs2
273,720351b670f9e8bb803d9803ed8ca75c1119fe85,mhhennig_hs2
274,720c5b03b5ddd8f4298b4410c978a77ccb36650b,mhhennig_hs2
275,721667cdaf31f00fa6ed8a3784f6090a0038c486,mhhennig_hs2
276,72b19a03917f00fb4d160167b82eefe2169fdc4f,mhhennig_hs2
277,7311991aad00b43283b435f7ddf52f917756fc91,mhhennig_hs2
278,731b627cabdf3601a9e481d244099bf91db04b0d,mhhennig_hs2
279,735350988d5abdb6c51506eb17a40d7307c902bd,mhhennig_hs2
280,73e3535b215cd50a111142d33e8d1413719f9652,mhhennig_hs2
281,74032cc0e4181cd958c78b41e633ee3595307b3e,mhhennig_hs2
282,745be8b1b93568a364a1973ca9464edb42e84332,mhhennig_hs2
283,748f5682a3edf6a138c15951832205a9d87bc444,mhhennig_hs2
284,760770389682d15168e4aec86eb7ef400005c2d6,mhhennig_hs2
285,760f6e28c10fcbe6eea4946e5a3386d4c74d67f0,mhhennig_hs2
286,7615ee3c3299e89427fde058a63a48b54e9da3c3,mhhennig_hs2
287,768ac0289641667e31f24ac2c577fd32a30e1630,mhhennig_hs2
288,76a875f3abfe2a89117c7884d80074ceea0e3927,mhhennig_hs2
289,76c612f7592b4a15d2027c39a8e156ea8a2b98e3,mhhennig_hs2
290,78666522d8c5deb9d9ff7976633ec6ed47c3dc2c,mhhennig_hs2
291,7868678af40391279dcc39f204ded2e72b2f627d,mhhennig_hs2
292,78d3ae9df2b787fb6a0b8b447de5392c932ec1c3,mhhennig_hs2
293,7900d971e5b61bc5e3fbfa48301deddf283c9704,mhhennig_hs2
294,79532e0b3a58bc8ae439d8e948c4d4301db89006,mhhennig_hs2
295,79552afa57466ce7aa55c5ba2e07c44f50f53c7f,mhhennig_hs2
296,799701eb4ca79655245d9958490b2bf90eb47460,mhhennig_hs2
297,79a74441d697997bfdbc212b2e2fb89427bcdc7f,mhhennig_hs2
298,79f1e14f8391cdf227359452d7e2049398806f32,mhhennig_hs2
299,7a4aee58d382f7d99cb77d93eecf27d38973f5f0,mhhennig_hs2
300,7a5ec8193de3dc20f03a2f478c9621d03ed423ab,mhhennig_hs2
301,7ac97c5ae39d252dabb226722b7efd6547696c5e,mhhennig_hs2
302,7b3688f39ab49ba8dbd2a1cddc4afc00fa12427d,mhhennig_hs2
303,7bd600d84b547fa490bf8cca07ff6e5515b38663,mhhennig_hs2
304,7be86c0204c101bca768b4b3c8072c29a25b3bac,mhhennig_hs2
305,7c0c894e243b239cedfa675c711640e77562da27,mhhennig_hs2
306,7c652ba5dd1ca6482368a33e1cefd7fb8c5701d6,mhhennig_hs2
307,7c69060fd1db622c38bff6fdb19b5649de920d88,mhhennig_hs2
308,7c6d600d9e52865aa49145fad505a0e94d69576e,mhhennig_hs2
309,7d4d43387b680617c9198f44048879bbc187b481,mhhennig_hs2
310,7db1672a5d6d00bbe7f9237580f93b0c99236722,mhhennig_hs2
311,7dc63e6b28f1578749a632c84df592fbb9a25622,mhhennig_hs2
312,7dd67bcd871e1d05678e2041009bded43e676aa0,mhhennig_hs2
313,7dd84c74cb4ad5ddefbc3740206d8cd06e68c382,mhhennig_hs2
314,7e524f53ca0c78234968023fe1223ac35b4eacfb,mhhennig_hs2
315,7eb9baadee463a9e6dff3711aa66b15f26f0c78c,mhhennig_hs2
316,7f7bddfc2ebee610b268b9a08623593f9bdfb230,mhhennig_hs2
317,7fca0e4dcafc9988daf00ed98719efcaeed853d5,mhhennig_hs2
318,80204761f2e43db579ded865237121c63f160590,mhhennig_hs2
319,803f822d1b727f3ac22e19911457ce7570d71bb5,mhhennig_hs2
320,808bbcdb844edee9e1003eaf561a935b55fedf05,mhhennig_hs2
321,80a86c8784c1b32fc206d339b689035c6a6688b4,mhhennig_hs2
322,80bcc002c4a6b3757e7c51274bc019f1edd5f61f,mhhennig_hs2
323,81173018835ca318700777c29f793dd823a5d87b,mhhennig_hs2
324,815558f2d5b69da473f98996b862c076a298486f,mhhennig_hs2
325,816e2be7c277146b4e3ae27df288ce27fd982b4b,mhhennig_hs2
326,817abe7eca6edca370f787f1b19e104fbbe4e1aa,mhhennig_hs2
327,8185a7def749acf6c6b8294c9a3b428483710aa7,mhhennig_hs2
328,81e311ea6e1817e6eaa276a865d77a0618aa3f18,mhhennig_hs2
329,81ede6f227ba7b003f0766deba777d5fe22dd506,mhhennig_hs2
330,82313c9afe231c0e60b6bef53c5891dc1544e965,mhhennig_hs2
331,8263e658b08f93919942379ea88ac2747b01d11d,mhhennig_hs2
332,828d71cdd3aa061a3e32363baf0f7c5f1eb85735,mhhennig_hs2
333,82b4c4bcd9832b037c3fbacb7b25861d6453b99e,mhhennig_hs2
334,82b7441bc6b00faafdf557c3d0885cef47706bd2,mhhennig_hs2
335,82d646e2a634d47f96b46db3908913e09e956aa5,mhhennig_hs2
336,82f91ea5c671761ab7944ecd2b8aa74d45e77ff0,mhhennig_hs2
337,831c3e54ab4b8202da9e3499aeb16ce7b65b9fdf,mhhennig_hs2
338,83ab1541263305e59a305f94a095d8755a50edf9,mhhennig_hs2
339,83cc8ea6cd1396c707b92ce2078d6bbe203968ba,mhhennig_hs2
340,83ddee5708717a93d55a635df0312865de35bcac,mhhennig_hs2
341,8430ed30e495ffe479a639926fd62e3e0d418664,mhhennig_hs2
342,8438996369ad844169aa740be1162b2a35f435e2,mhhennig_hs2
343,84493a86b8804248f04714987f0f0e4e1c2286ca,mhhennig_hs2
344,85313721f2b82fbdee2564922ba20747ec625de5,mhhennig_hs2
345,85685ef46545a832a4fc5cec26a68c51be2f5349,mhhennig_hs2
346,85a5c1125a6fe96fcf3886b60496c886a218398d,mhhennig_hs2
347,8618cd8b83b2181d820eee758049275cae9a83c2,mhhennig_hs2
348,8632d394f85d22c93d975616c9737cbcd30d9660,mhhennig_hs2
349,86dc076f5a0131ff42b76d499d060412efc75431,mhhennig_hs2
350,874ed7ac66e246a3c5dd6dc22dc31d3fef4fb2e7,mhhennig_hs2
351,87722d61d8115217509d8fb399ee0967fe733d88,mhhennig_hs2
352,897b7a60468fc6ece3220b4b987a2e3fccb51eab,mhhennig_hs2
353,8a69c737c3333ff0dd87658a430c87d0aca43732,mhhennig_hs2
354,8a77a50b41e31394f250be882f9a1e9cfc4bfa33,mhhennig_hs2
355,8b9891dbe5b9e870aadd510b5f28d249142d866b,mhhennig_hs2
356,8be2f65f6b1718cffbd9acb2cfb396e72b480e11,mhhennig_hs2
357,8bffe94eebe1919b8917630b977715853ede3078,mhhennig_hs2
358,8c5ca656daadb017a940c54541e99ea21178c16b,mhhennig_hs2
359,8cbd7081a5f9dd826dc2103300e8f9338ee0a838,mhhennig_hs2
360,8d645ff5707f4096d5a7ad0d2dbc3081b2b91fe7,mhhennig_hs2
361,8e157337270ef7cec539a7946d97f84f80e377dc,mhhennig_hs2
362,8e1d45baf3202b15c860a3c180784b7b3eb791a4,mhhennig_hs2
363,8e4b8da71970c1cfaf57f57ac089c669463b87ff,mhhennig_hs2
364,8f2233722d1e499232cb0b9de86d3124df22d36c,mhhennig_hs2
365,8f256ef95603df735bcc61277e08bbe1df6db53f,mhhennig_hs2
366,8fa879f37094d5b44766b0d4ad3b2761e1b09887,mhhennig_hs2
367,900991ab74ba7e367c48e4c8b46449bbf01ee20a,mhhennig_hs2
368,90774034609541bda325dcb34f1e88a70066117d,mhhennig_hs2
369,9118f51bbeda4010525d0f28cde07d42eb24e152,mhhennig_hs2
370,91b36b718cd11ee3fe46aabc40be5101d91a3537,mhhennig_hs2
371,925e4e5230543c9a23bfced82e7bffe38aa4ffec,mhhennig_hs2
372,92626d2e1c42ac4b2cbbf047ef47e0762e79b906,mhhennig_hs2
373,934ac49370bd399e6640edaa0df2b6b37d7e706b,mhhennig_hs2
374,93a986bb3742688d2c9345670ce366f64fa8527a,mhhennig_hs2
375,9408d7688b4a5d682266948926d22baa5539f869,mhhennig_hs2
376,940992372f6cba6a0972c9541732af29850e9ae9,mhhennig_hs2
377,944eb29cb1c8d70f13e1f913f7e725fd63d1be29,mhhennig_hs2
378,94c283e7f70e97916f6611d699e0856de21b44c0,mhhennig_hs2
379,953752f3b9fe5ae569cdec7586f7bc109f5d8f74,mhhennig_hs2
380,95dff99361a91b4e4562aa55a8bdecb23e2c1059,mhhennig_hs2
381,95e5879ed13e700135db870ec8580d4f4be09435,mhhennig_hs2
382,966680542bdb1329723aada84052c65e07167013,mhhennig_hs2
383,96d4ee2ea442cd129d9b1896d1593cbb777cf276,mhhennig_hs2
384,970c10ebdbd636942738fbc5e7fd8fa1733eeba8,mhhennig_hs2
385,97272027ac7c42b01775c5873b932504008f21c6,mhhennig_hs2
386,98531c57bca0d67847f466424e222a0f0b63fda4,mhhennig_hs2
387,9aa243fe72ca478065c161741ed0ddb891a9d24c,mhhennig_hs2
388,9b9a80b5507a059198e7aa0e86cb5e007e4cb8ab,mhhennig_hs2
389,9cb4a94d6e7ed0d23238d12b1b5c35dd9fc5bef9,mhhennig_hs2
390,9cbce40e5af2d9756aa861ec6dc010bc41759d77,mhhennig_hs2
391,9da3c9006fcc324c1211a0a6b2631b05d5afaeb0,mhhennig_hs2
392,9db68fe4a51dcbadc7973054227aac41c43b37be,mhhennig_hs2
393,9deae2afc414bcc58c944f45c8f33c57d659b615,mhhennig_hs2
394,9e3ee1abeabdf3ea5457c6a52e11acfb43d4cd06,mhhennig_hs2
395,9ef7923e9436f74391243eaff409caf3a83c0141,mhhennig_hs2
396,9f2d0d12fc4122b66eb8c44bff296e419d10c451,mhhennig_hs2
397,9f4ddbf6d92b85c59e8b8da9f055a38a565c423c,mhhennig_hs2
398,a011361cc11da14b4567124422d04e12d1b6f67d,mhhennig_hs2
399,a08b6011bac30a39b539f2b0f7d0c32d3a05cde7,mhhennig_hs2
400,a16a7ef0ab9b8d2e165e1c071911a160974e8188,mhhennig_hs2
401,a2620a27a28f046451d55e097aee562b1c378f03,mhhennig_hs2
402,a267d32745497408c11d75ea04d30b97886eac5a,mhhennig_hs2
403,a2e50e35a78fb947643b89795e827ab5198681b9,mhhennig_hs2
404,a3550b14b4f89e179e4b2625ad4f34169192e910,mhhennig_hs2
405,a427e2d3451a17500c26b49551305e18efc3b6e4,mhhennig_hs2
406,a459fb641c33141ee0bfce43a77428e5c48eaf37,mhhennig_hs2
407,a4f1056eee98515ece0f18f4f9f8718a985b7303,mhhennig_hs2
408,a50cb82199f47fd8693a437c55709438cbf08a68,mhhennig_hs2
409,a54f47cadb1eec7d01c2297d91cc360656a51bdc,mhhennig_hs2
410,a57253ae199fc2d3ef79c003b5732c0bfb60015f,mhhennig_hs2
411,a583c3cab79fc228c670d2997c54ea28bf542101,mhhennig_hs2
412,a5b8b36d394c932e3f106e8547f73b440ce58a91,mhhennig_hs2
413,a5d1992d6a81bc83da7daf4e3ae12e71b1a72809,mhhennig_hs2
414,a71a1b0a25775960f187fd17dde6a8d9675b08a1,mhhennig_hs2
415,a74c7158062ee78e7dfb3c142d458e845bd369a6,mhhennig_hs2
416,a7a12fd2fe3c6a8add0f197a033f493737feaf18,mhhennig_hs2
417,a7e06593e01f9bdd078fe07b863f8e03e23e92f2,mhhennig_hs2
418,a8208dfa625a1dc7600d2d0dd165735e8c0028ed,mhhennig_hs2
419,a98964d5dcabbfd681874307084a1e565026318e,mhhennig_hs2
420,a9aba9e382fa558f2f4224b9456cc1ea576eb789,mhhennig_hs2
421,aac76678de8f75f6c02c921d987cb194457720c6,mhhennig_hs2
422,abf83c7158e7e58fb1d00a660fc4613adb63ef6e,mhhennig_hs2
423,ac513f2d90a2b7e94e8c916021ab15f2c5cf531c,mhhennig_hs2
424,ae5cdfeca402482f5524dad77107f256f9075db4,mhhennig_hs2
425,ae5f3acd2d682a0fdb26e4f29e58458d10973125,mhhennig_hs2
426,ae9c45dbd57e4e2ee8d2367b43236cccc710c6f4,mhhennig_hs2
427,afe1bbc7cafb2e2d62ddb69c4e616d7f06c084e8,mhhennig_hs2
428,afe44b6a19d326996198870bf60e6b3c9567c37d,mhhennig_hs2
429,b0a14ff18f38a5e006be42ac171a9f6d46c3b5ba,mhhennig_hs2
430,b14cf3a5ea86d802b479da296c32a011eaf63256,mhhennig_hs2
431,b1be00780942d34129dfe696dbb989843c22468a,mhhennig_hs2
432,b1f4d28a6840a4beae36c913807bd2c946e1a489,mhhennig_hs2
433,b2ffb307e6626851b3e87bdb800e491d650edd88,mhhennig_hs2
434,b35c829ecd70b68631dad6160928e0144bafd6f6,mhhennig_hs2
435,b3fdacc571d40d71a48d538cfa83649e7ee6b22f,mhhennig_hs2
436,b4066e9c085187e14d09b83237cf381f8803a65c,mhhennig_hs2
437,b429f259e6ef7bd3a954a4fdac7c9139f39c3e9e,mhhennig_hs2
438,b44eab6389371e328a09ad68397ef25332ef3059,mhhennig_hs2
439,b478798fe4dda49025e8e3fbec042af9441f587a,mhhennig_hs2
440,b5a9bc607af95d10d449562b0d686f11d3ca6e56,mhhennig_hs2
441,b5d1fcb12a0ebf18f4bbce2de08b0d329ea6a6c0,mhhennig_hs2
442,b5f8f1f6249277bf3e38147de398f20573fa08ac,mhhennig_hs2
443,b6b9880bf191b35c479e098f2622502548ada263,mhhennig_hs2
444,b6d53ffe852b7632acd6cd856aac53e5b55cb2db,mhhennig_hs2
445,b6eb552b83f7aa45f80d98b012758ad6be19f20d,mhhennig_hs2
446,b760b91aa1ee7b8208c0761beef597a6dfc9dcdf,mhhennig_hs2
447,b77a32fd2e6f139aad73e3cfad97cf31accb2ad3,mhhennig_hs2
448,b7d4de5f9128a69a2dbaec6d68cd80a83006ab73,mhhennig_hs2
449,b9d957fcbc47538d4d41245fd48281fc56b9400c,mhhennig_hs2
450,ba326b0f3342b3453a4550b2de16cf15c99f11e0,mhhennig_hs2
451,ba85a906a31b0b9074e3219a999080de6a2dc415,mhhennig_hs2
452,baf64ac08f8aeb1bfe771a7e2bf2bf14181a51bd,mhhennig_hs2
453,bb810abdab33f1319a1a51224705bd33a173868d,mhhennig_hs2
454,bb89d6ae2dd6b840984e8499cd52e6df376248d0,mhhennig_hs2
455,bbd58366ed4a607e6f9869073035bac564477b3f,mhhennig_hs2
456,bc01a5155879fc6a93f214cf8d294cd0e026abc3,mhhennig_hs2
457,bc24bb99776aac0981864591d7d9e3000e430e83,mhhennig_hs2
458,bc6cb0e23b73fa31b5de9d45f40bcb0f32cdfa3b,mhhennig_hs2
459,bca2668a57f36f26ca0569bda27292bb33076be0,mhhennig_hs2
460,bdd8e2907cb26d82df0670d7611f33fbfed41f09,mhhennig_hs2
461,be5f24da7a2931a9c7f9bb34a594fe7665a98eae,mhhennig_hs2
462,beda3052471905cdf3dbda51dbd3fb4dd7cdd806,mhhennig_hs2
463,bfaa8ad74cecc288521cf76d47b4a2efbbcd9e84,mhhennig_hs2
464,c0a4088f9faf7bccc5e681e3424522c9fa46a4b8,mhhennig_hs2
465,c0ae01f89dda00c335f168b2499e7de3496e2cf5,mhhennig_hs2
466,c0e0ddb93be1aa6aaedeaeefb5a1f938a20b8de8,mhhennig_hs2
467,c137af4219b77cff1578fc166bf419403e182c3f,mhhennig_hs2
468,c138f1b0d67f022957a16c0b23ed9b23d2392f36,mhhennig_hs2
469,c2d553a82d57d2dacbc3a410de02478d4e5f3c41,mhhennig_hs2
470,c2fee860fe7dfafa4bd83dc896324af866f9cf06,mhhennig_hs2
471,c30697787d31bb3c6b26e0841c1258e2452b58f4,mhhennig_hs2
472,c313b1ea4d2e458f15914368748941fa4c8a1b7b,mhhennig_hs2
473,c481d10889ab4ac5494ff0e297802d29b8a1b853,mhhennig_hs2
474,c4b33b66f765fa7d62f954334b7e05b12be54f77,mhhennig_hs2
475,c4b3aa350eb16ec8002a19a62e4a2de5e1ab3af5,mhhennig_hs2
476,c5317882625781413f970c156b801e7935bf3580,mhhennig_hs2
477,c593a89c7ad86f8e228647a8a8dc3a52ebac399a,mhhennig_hs2
478,c59e4d2cb8f9cc219bbfef5eb59e1dc8f627fc4f,mhhennig_hs2
479,c66562a4288e3e1d0b3ab3a4b56512cd4133813a,mhhennig_hs2
480,c698b4e280a17cedf209df0c5e4d58453c2a8a48,mhhennig_hs2
481,c762354bf5bccfa0bc551542d703c08de45e76e6,mhhennig_hs2
482,c8062849e21b127e09d999995a4c37ced5c0702f,mhhennig_hs2
483,c8d1dded9c8843141dfe4f73054275da4d7eba42,mhhennig_hs2
484,c974f643c99ae1e806b55ecf6f00c293cac7017e,mhhennig_hs2
485,c9bb0fe680cf5cada2457261abbc34c3c8dc27f9,mhhennig_hs2
486,c9c41e0b138ac0032351c25a60f347e2929b5a76,mhhennig_hs2
487,c9ddbebc3827832eb409ca2949172a70f130ee01,mhhennig_hs2
488,ca4e0ec4c1b98ea90aef8317b2a64867c83481b1,mhhennig_hs2
489,cad2eacbde1eb72bb4072ae918b4b22ca6fb75e1,mhhennig_hs2
490,cb4269c29e8bdd63ba33e692ad48dd7a4cafbbd4,mhhennig_hs2
491,cb531c0e3c80b1da7211ac2d6161dcc87688b1ad,mhhennig_hs2
492,cbb704b969f5d8b738ff3f8e0d9a6486b98f2ead,mhhennig_hs2
493,cbc20611addf4589dd7c175404a8d3997af0948d,mhhennig_hs2
494,cbcb97a3bb75c45806efc6bfc8cfa31dc37be581,mhhennig_hs2
495,cbd92e1bd6fcbb2978da9d796ebb18a22b090c87,mhhennig_hs2
496,cbf1cafb0c5855642284db49a6384a11e898ee3a,mhhennig_hs2
497,cc1540f8faed74a7a089a69ca93defb5343a05db,mhhennig_hs2
498,cc3dff0807c389ff4f4359f9b58799ae0d4307a3,mhhennig_hs2
499,cc4f40858eaf9531997b3fe9bdd9cccaaa166cd3,mhhennig_hs2
500,cc57806c46fa92cb598a4d5620c1545dbfeb0752,mhhennig_hs2
501,cdb10da85b586981d694f2e9da1dfbb8393ddeb3,mhhennig_hs2
502,cf118528de02a6fdefd95fa7b44fc14001f10927,mhhennig_hs2
503,cf31b5bc09e631c7da0c3b192472b18d655f4e83,mhhennig_hs2
504,cfa5054fecdba277a7c42e65e112d9b765338372,mhhennig_hs2
505,d00dbba14d482f028c6ab0c163322a2b44e43638,mhhennig_hs2
506,d0433bcc1fc23b635fdddca868bb3326856334c8,mhhennig_hs2
507,d0625a3cad3d8c1b6580b1b8f38e441b67a323fd,mhhennig_hs2
508,d09750f3aca5ea1f314a99b5360091edc5e1a9cf,mhhennig_hs2
509,d18d5d4103eca422138db7739e6f701a4d33e9b0,mhhennig_hs2
510,d1ec7844b9402b818c5a5c555c72f3290b045c70,mhhennig_hs2
511,d237e5eb4eb34649a8f9be097fc3589981042fcf,mhhennig_hs2
512,d2978364494013f430290c51d7d9a7850e7231fc,mhhennig_hs2
513,d3554dcc3576b0839ca42c3f2f08058f3e50f4ac,mhhennig_hs2
514,d371e6d590486f5a21fe07f5043c52a82d54de09,mhhennig_hs2
515,d389205b6e405a4fb27767435155e59b5782e84e,mhhennig_hs2
516,d3ed2316a17a23dee949ac4f6559371efadaa293,mhhennig_hs2
517,d4078c6f5095759b756b54f655fdfe5980fc18fb,mhhennig_hs2
518,d446069464744af9c913ab6ad4fa77d182bce57c,mhhennig_hs2
519,d48ab486be796f02030f13e87116e04cf65390a2,mhhennig_hs2
520,d49d41b331df1278b0a91d481b3f7eb1f07060d5,mhhennig_hs2
521,d626729b03cdfe2df960df97711cbf1653af3214,mhhennig_hs2
522,d6eb33f26ecf6460c09f7b5e2784c4ad555a2836,mhhennig_hs2
523,d87d42d2791c6d739ab99b7edb87cf086abd0e03,mhhennig_hs2
524,d8c3b0ed152c8c55f199e078f197645bb4b0ddd9,mhhennig_hs2
525,d93e08365d357e8c2209e5a26f131445a8231d07,mhhennig_hs2
526,d9b8276394a534b4d654fc59c80167270771b545,mhhennig_hs2
527,d9dd6660955fb9dbf1ed155441bf15da28e86032,mhhennig_hs2
528,da13bbd5b423dde41c34b5a1d8d1687550580777,mhhennig_hs2
529,db3e7f933ed989ad88c7bc6a40669b722337cdba,mhhennig_hs2
530,db503a4c91de30041f67cc36b9cfec0e52c5ed16,mhhennig_hs2
531,db9d5261f01b2373ab5678581cad7b0ff17fcc8c,mhhennig_hs2
532,dbbd2cef41b24547e60e9760f81fae89145253bb,mhhennig_hs2
533,dbff45d0d930d1af00fe4ef0c5517c47eb915d76,mhhennig_hs2
534,dcd1a5637ee23ba6751747889884f1039652d092,mhhennig_hs2
535,ddab0c7f11e771b085a11770144ffdea787213ad,mhhennig_hs2
536,dea3514c7bf5b373943e0aaba768586dd01e66bb,mhhennig_hs2
537,df8d3bebabd87e9f15bed0d425536bf9c06657d4,mhhennig_hs2
538,df9bb74b234cc2596c2a0fc59ad4cec1799454eb,mhhennig_hs2
539,e11f287cca1001a6af5f74c3e0500ef2ae9d4c8c,mhhennig_hs2
540,e12e69217498aafe46c15d737b146cc59d496ff8,mhhennig_hs2
541,e177360d5614cfc8c4f0d0e9f2ca6e4e00622a78,mhhennig_hs2
542,e187bf39e6a0a2b56b4896b34750131220aa1077,mhhennig_hs2
543,e213510137d3dff7e02df02dac7c4d534a0f6617,mhhennig_hs2
544,e37ace4898732ab832601c1b6bbeb07b51f23118,mhhennig_hs2
545,e381c84a5e9e95e04292795a06fc2732b7c01f14,mhhennig_hs2
546,e3bc647f28492d5fc300da64b7de58f4a0846262,mhhennig_hs2
547,e3c6db244eaf2d8579763f004ad9e7e9375a3d19,mhhennig_hs2
548,e3ed7302d09dda105dbd9cf136f534d5887e0db3,mhhennig_hs2
549,e437e8ff1ba652031eaffa5998c6d7a7f1baa48b,mhhennig_hs2
550,e4824c7162da58131548011d82789f9d7489328e,mhhennig_hs2
551,e4ad9abc7b63955b54b883f55e9778607b291816,mhhennig_hs2
552,e4e011bfb8c0b1004f542929ae84edaf2cd5d51c,mhhennig_hs2
553,e56348624684bdd9b8eceb59f2ff307cd016ae12,mhhennig_hs2
554,e5ba7c55619302090958c1a82e6ec255f21f0d12,mhhennig_hs2
555,e5e6fe2d733dcc3e8512b1c6825c63f33cea67bc,mhhennig_hs2
556,e5edc74f937fdf83e6d784893140c39396b12275,mhhennig_hs2
557,e6277fa924c8b65b458917c2ee3627994f9e5bd0,mhhennig_hs2
558,e653d16615aa54b098972bcbcd5de2460e60582a,mhhennig_hs2
559,e6608fcdad67d94598e37cdb30b9c3cbf291542b,mhhennig_hs2
560,e6b6f72d0380e8a4cc02577125ced05c64f7410a,mhhennig_hs2
561,e74766a0997d2ab7600bfd4732faa61bb8ec8410,mhhennig_hs2
562,e7bcd43a8334d77b10742c34a872df3e9d01b429,mhhennig_hs2
563,e7d09f8de69e5eeb815cb4d6b69e8bece0cd6be9,mhhennig_hs2
564,e8264f3adaae2515250cea0506d03200032912d5,mhhennig_hs2
565,e8644a64911b029bf3fdd4032f32183fc4c418b9,mhhennig_hs2
566,e8959a366f226929064b5d3476c723574e865d28,mhhennig_hs2
567,e992af86d5e550736299e96c94c2936896eec080,mhhennig_hs2
568,e9d6f86fe09021f83200228840d331608aa7baa6,mhhennig_hs2
569,e9f8c74591b80030b93e8bcf0f59a4ad60c659b5,mhhennig_hs2
570,ea93dca1ca5f4a3df6a32e70ac3c6f0a83c333b3,mhhennig_hs2
571,eb4d41c19d2f99b9e0d2c79ad178066ed34758b8,mhhennig_hs2
572,eb5593d37c850abd8fa81c5d2eed0a8b3724f632,mhhennig_hs2
573,eb8c34a6fdf5366e3a8137a04959483800a873a6,mhhennig_hs2
574,ebf9e937cdacb0f4ec4ab85e29eed973e0e9d7e1,mhhennig_hs2
575,ec672374a2158b7e659c30cbeb8f52ca189d6efc,mhhennig_hs2
576,eca559ccabcf1a1d817a1773c43e4436526fa662,mhhennig_hs2
577,ecb4fc0c584cbbb167f9a2b499a1400e6deb89f8,mhhennig_hs2
578,ecd04656e1e5a1d2ba7040f36f4ec59c0d3fcfdb,mhhennig_hs2
579,ed0683b2d2863af770a8a58d6501f0009be27ea0,mhhennig_hs2
580,ee590becebfdae8222460d94135a51333cb68793,mhhennig_hs2
581,eecff611388cc0d417e1bc6fe0aa4cddee43404c,mhhennig_hs2
582,ef6b1dd128c9335d29fe2b51a98f8303c324d79c,mhhennig_hs2
583,ef71efc5c2d2b8a56445be6c9b01418e3c2bd674,mhhennig_hs2
584,f13ab0f9561922d29f98f7ff3af1b60db9de435a,mhhennig_hs2
585,f15aea7a6fb4f1a1881dde763c9dda45e3dae04f,mhhennig_hs2
586,f17efabb5ea53ab0af5da06aa998ec57a82327eb,mhhennig_hs2
587,f4113b41f22c8524ba31bdec489a3095403f6854,mhhennig_hs2
588,f48c0e162bd60c21edc2a9e0f48b53dfb0c3a71d,mhhennig_hs2
589,f5232ac3520dae26b41597424d8144f392af150e,mhhennig_hs2
590,f5e7e69f4ae07e7279a72d504adaa45194e1582d,mhhennig_hs2
591,f607d3483f792e791adcf4bdddb5ba4b2b324693,mhhennig_hs2
592,f6664e418b18a5c4d8d9375cecb70b2711548678,mhhennig_hs2
593,f692e4fe5ab6268fbd606912cd7295765b515d6e,mhhennig_hs2
594,f738bcf89d5c94dc7b5694f003cf216424299d8e,mhhennig_hs2
595,f7ac822887d392ad0c135505bfb21041760d05be,mhhennig_hs2
596,f84f9d29665d149becae34c3f85b106c2c5434fe,mhhennig_hs2
597,f8e6f76ea8c28e679fcb72a87b50ac82baf18f88,mhhennig_hs2
598,f8f3ea2ccbeb27ba62fe6964636264f55c7fbe0d,mhhennig_hs2
599,f911d1ede3f9116e3bf0dc1e0adf7fdd56b6f096,mhhennig_hs2
600,f9246916c87626e5c7491bdef0c83f30ee80eb95,mhhennig_hs2
601,f943a0cb55e68bc5ca18ca0fe662b8d039e5fcfd,mhhennig_hs2
602,f9d022444bfebcdec82420f5b5aa4b39c18e030b,mhhennig_hs2
603,f9e1c57fc06ce57474ac95b0aa0619c1da70a7ab,mhhennig_hs2
604,fb6255eeeb3025ecd2e70458e20cd73e73fd466e,mhhennig_hs2
605,fc757283b1a0436673755d5b8b7f75b3383db771,mhhennig_hs2
606,fcf274ad46b77d9260472af82bce2dda5b4adcb6,mhhennig_hs2
607,fd508f623a2bd760a532a9c8ad64459fc2946691,mhhennig_hs2
608,fd7bb375dab198b0a00185d5600fb21c49a61a05,mhhennig_hs2
609,fd9f3ca14e46ee8d32b0c59aa9cc4b6bde8fed05,mhhennig_hs2
610,fe7bcecf7ac88e368f9e937404a82995e72007dc,mhhennig_hs2
611,feadde2d128dc60c5116899d8ccd9917fd8d7c4e,mhhennig_hs2
612,feaf47060c873b3d88eab273e50ad5b7e86dd9f8,mhhennig_hs2
613,ff293fd6ce638861f0d9bafd62347408e26462ba,mhhennig_hs2
614,ff81e39fa6f88fe7f80e72a37bcd05893beb270d,mhhennig_hs2
0,003f430cd27965e1e8420dfbc4dcdc0bd599f416,bids-apps_rshrf
1,007a4c9e316e977e1f4ed076afb4891e5915f972,bids-apps_rshrf
2,00b7026c5db1d800ebdbd89de667fa9396ab702d,bids-apps_rshrf
3,00cfafd57ba399daef8877d2d4e32783c1caf576,bids-apps_rshrf
4,01554f1379645458b083d0f8ca5f2cf7f450d346,bids-apps_rshrf
5,0171fc94893eab3b17ab80cbb67cbb7cf40c1b46,bids-apps_rshrf
6,01be4c7b163bbad3ad0dc8ec6b5fc744b6aba88e,bids-apps_rshrf
7,01e1560cf54a446f9f039935f4bf85c80cd06be8,bids-apps_rshrf
8,0247fc6ccae8e7c104b9ec991b5bfd86491d4af2,bids-apps_rshrf
9,02bfea597942919f6852a5ab34c3e551ffe72b17,bids-apps_rshrf
10,02e6703769921d6c21d4bd23a3194bf82ad61764,bids-apps_rshrf
11,035bc8124478e34426251216094199c4c02b6aa8,bids-apps_rshrf
12,0367e35ca3f45a3d0664edc6a17c67df48832298,bids-apps_rshrf
13,04a92df247c3d434f48f122b66964caba66c0bd5,bids-apps_rshrf
14,04cdb8fbdfea7df3e16c696682e6b44853a4951d,bids-apps_rshrf
15,06b7620b6777ebef0057eaefb32a99e9a873a1f3,bids-apps_rshrf
16,07b9d217ced4e37147968b998ef5328eb3d041d0,bids-apps_rshrf
17,08c0b5107fb868d1c623efb085bf69c7ee27532a,bids-apps_rshrf
18,0a20db0ff141e748ac5d783e693444fa6f1a695f,bids-apps_rshrf
19,0a56dac91f2e6e77ee834089eca556a9c804996d,bids-apps_rshrf
20,0a612b2e8f6d83a7b0e5544ebb3126672c4a0c2e,bids-apps_rshrf
21,0aee42fc422871d6de6239f0e230577eed0ad7de,bids-apps_rshrf
22,0b12565163f5061879f1a3d9973f798f37bac2b4,bids-apps_rshrf
23,0ba2ccf0665528e00aa86923247a65724a09a806,bids-apps_rshrf
24,0c54d8411078e15c0192741283f06f67b474cede,bids-apps_rshrf
25,0ce67b5a6bb40d32581db3db533b5c89f8c856fc,bids-apps_rshrf
26,0d2724bd64192629afb38c48a32cc525de897ff0,bids-apps_rshrf
27,0ec7dd8b8a5eeba70484355ad2e57faac98e1dcc,bids-apps_rshrf
28,106ace7b5b8a9400a136cdca48790d4e110ad173,bids-apps_rshrf
29,10a2fa16c1e849f7675bc133a4a7e05961340683,bids-apps_rshrf
30,11223efb340cc3017317de2aad4810af618b3e04,bids-apps_rshrf
31,1141661e0f1f597086414147c950b6f3d303f1c5,bids-apps_rshrf
32,11564f0ed76599a993c8e7073bef5e402f985504,bids-apps_rshrf
33,13676518d244cc6b73aa9b3ccc85ebabb3bf6ca3,bids-apps_rshrf
34,13b94c1d3ee2c6d5ade84086560532c6a3fd5c8a,bids-apps_rshrf
35,13cb0758974ed5bc3762ebf52a7bb9b70a1b2772,bids-apps_rshrf
36,14b12803d5a5d7b67bce5c1a01a04e320ddf6228,bids-apps_rshrf
37,15a99a72f00a60ccb42ee68d9d365a9e24661881,bids-apps_rshrf
38,16b91ae43ca781d53a8b26b95c9ae1d000b744a8,bids-apps_rshrf
39,16c6e017fb9c6126f6794b5b3627470a0c72e5dc,bids-apps_rshrf
40,16cfeb789cdd037c5a5177b9929df6fda9239f86,bids-apps_rshrf
41,1746d9b12c104d37fa2d64ae800fc62146a34f29,bids-apps_rshrf
42,186d0091c93b671e9bd2e0d3a5d38a66bb33ddbb,bids-apps_rshrf
43,1894c2f585e47cd1280f8cd7d0a71523d190418a,bids-apps_rshrf
44,192114c1022389795b2b7310366a0235b77f5897,bids-apps_rshrf
45,199a763ffaf1bd5caa7c092ffe282df08ffa652f,bids-apps_rshrf
46,1a7be5754483d4ca8d1bfc879f76fd63c333d1da,bids-apps_rshrf
47,1b581d2d5a6ac51032ae884b53cf33940b79017c,bids-apps_rshrf
48,1c047cedb18221768eed13a4d9f64506728cab21,bids-apps_rshrf
49,1c308c9377c70bbd6766d73658170d10bd542d62,bids-apps_rshrf
50,1c31ac63ffff69e1bb9949dba9514654425c33e3,bids-apps_rshrf
51,1c5da9ce071f8a751a68dbc8f41f74b46852e572,bids-apps_rshrf
52,1c763b77d6f9a36c807add3997ec6f0d304ed7be,bids-apps_rshrf
53,1c8c1638fb6df1911fb685afa7144a132cf5cff3,bids-apps_rshrf
54,1dbe14116bffd020020d903ad4d5e55094756842,bids-apps_rshrf
55,1dd29ca06f2d5bc5f4afccd31eef0a277b42941f,bids-apps_rshrf
56,1e3b6ebd039877662a09611f63456041c026b679,bids-apps_rshrf
57,1edb09df5978d3f0d3bcd924b37a29136db73c50,bids-apps_rshrf
58,1f09e453f06601be67cee982671e45fb9c1f0195,bids-apps_rshrf
59,20e29aa1fe15a59b5062aa00ff864eabec25d9f5,bids-apps_rshrf
60,20e6658cb58971ce5ddb2fa21aed5923a11f4929,bids-apps_rshrf
61,213d705d0228659a2c44c697b928502da97c0353,bids-apps_rshrf
62,21648d38c0852f389126c75a1216734bfd9282a2,bids-apps_rshrf
63,21c63ff58c48d293a41d76db075296014bd9c70d,bids-apps_rshrf
64,21c8047c265e1be51edff864daa692c77bb44115,bids-apps_rshrf
65,21ca4bf359f7b4fb860bdade616fd4c3464def8b,bids-apps_rshrf
66,21f9b2742efce8619bd1330c77cb51ec307ed69d,bids-apps_rshrf
67,21fb1a03f0954c6b2440be808dd98818e1f1044a,bids-apps_rshrf
68,228dee8631777963c9a3a107258ca2fb030c9173,bids-apps_rshrf
69,22b3647afcfbc148d82de83e0bbb42a6327952da,bids-apps_rshrf
70,22ba9812dcf74e5758df540a764dbbf6b18a5437,bids-apps_rshrf
71,23c1b902183b419ba197da25d89b2ece60bea48b,bids-apps_rshrf
72,2452a680b1eddb17a83cbc05977400c91dde17db,bids-apps_rshrf
73,24a25b04235dfce859673f70176534f9fc07e431,bids-apps_rshrf
74,24c73be672d9e83ed42834e1cdae52e66563aa77,bids-apps_rshrf
75,252c44a7aa12c1fa17162e9296a67e71104e2755,bids-apps_rshrf
76,25a697bd3ca637b47336eaed69d5004fc9dbc62e,bids-apps_rshrf
77,25ad5ba66d2b1f4ee7d92c8e74fbfed944ce19eb,bids-apps_rshrf
78,26112b88bdb6660d65000a8a516b191102612c1f,bids-apps_rshrf
79,270b12b7647c12fbffb141ec4f8823abe92282c0,bids-apps_rshrf
80,27c51c09146c20e1e28f94f0d9f89484146337b8,bids-apps_rshrf
81,281957f6ed6f9ecda722e3534ff471d19881d8ab,bids-apps_rshrf
82,28f3ce965edf251249d2bf761356e2bd94636370,bids-apps_rshrf
83,28fb8683a999c8b355aabdfaeea63fb491625062,bids-apps_rshrf
84,29204d66780153f472ecf068f8378d0dd22ac3bb,bids-apps_rshrf
85,2995e73cba197393ba93e0664710ddc13f26b701,bids-apps_rshrf
86,29b296d07fe47770718872d6e21ce484e5aa6240,bids-apps_rshrf
87,29cd3b29c2fa844326748949f0ba69f4d44546e0,bids-apps_rshrf
88,2a1c730ec4d39d2e13a945a4394ee26889da2c1c,bids-apps_rshrf
89,2a62c8c56327945032d154f6bae97307829101c0,bids-apps_rshrf
90,2a8575f69fabf2e41ea6d956a5c0e297c7a87629,bids-apps_rshrf
91,2b7c0a2fad6d8111852d3dd823644bc19e03f409,bids-apps_rshrf
92,2bbf948e0521617aed4a216ac87051c2246453d6,bids-apps_rshrf
93,2bf07a0fef8f23e53c03ebf264bb366a6a2e3263,bids-apps_rshrf
94,2c63b19368a120e0c1252afac1f59613f47ada02,bids-apps_rshrf
95,2c8a302c4d25d4beb203f1b13a33265e86f64b12,bids-apps_rshrf
96,2e29fca11739218b050152678e0855e28e5974d2,bids-apps_rshrf
97,2e5ef6527a427fae77986cd972994f3312ce19d2,bids-apps_rshrf
98,2e6c17527f96ec5517f436ac60ceeeafdfe8f70c,bids-apps_rshrf
99,2ead672b58ffa4ae481b1cc5c14910db032f7ca0,bids-apps_rshrf
100,2eb375aa21d4f078dc1f866f35c2c1f3bd56cc31,bids-apps_rshrf
101,2ee4c6ca09f7dc07dfd0fac08d46643fa7c688b0,bids-apps_rshrf
102,2ee6ec9a2a29caaaaefe8b64b3b78888a4704da5,bids-apps_rshrf
103,2f5d889ec86c288c6e7e0c313547ec8556dfa55c,bids-apps_rshrf
104,2fafb4545f8b6badefdac00ab16151a575309f25,bids-apps_rshrf
105,30c6e11515cc0f87e705e10e14d1c99b61cae766,bids-apps_rshrf
106,31147f9cc947a57ea5e2906b0c186b439a5200a8,bids-apps_rshrf
107,3166b8c5cdef12609034c4323fbaf987672e43d7,bids-apps_rshrf
108,3212417fe20524f55198eb2af4c93264e7d39e58,bids-apps_rshrf
109,32a999b6b5565f5e5fcd5660eca5ec6df8a60006,bids-apps_rshrf
110,3341bf59bc30316440180d502aad1751ac95fbe9,bids-apps_rshrf
111,336c8200c1b658d791d96cb54e71befe0f849e82,bids-apps_rshrf
112,33ebfab205420318163460e9ed15d16b086eee64,bids-apps_rshrf
113,3439336b1d6108f87fe35d1c6fd7869604eb7b62,bids-apps_rshrf
114,345685af9822f52b5c9b53bbc0974b559b73e2ed,bids-apps_rshrf
115,34f40ca3e914c9800edf4f860c5b5a9a92b77409,bids-apps_rshrf
116,351c89781bb6a96f20b5520e9d7e807df61aa859,bids-apps_rshrf
117,3552198adcd1e0c8743ec95086bb4394216e6906,bids-apps_rshrf
118,356b7f3a70329b02f9fb0d6d3aab1ddf22e2bd7e,bids-apps_rshrf
119,3664cf172b1ee4e2c2272de8a6673110335fd7fe,bids-apps_rshrf
120,374ae3e31f22bc00aec65e20226377d88261d58a,bids-apps_rshrf
121,37b699cce8b8f419632a86f4054e5bf5b69a2ed8,bids-apps_rshrf
122,37de3a5bbdb3693a22d409cc268026f4cf94e0f9,bids-apps_rshrf
123,37dffc8e8d50c1b938f39fdbcb04181e9336a711,bids-apps_rshrf
124,37e11a544d6b57da05a92acafa72b6f2ebb6c98f,bids-apps_rshrf
125,3923761a73d2eb51c294cd33edc4286af7faf979,bids-apps_rshrf
126,3961986db409e90b63c53aa29884afe6f0201253,bids-apps_rshrf
127,3986463225827941608241120b4760f212d5e487,bids-apps_rshrf
128,39a4b04343ed335b1dc3b6c248c15390a4f22fde,bids-apps_rshrf
129,3a657cc6f5525dabf63dd07272f72c8483d39fbe,bids-apps_rshrf
130,3ac7bbec7424befbb1d25c5bac3f957c5c598dc6,bids-apps_rshrf
131,3bb4500234e8193170ca3bd64e391548c100dc75,bids-apps_rshrf
132,3c4c20ae50be710d64277a770444f8035baa0820,bids-apps_rshrf
133,3d8e844618d89e066f4996901feadfb538be18c7,bids-apps_rshrf
134,3e114bad29d134fcfb1a005ed44f69b309c1c4c3,bids-apps_rshrf
135,3e5675a1bfe1788828647e10f20932ebe5f434f0,bids-apps_rshrf
136,3ef160651fa7c84117d8850d5b94b6ea640239b9,bids-apps_rshrf
137,3f8d1ca6c459c2ac1991689d319ee6e9241ad528,bids-apps_rshrf
138,3fbd7b905a01a68cd7042e3bc2445d338cee7365,bids-apps_rshrf
139,40e3e1eb1dc62db99ec98d7202e8312cd8e790b2,bids-apps_rshrf
140,4146b38e4b3b63be6efd28afd51fa6336ad275e2,bids-apps_rshrf
141,4158f501ae2924e9d241c076259312c0c6d8f5a7,bids-apps_rshrf
142,41a83ebb1787f81ab0c3271a69bc39298e66a3fd,bids-apps_rshrf
143,41e343ced81a750b0fdbeb87b663fbddaaff7358,bids-apps_rshrf
144,42fb2a3025471928f969a3abd69e9dd942d2cc1f,bids-apps_rshrf
145,432c7a44621467bfcc58d6c82c75a0e56cfeaa4e,bids-apps_rshrf
146,43430f33717e45951602380854c396c6414b9215,bids-apps_rshrf
147,437f6da8f3c75ba0d7d25ddba89ac9889881d6b7,bids-apps_rshrf
148,438eba89204a37923b50a4c207839335fc2df202,bids-apps_rshrf
149,442924bab26a099273a7cece1748d31cf49d10a6,bids-apps_rshrf
150,443be92880245af03de58f928712f663cc2cdb38,bids-apps_rshrf
151,444077bf9a2cf1deac8f7f6fcd868e1ecb530514,bids-apps_rshrf
152,444763b4c6590a1137ed5b186a3311a3a4fc6db0,bids-apps_rshrf
153,444ec984e05e9eddfc612403f743209cf2f3d9eb,bids-apps_rshrf
154,451431da484a71902f984ebd612ef9fc1706b769,bids-apps_rshrf
155,4546c38feeb196cce5cfc60563398d32906891e6,bids-apps_rshrf
156,45a5545d0581fbe016d5507747a689449a2fef2e,bids-apps_rshrf
157,45d34fb81fb459d4c895741a95a4e7318ca08098,bids-apps_rshrf
158,45de6f468add6d4ab938851c3312ab3fd7e314ca,bids-apps_rshrf
159,46013760d1c9e6937085fc782e7a549f91cf62c1,bids-apps_rshrf
160,464dc9d8663a59af4bd7570da7986dbd6f268625,bids-apps_rshrf
161,46b5b0a0b2d47fc89e006f2580a0b7a16300364e,bids-apps_rshrf
162,46de6d9c72e0708681d12217d90ae2c44ee3fed3,bids-apps_rshrf
163,4775cc5bf3969c0fbeb867203d4107e24e4134f9,bids-apps_rshrf
164,481b03ca216a85fa50e0b990ae6940e16b288a08,bids-apps_rshrf
165,4873d0c881c9d1eddfeee8a71f97281837254da4,bids-apps_rshrf
166,4899bcbc2e8cd9e469b52a22b6a97c6ed5dd0d6c,bids-apps_rshrf
167,4a13327ccfbc67a9235c75b3fa9f127a7133e7b7,bids-apps_rshrf
168,4ba3c73cc5edefe42b25795fa79ba9c5b0a792fa,bids-apps_rshrf
169,4bbc31e26d3467a7b9a1ec5d032feb476951c312,bids-apps_rshrf
170,4d79797b491ebb150fc78a53b707c0d4af2e914d,bids-apps_rshrf
171,4dccdd89931d2bd095a8e3fe106bc8aabd14938f,bids-apps_rshrf
172,4e67408dc2d7be759441dc76d60d62a8d1d0a5c0,bids-apps_rshrf
173,4e89fefbf826fb2a4d6c0423e2da5ba33d92d99b,bids-apps_rshrf
174,4f4cece47fa36aaae274f1453d14669abfd535c4,bids-apps_rshrf
175,4f6ab9801ab562569398265d2b13007664ba94bf,bids-apps_rshrf
176,4f6ca269130850d3f5056838b71656901737ca73,bids-apps_rshrf
177,50393100acbfd47ae2331524f48793ddc7dd96a8,bids-apps_rshrf
178,50959085f67192217b932d38cd12e1e22a5476d7,bids-apps_rshrf
179,51f1397d57149d7e380f128b7c9f1038434f6db4,bids-apps_rshrf
180,5243cd512d749b6ed1c10a0f3c893b877df1a2aa,bids-apps_rshrf
181,524ae8c5c4ff0542c5d287e8dc6a51a3d0d37103,bids-apps_rshrf
182,5323e5c96faa22247074ae49a0a3c219fcc48b67,bids-apps_rshrf
183,53412ae02da0686e1dcd946e6f263053c1aa984a,bids-apps_rshrf
184,540f23a90368e7dafdce77911420350d28f96526,bids-apps_rshrf
185,543cb28e6c6b620bfbbcb7ddcf52c8077f317d18,bids-apps_rshrf
186,543f87d5534289926138000c72c0a00ab59699b2,bids-apps_rshrf
187,560473ec75f9a523c5d91646ba2a8753e4b0adf5,bids-apps_rshrf
188,5642d0059cc30fcf7b8b4dc2a68c6705ba498ace,bids-apps_rshrf
189,5699eb8a506d0fd30c40db3a40c4b600e9d4adc3,bids-apps_rshrf
190,57fc2998074865839ceeb01a8f6567f78ead4fe4,bids-apps_rshrf
191,582939d06b23692dee17604e7d546d8bd3e8d484,bids-apps_rshrf
192,58d38db8f0d812818babf29d90c357f02a5ec0e3,bids-apps_rshrf
193,58dfe28bd811ae5a28609292838b0396090a86da,bids-apps_rshrf
194,5a4ada0ecd9d51100fc63d89ba9f0bc1a3375174,bids-apps_rshrf
195,5a53014ba0d3ea7114dd773f424fabdc8546bf95,bids-apps_rshrf
196,5a64fe266decc05b45d29b3e396c1a7dc3ce28d3,bids-apps_rshrf
197,5a6ac78ab1545203d828cbd21b042ebf2157498b,bids-apps_rshrf
198,5a72732b6ed9fd34987fff68ceacbcd7a0196264,bids-apps_rshrf
199,5a9f7d2c61da30798a23e0ea388127593e19acc8,bids-apps_rshrf
200,5b37e3b0324caa1991e60409beabea78666fc5e9,bids-apps_rshrf
201,5bf789d7ad79617d10cfd703d658af7ce806013c,bids-apps_rshrf
202,5c25678e46be60d73a188ad527bd9341f2d86f78,bids-apps_rshrf
203,5c36c591fc73aa52b69f2a8b71f22fbb5d4d817b,bids-apps_rshrf
204,5d132587c01f84f3306554c083bfc649d9c6397a,bids-apps_rshrf
205,5e3286bb06c1292acbf8fa1f83bfb27c0ce7b34e,bids-apps_rshrf
206,5f2863176e2f725ada9155680c2288e423df66ee,bids-apps_rshrf
207,5fe455f6dd056a2f0ce2fd9595a9a19b0d60c45c,bids-apps_rshrf
208,5ffb1a770383242b29c9a48b78cba64fe3ec581a,bids-apps_rshrf
209,600f2e2ad495209704e0718448b09e96475cb43f,bids-apps_rshrf
210,60536c799f738e1010d3b961ffeac84c27b5b78a,bids-apps_rshrf
211,609801ee3a32be864491694535869b8c6b7b0e2c,bids-apps_rshrf
212,60bf913254fa42c5a449a5f89ab3c8ecb9b2d734,bids-apps_rshrf
213,61d9bfe73440d9837618a7a4a06b68683050fb63,bids-apps_rshrf
214,6279da72bd9b18a7d4f6798365df935d4642680b,bids-apps_rshrf
215,62813ac0df67ebfccb08d7f28455b68b9856b1ce,bids-apps_rshrf
216,636c66e9d23b22ae98d6c886508288df0f7ce40e,bids-apps_rshrf
217,6386b27fcbd40ed78256951ce5d08bbdb0b5aeea,bids-apps_rshrf
218,6447d22fcef62f0ea95f0191df01c574e7c7f301,bids-apps_rshrf
219,65dbe0070d462ae0a24c09d6b77d723e43a13a9f,bids-apps_rshrf
220,66679fa38bc28f37b642122634f752f0a3b20243,bids-apps_rshrf
221,669ceac0e347224fbce2ae5f7d99adbe2725d2db,bids-apps_rshrf
222,67e27427abb06981d32961d476b98a569f056816,bids-apps_rshrf
223,68bfe98dac49baadd020f34f839660923a7f0be6,bids-apps_rshrf
224,6955ace480e154dfb34ed05721fcab540e9c020a,bids-apps_rshrf
225,69af38bc89a603d57d5f5f80f678bb1ef7250131,bids-apps_rshrf
226,69c18ec505fe179ff586d0df99130db0064b37cf,bids-apps_rshrf
227,69c433c29f2851ed52546b05004d93a5230afb55,bids-apps_rshrf
228,6a0d9a30ebb826861c9ecff8aadabab69197a484,bids-apps_rshrf
229,6a69d97a6822b424f21d7deea410a3b8859e4289,bids-apps_rshrf
230,6a9b0b047f53f964bc41f18be0f53ab7a7d9ad66,bids-apps_rshrf
231,6aedd4c37df08f7fac658b3c98ebc17a95e93699,bids-apps_rshrf
232,6b7b8b2897513a27ad5571e450caa5c6893abcdc,bids-apps_rshrf
233,6c20143d4f15fe8090ae1c25e41f82e5259b693e,bids-apps_rshrf
234,6c6d8a92a1c8048d3ff3e9ab566229c6f2155f46,bids-apps_rshrf
235,6c9fcd12fabc1e58fa396d6408d75da185c6ef0a,bids-apps_rshrf
236,6ec9cf1ad065cc8a244edb1633c32d4a12c62e3b,bids-apps_rshrf
237,6f112d6b05befc28f2aed2829de2182833abf85a,bids-apps_rshrf
238,6fdaa7f0ff582a5587a4b826d3e599d7a7444c3a,bids-apps_rshrf
239,6ff93c230f9e3ce046a583f209159b18da387a2b,bids-apps_rshrf
240,7031ec00807c4e5d23bf2d19ca0977b7fac7f7ab,bids-apps_rshrf
241,7043ab622553bbaa6c089dc4d06236fd8d3e1317,bids-apps_rshrf
242,705042eb8133b638d016e6578489bb1fb8ac157c,bids-apps_rshrf
243,708bc811668159f9399edcedf246ba7e846d433c,bids-apps_rshrf
244,70bc5461ecf5e81a144b898aba1d22a251eb4711,bids-apps_rshrf
245,7182068635e34cd8b057162628dec39c3f7f9a14,bids-apps_rshrf
246,71b031dc82ce44590ced644374b77f8e56fefc53,bids-apps_rshrf
247,71eaef779ad00db7b21b066b9f5a3bbc446f77e6,bids-apps_rshrf
248,72227a321fe63ae5c0806220e996191e8779049e,bids-apps_rshrf
249,7291c81aec4ec711eabc3ac3506824e78509ffe2,bids-apps_rshrf
250,735b5fcaa13c357d6b9429360b379aad4a3a6f3e,bids-apps_rshrf
251,738c704b39cda90f2de13f7d1306b8b718572c93,bids-apps_rshrf
252,73b2094b265f2375c814a42fd3854a7a79191471,bids-apps_rshrf
253,74137f35fc56f6ff3366c50586df2ae1bba450d8,bids-apps_rshrf
254,744f80ad1ea05414a4179f513914c78a965f77c5,bids-apps_rshrf
255,74565605696c983b6b216f38c72d2c535cf0d8b6,bids-apps_rshrf
256,74f0279545a47ce738d0f3f850f031274046c43f,bids-apps_rshrf
257,754beebf785209c49eeefa90d7f7af415e67904a,bids-apps_rshrf
258,756124827bb19c0bc20fd176485369abe083dd38,bids-apps_rshrf
259,761b48b1807814eff50ee3b7bfb31ca28d7e8d35,bids-apps_rshrf
260,770142b35fa8dbf0e649d12da407d1808e6251d8,bids-apps_rshrf
261,770a706497afb6c00f6176d247ab77d228b47226,bids-apps_rshrf
262,774307f024a52e6ccf17056c4b98ad8f1ad22435,bids-apps_rshrf
263,77bbe24e949d74fbd146ae4fb5561434ab8379bc,bids-apps_rshrf
264,77f9adae8e0a808ab065be2598644b2da6758d00,bids-apps_rshrf
265,794b7613389ded533f7b18648a2b3b8853d6acb8,bids-apps_rshrf
266,798937ddfbdc9e853c90c2a46444851422af3cbb,bids-apps_rshrf
267,7a09ff57d3431ea70532a2ddc16720ee44ea0674,bids-apps_rshrf
268,7a2170c4b69de8bc8b6043c39a9ee2cfe1fe50d2,bids-apps_rshrf
269,7a670d6487a3c0e06dd32ba6205d21bdcc71f392,bids-apps_rshrf
270,7aa526df04d0bf6948b87f34f0a9a68b31e406f3,bids-apps_rshrf
271,7add459e6bcf51ce49786b8220c693ade44fff02,bids-apps_rshrf
272,7b2b494dabbf20083909c05b90ec7f18c8bcbca0,bids-apps_rshrf
273,7bdebda3156ec2bad7055a35ef9e1f7825efd4f5,bids-apps_rshrf
274,7c26866e51f1ff62fc80202913f4c30b1dc19e4a,bids-apps_rshrf
275,7c27809f28e6604c0173b372d6de49286a6e801b,bids-apps_rshrf
276,7d833fb24451017b931440332aca4fc31b744287,bids-apps_rshrf
277,7e69b40116a0bbd8e439b0fa8331e20441f5f090,bids-apps_rshrf
278,7f34e870abab47a4127e5e72e3d6290652588b1b,bids-apps_rshrf
279,7fa184fee39904518ffda429a0af25d7866aafe8,bids-apps_rshrf
280,7fcea0ca0f861ddeb5bcf8185cd508ec68dd7e58,bids-apps_rshrf
281,7ff8279fb612d09b0f4dc2b7a3b0c75f8de02b05,bids-apps_rshrf
282,80463ac72f6b185a67bffa024ed50d38a9afe403,bids-apps_rshrf
283,81beb9e139e854ce5cdec9223d7bd65dd6f73d4c,bids-apps_rshrf
284,8293f7787f855a9d6a478dde3fd9dba39ff20f64,bids-apps_rshrf
285,82c2860310007e58c9728d669eb42ec38c945326,bids-apps_rshrf
286,82c5fc5ed19814bea349ad91114651a26361e1e6,bids-apps_rshrf
287,82da907be5fe8171f07a544d6bebc58539f7584d,bids-apps_rshrf
288,83997b4c1205f269483dd72b0e9bd4eac672cfec,bids-apps_rshrf
289,83b2fd994f9a4da9992e922732ca1cc734a6e5e6,bids-apps_rshrf
290,84c657d4767678c9ad98408bea81075704ecd3c4,bids-apps_rshrf
291,84fc11b88628b2f02eb05dc3a9266506b4534074,bids-apps_rshrf
292,87c4f551c267ee6c391553c8417f0cc1ee2092d4,bids-apps_rshrf
293,87c6a225c87c662bba8240e5bdff7500403b5120,bids-apps_rshrf
294,87fb24a8c569e5ecd966c2a08c5e7346ec835ea8,bids-apps_rshrf
295,88b107986695c934738e3c52e92ab7fc6c7ea72c,bids-apps_rshrf
296,89d9624a36c144a8dcbf878bd817a9b45dcd9985,bids-apps_rshrf
297,8a1375b586f32026581e31935ea6aef8ad76044e,bids-apps_rshrf
298,8a8188df5c0d860c45ae809fbfc1de107b9d548f,bids-apps_rshrf
299,8b5004e12ee3ed9c5a54ebbaaf8577a8a88d180b,bids-apps_rshrf
300,8c2597d7199ecc441abf82234027ea85a2f26f88,bids-apps_rshrf
301,8c7e11a4c0f448f42b938115cdc42a6de234d187,bids-apps_rshrf
302,8c8812133fc82108d5ffe3b35a1c5a48a7663174,bids-apps_rshrf
303,8cab0bea3154656830b7a6bb3457b19163d132af,bids-apps_rshrf
304,8ce8d88c4f7d188bf32f8e2485d7807a490049c9,bids-apps_rshrf
305,8d40d4ef7a8924ed5b25b062b425c039b439534f,bids-apps_rshrf
306,8d9a84004e02607e5c54baa01edc207fea79b545,bids-apps_rshrf
307,8e199357708d57a5a5b1760782b89dd79e49a81e,bids-apps_rshrf
308,8f057d45201af55ddab2b0f25afb337566df440f,bids-apps_rshrf
309,8f2e61850d0ea369d26f59d87bfdeb4c72ada062,bids-apps_rshrf
310,8f351b06173fcb110124be7d8cda5a4ea880e146,bids-apps_rshrf
311,8f782370213d21ed650aba52659a7a10810f2294,bids-apps_rshrf
312,8f90b839229d8d04168af7cd96b5b013ef06b4cf,bids-apps_rshrf
313,8ffa487880e5503b1177fff2e0619b37d21de609,bids-apps_rshrf
314,904184c9a333fd733c04b10c6d19fb9cbb2b2585,bids-apps_rshrf
315,90b5644c5f959e5e61da923201d09cb4637ab08a,bids-apps_rshrf
316,91039b70bd577f315f3995a76101389b596fd9dc,bids-apps_rshrf
317,9128b4c7f93d2d6a1a15edc1d20e18662ea87558,bids-apps_rshrf
318,9175a10033b3758b967a8efc88f625dd143e6ede,bids-apps_rshrf
319,91943923201e1d15013e85754f708ab0e2db11a3,bids-apps_rshrf
320,91a263a5c82999368074614fb8f794c889c7b7fc,bids-apps_rshrf
321,91d89099ddd756f16c0850c0161994355cc95835,bids-apps_rshrf
322,91ece6022543e915b8a9a89ed7679ff9c64902c2,bids-apps_rshrf
323,92a5efffa5c335b8cdd05ca832bf35b8fa043432,bids-apps_rshrf
324,92acf10433b37f85cf0717acc63933331b60c697,bids-apps_rshrf
325,9304b09cca29afc9dad1ea5a54fabf04ec999a3f,bids-apps_rshrf
326,93da119376c38f0febc02301c7689deb201047ee,bids-apps_rshrf
327,943293c1d272ba4b22cd3e418da161a6856b70b6,bids-apps_rshrf
328,9436beaff06131d9adb6f2253f81f0da0c60eaa7,bids-apps_rshrf
329,946e7e3853f5961a105ad2a9812a7106f614b874,bids-apps_rshrf
330,94fa03752137812a865867d51aa4b261f21f74fb,bids-apps_rshrf
331,9643fbba3e41eca3500b52894695108e2098a9ae,bids-apps_rshrf
332,96adfd924a71afd2cdbfdb63b1c45b5499f4da60,bids-apps_rshrf
333,974c52ca1ff40d2358364a896326f815566bb71a,bids-apps_rshrf
334,97a25ac266daae65915b288955aab4d05397491e,bids-apps_rshrf
335,97f1cb5f20d28d244f15b351dab01bbfbdd20f4c,bids-apps_rshrf
336,981d79abc3114ef6aae1955247e7f08ccb15e14f,bids-apps_rshrf
337,98b0cee7d6189d71d485e392c024e84b53385a0d,bids-apps_rshrf
338,98fdf9b525cfd60e9c933ef7d79c9c53a264eb14,bids-apps_rshrf
339,9ae670359b1a5678855a73139b2cd9b395a33309,bids-apps_rshrf
340,9c37060cafd6390c2052e0e52d4e8cda9d9f9165,bids-apps_rshrf
341,9c46ae5c4cc843f01b9a6e057c623af732c071ed,bids-apps_rshrf
342,9c4d59a89d15e512ca99721a88a14595a13cec4f,bids-apps_rshrf
343,9cb3eef9b402a2a76b32cdf763619c5829436e06,bids-apps_rshrf
344,9cd810327d28c80858c13cfb2498ac0f9fce3a0d,bids-apps_rshrf
345,9ce8db2b78032595a934398ab6b101ad71fc8c3c,bids-apps_rshrf
346,9d1c0d80f5a41af6efb53150f0ec9090880aed12,bids-apps_rshrf
347,9de6212def36d6be573be38f79b8f135fd52be6d,bids-apps_rshrf
348,9f29a89c7f3e73cb7fbbb244df30c3e98fb9b357,bids-apps_rshrf
349,9f4c323b50bfe388579fadb87912675e0225bfef,bids-apps_rshrf
350,9f81c06c19d8012373369941eae3750841f202ea,bids-apps_rshrf
351,a05f15cd1c28f03a64b5bbe045e841757396dca5,bids-apps_rshrf
352,a07715b764df69fffbc7f1a43718e958662ade9b,bids-apps_rshrf
353,a18ce3f7c6193ece993180816d549d4c9d768731,bids-apps_rshrf
354,a1d317752b84338facb793ab8e5bc975382e1b8c,bids-apps_rshrf
355,a1ea1c66d29c51903d2a7f3a3d22b6197472d3af,bids-apps_rshrf
356,a31fae6dbf40b6730e85582b9888a5275c10b123,bids-apps_rshrf
357,a36872752783918678cc278af1e6eb83b0c31150,bids-apps_rshrf
358,a3a54d45920a577c601220f8d5421aea91bbc6c4,bids-apps_rshrf
359,a422be9d1e5bc406fbe8ad37eac25c5529c5c159,bids-apps_rshrf
360,a53058d919129f5ff3f3b3f51120a77417d4218b,bids-apps_rshrf
361,a67515d88a9be9e7e0203b3abf0f43b559a8da34,bids-apps_rshrf
362,a71edee84d65cef373bc3efa6ac36b1a1e336ce4,bids-apps_rshrf
363,a87ebc7fbb261b76f722db815c7ae1ebb5479fdc,bids-apps_rshrf
364,a95c25136905c5f869943f9ffc04e17d622c718c,bids-apps_rshrf
365,a9ace24f7f0c2d76f6060d8e5d148951df2de034,bids-apps_rshrf
366,aa0a5381c556bc251aea5113c466bd41d8f19b76,bids-apps_rshrf
367,ab944470cb6fdc853b84c9ed64b0891b140f6a11,bids-apps_rshrf
368,abcb10e72c0b07c3610f7b4129f0dd547739bd81,bids-apps_rshrf
369,abe29629f1d0eb624692f43643e517c9915b999e,bids-apps_rshrf
370,abe95aba75156e1891baf829f5bc5c4e91170bec,bids-apps_rshrf
371,abf752d534d87751e9d4f552c25ea2ff175a64a5,bids-apps_rshrf
372,ac18ae64d89814ac1595e60ed15f81b2a888a2e7,bids-apps_rshrf
373,ac5d8bdb3718fc94822de5ad573f5e4dbdff68c8,bids-apps_rshrf
374,ac7395668020f48d01dcb5f4563e37f9cc325261,bids-apps_rshrf
375,acb69531a2ee6c4c12aa95754b820e72f3b06dda,bids-apps_rshrf
376,ad550d2bb559d543bb00ef9a3ba5baba97a8d60f,bids-apps_rshrf
377,adaaa401832f288415970724be90baafa0b79bc9,bids-apps_rshrf
378,adcabe18191e60e816389d8528130ffe637e81ed,bids-apps_rshrf
379,af31f6578108ba8e9272484e45ff6e068c1c455e,bids-apps_rshrf
380,af44fe5bc9e292f48c2cd9640aabcf8074cfe752,bids-apps_rshrf
381,af6415e768af237da98ff325b83ad5f76b69f489,bids-apps_rshrf
382,afdddec1ca0b4e58b3e95ef80741140532e96dbc,bids-apps_rshrf
383,aff06b6ba544549e316dea8a17dcc77f7b2bdbc6,bids-apps_rshrf
384,b0166e3839e6ae570e5a8dd613f88722b905fa96,bids-apps_rshrf
385,b086799402f5aa4c72d11e5e2b68c11d3dbff231,bids-apps_rshrf
386,b182ed00420f765201b646f1d85171bcbd08aa9a,bids-apps_rshrf
387,b1e1713cb973c688cd27be145e7d4541ecd5e5a2,bids-apps_rshrf
388,b22e26edc1154abcc1d32a33ee29e5c35ccb0842,bids-apps_rshrf
389,b2cc056532181c0cf295dfdeabeba5ab80d2131a,bids-apps_rshrf
390,b3276fee021353ac4a39c543c8713790ce69a6bb,bids-apps_rshrf
391,b49dfad8be202be3025a153368e6102d1868189d,bids-apps_rshrf
392,b5b9e16419fea0ba8cb3c7bfceaf5f3292e6b6fd,bids-apps_rshrf
393,b62da9513fd333dcfaca94a84e12b9782d31a261,bids-apps_rshrf
394,b631b338a699f5698780dbed833b0d536da87313,bids-apps_rshrf
395,b73fefa6b36805acf285346327025009f3ac88cb,bids-apps_rshrf
396,b7867ff16e69598aaf88b7d7751786f998cf497f,bids-apps_rshrf
397,b8ebe268d68701e7b25faeaebbf62454586a16c2,bids-apps_rshrf
398,b91ef0ccbcf4ce3c074a764f598ec57db98ea08e,bids-apps_rshrf
399,b94b06a8eb2209928f57b3b1a89c907eedab73f6,bids-apps_rshrf
400,ba2d06d7564f5e111a9b54c036678ce4fbe96785,bids-apps_rshrf
401,ba85c53b74fb2b2342b6996ded9fc5d8cc9f6302,bids-apps_rshrf
402,bac44a3d6f5281e7ba83ec1518ff77eeb6344644,bids-apps_rshrf
403,baf8a56831537d98021fbd5e05e4494f3ac734b2,bids-apps_rshrf
404,bb5024e2d3d9a96d96876bd3b8abda1e41a2f29e,bids-apps_rshrf
405,bb93586eb5acde10f4c64c811a771bab3bd2d2d1,bids-apps_rshrf
406,bbe07d887df0c950369b4a587e3d68ac0a656845,bids-apps_rshrf
407,bc375972fd1f6571b8c07526c607856309c1578e,bids-apps_rshrf
408,bd06dcf35ac657fd980635f23837dec03f7f929e,bids-apps_rshrf
409,bd740e48221fbd86d615b8c1441aa3e4e5ead1b5,bids-apps_rshrf
410,bdecf57b23db3d370fcf19f8c410d09ed49a3cbc,bids-apps_rshrf
411,be757937647346c7bb399fca5daeb078f7001a80,bids-apps_rshrf
412,c01c2bdd38ff9c45730a13ccc232ccf9f110a783,bids-apps_rshrf
413,c037d29cb9ef4f4404adcc1178862d8c5452ced4,bids-apps_rshrf
414,c0f59778acdfe665745eeab0071edaac2ae7aaea,bids-apps_rshrf
415,c1179db76bfad33444c70d248e5e9e6bb672e096,bids-apps_rshrf
416,c157bd65a67582b48e86eff81da897bcb90d8bef,bids-apps_rshrf
417,c1e5917a1129d71725ed607ae3ed3aaece1b9871,bids-apps_rshrf
418,c20756795e1cc286f48a8a32f22017b7d7160416,bids-apps_rshrf
419,c23d33aa73699a13e2a996c937a6f0f1e699c0a5,bids-apps_rshrf
420,c3ab55940fcb12ee0dc459281474b19cbb8cfa6f,bids-apps_rshrf
421,c3e18aec93605d2ffc9eb09a0d9eb67b71c23726,bids-apps_rshrf
422,c47a41f7c8f2f5709af19d7bea0722e771faac3b,bids-apps_rshrf
423,c49e5c32eca629cf8b2c469dcfffe6513db71e37,bids-apps_rshrf
424,c521c2a58c819f648b70a13312487c3415f14eeb,bids-apps_rshrf
425,c66d687816104760634d9fb3fe2fb64b3e573d3b,bids-apps_rshrf
426,c69a9a23db941fc459585288e71c209b1b389e7d,bids-apps_rshrf
427,c6b65afc4e05a4828769a39c3bb458332f6f82b0,bids-apps_rshrf
428,c6b9d1b3df2945689cf491bfc62f5f61e6befafc,bids-apps_rshrf
429,c74292ef149d5ec74740afdf0ed95d512b5e5313,bids-apps_rshrf
430,c75143055b44370907ecb5fb19b7c0070c1f76aa,bids-apps_rshrf
431,c7e309657351442c6e6d698d8a255947cea2c973,bids-apps_rshrf
432,c8003877da69ac10f70cedb3727ed3263261abb9,bids-apps_rshrf
433,c81d3cc003b526adb1a87c8591d75f00a4229041,bids-apps_rshrf
434,c84dd48f4b6f2486d1d97c43476aba9840a632a2,bids-apps_rshrf
435,c85e6ebd11df98268102a9b2a7b2b5ba1792210c,bids-apps_rshrf
436,c897ec0c385118d9355a39019b6bdec1b57fbdaa,bids-apps_rshrf
437,c8acbd512f9451dfde2c98ebdc5649402224b4aa,bids-apps_rshrf
438,c903ca5c6cb0981f84976260c947401213e0b2b2,bids-apps_rshrf
439,c919c617405f0193876e1e53a4bdba419ffa535e,bids-apps_rshrf
440,c949ac2dbdb443580fbfedc0f86a54a564547437,bids-apps_rshrf
441,caf1ffeeaa0e24efd34e6aa7af14f5aa44cfd1ca,bids-apps_rshrf
442,cba2e88f3fc599cccec50b77fb3f1ef717562082,bids-apps_rshrf
443,cbb9fd941c7c9a45c8f13fe6653c3ac062c6615d,bids-apps_rshrf
444,cbed09a2bad71fa5d5ee5af286fa38e1db50b848,bids-apps_rshrf
445,cc9d9d7d93082feaf7283e87820b0021bfd413d7,bids-apps_rshrf
446,cded113d92bed2ffeedbd0829e39977db8b57e1d,bids-apps_rshrf
447,ce77769862b711cde70d4ac579b947202a8d7c39,bids-apps_rshrf
448,cf3410664a3a2eda1707f5ee7dc5a7f23fa21492,bids-apps_rshrf
449,cfbff6f1600014bc45e89e57c08caf3e0215c91f,bids-apps_rshrf
450,cfe7aed0ac093f7eb3230a773569cb661edaa0a9,bids-apps_rshrf
451,cfe7d8c29e8d7353bdfecca135046ee13bb3ad58,bids-apps_rshrf
452,d00ee8590b3650525af08c5af5f573d01ab7ce4a,bids-apps_rshrf
453,d0471b8889377e67ce17fd10e2d5f6a657a2b41e,bids-apps_rshrf
454,d087e4517c426ed0ebadf1da690928248de01597,bids-apps_rshrf
455,d0ff1d905e296824afc2220c204957080b842486,bids-apps_rshrf
456,d10ea38bad231315ba526bc9125d27c6ee096feb,bids-apps_rshrf
457,d21e6072a754b91dca69483956af220c72e88afd,bids-apps_rshrf
458,d2965425579e0e962e15e9e061837d5315f18ba1,bids-apps_rshrf
459,d2cee441e55e2523fb2908869242f58c0a65ae98,bids-apps_rshrf
460,d358a7ed4988ac328b41b2357a89ab03f5e7e07f,bids-apps_rshrf
461,d3a7247237df927307a580235461f6c3d30a3ca4,bids-apps_rshrf
462,d3a92f23e624983928e4706687db5d19e2bad226,bids-apps_rshrf
463,d3c30193a0bb886428beb9b03a19798aebaa1f11,bids-apps_rshrf
464,d45252d00421502efc44164aabdbf40a7615ea23,bids-apps_rshrf
465,d49a3653872585ec6757f402309c3017fac036e4,bids-apps_rshrf
466,d580b48772fc01c03d81642ba3c655e149a8f078,bids-apps_rshrf
467,d5ec35d4cbb8a3958d32727670a4cca04ccfcdff,bids-apps_rshrf
468,d60b007e7e5601c239dc9113ff24b219f43cd81b,bids-apps_rshrf
469,d6715351ee83ddf4c4d4c9ddd3ba0022eb888939,bids-apps_rshrf
470,d68934019609c33a83174f9738bc08449112a49d,bids-apps_rshrf
471,d69ffd6b1046990e6ac78a73f1f4556caa44bc89,bids-apps_rshrf
472,d6c6bdaa1960abc045566d6e6211762c40d8ea9d,bids-apps_rshrf
473,d70bad124a07acead060e03808c08e25908b5798,bids-apps_rshrf
474,d73510af7b5745d6a7dcfd5bad5670423a1a64f3,bids-apps_rshrf
475,d79db93336fcbb79f03f05dd88533d2cd93dfcbc,bids-apps_rshrf
476,d84ba2226264a4c192506e511004546824ca3cb4,bids-apps_rshrf
477,da61a452a217fb6e0f26f4c72d3990499e7308f2,bids-apps_rshrf
478,da7a81a23a6af8f83889ec44966d9a6116f9d124,bids-apps_rshrf
479,daea5813ab3acf3d40e91d936db5b8d5e3832e76,bids-apps_rshrf
480,daf0238e29db48a4bcd4f8cba1538bb186f5211a,bids-apps_rshrf
481,db07e93b520fda8c1a73bd2e4d268897062ebe62,bids-apps_rshrf
482,db4e073a676ec82560cb821e593b163664c292fa,bids-apps_rshrf
483,db6b66a54ccf021654c3fd6c897d11170bf4cb1c,bids-apps_rshrf
484,dbb47cbdab114df7d28ab88dff5af028c06b5556,bids-apps_rshrf
485,dce5915503fd38f55a0b54643f23895312559f37,bids-apps_rshrf
486,dd4d2fcb7cfdc67dd4e58ce62bb62693acd853d7,bids-apps_rshrf
487,dd9435842c96a6fe9465ecc4f0a41a229dd8fd06,bids-apps_rshrf
488,dfe4e67e93252daea62be26c4afeaed942892b93,bids-apps_rshrf
489,e01ee90e809d10c5d0ac842d0e02e30acf98ec0a,bids-apps_rshrf
490,e1751e77629f9e960f156b1bd6a9842f7c34f719,bids-apps_rshrf
491,e21fdfbd7ab98e932399a02e7926a78855ac18cc,bids-apps_rshrf
492,e2735be124b4b72d71482154a997f52807e1b6fc,bids-apps_rshrf
493,e28c966ee07a3476c5513df8d75c7ea5c3377cb5,bids-apps_rshrf
494,e28fd49903bd02e9465a33d0c71c81d068d50670,bids-apps_rshrf
495,e331bd47143b411cac37d070226c80cb55e46714,bids-apps_rshrf
496,e56eae705c7fc2fcfabee54eb9c01f6df7cc63e5,bids-apps_rshrf
497,e57c8d069970bac6f1059e178343a74e457b145a,bids-apps_rshrf
498,e5b1cebd0130bef3d88e500793b91c4015786e1f,bids-apps_rshrf
499,e5cb8b96b2e18d3c76942405a37979d3bd850bc4,bids-apps_rshrf
500,e617ea22093cbd1a3346ce60aadf292215456e7f,bids-apps_rshrf
501,e61ccc21e990edd7ff16d296ddf2066e2b5d029e,bids-apps_rshrf
502,e67aae5a4de0d6496bd28ada91626a2aa96bd4fc,bids-apps_rshrf
503,e6d00a48c44a281c8790f6a02ec356f1dd9af2d6,bids-apps_rshrf
504,e6f3b81bbf5278a0a4e9f334b3ec83b052e81cb9,bids-apps_rshrf
505,e6fdc791683e1d37cc8de3d2b8f7ba76f5f87c63,bids-apps_rshrf
506,e74848801be17202a9871587f55e7b81e2102cfb,bids-apps_rshrf
507,e74e4cab93688a33c03a5d5ec8e08b4097654fe7,bids-apps_rshrf
508,e7967752b8a0f67739e63119e4f741b6b0ea83ba,bids-apps_rshrf
509,e88efc77464b74dbd426d96a365b120b965ef886,bids-apps_rshrf
510,e8c0289e60489b7722663392d9231b38362eed03,bids-apps_rshrf
511,e8f12667bbbd6db71176cca1c0acee5b62b96d4c,bids-apps_rshrf
512,e9823b3603bfb849f49330f13ee7a8c80a1de1ba,bids-apps_rshrf
513,e9a5fe8ba8acf22d425d25beacb76d00d07672ae,bids-apps_rshrf
514,ea0f86b35fe173571a6c6bfc4eb323304642319c,bids-apps_rshrf
515,eaf465285162ace918a513838f3711f5c9d8a80e,bids-apps_rshrf
516,eb010574a47412aca9f820f1ac73c194cc7be928,bids-apps_rshrf
517,eb5c945d1e8d032ba1a039ff7f560fd0ef44b339,bids-apps_rshrf
518,ebd70a7fa2ba4ff3186f5ad6ca7c77f7c06b8124,bids-apps_rshrf
519,ebe46ed32d3ba2e692e59cd3bda522eed4dd9269,bids-apps_rshrf
520,ebe7765ada8715cf5696eab056d66a577af9147a,bids-apps_rshrf
521,ec0c4a390cb90feed51408b12ee4b41d831c896f,bids-apps_rshrf
522,ec444b8fb82e6b550d475e75cedd8c0757c20bb4,bids-apps_rshrf
523,ecae569bb48c9c8724c82274c511e7b2339953b0,bids-apps_rshrf
524,eccb2c0b0a9e461f778c201da111ed8a86039942,bids-apps_rshrf
525,ecf533d51546f986f4f25278eff1fc29418dfb30,bids-apps_rshrf
526,ed1b67c91d3b71ecda6e929f51217168d5519706,bids-apps_rshrf
527,ed623406f450fdd1def0261754d5bf57e0246e61,bids-apps_rshrf
528,edba05aaa1fe06dd3a6bfa67e1e37e5b1eb61c20,bids-apps_rshrf
529,ede5b0ec4175980eb29f76974e6c0973a3eddbd5,bids-apps_rshrf
530,ee51ea1d09b1b2c3167de4241703ab02347b74f5,bids-apps_rshrf
531,ee7e191da186ffbf650cdcba28b01fd1b0258c89,bids-apps_rshrf
532,ef239c8156559feb27ef1ec02d011fa7f236d42a,bids-apps_rshrf
533,f1ba767f5854ab1ceb417d2302c84f065296cff0,bids-apps_rshrf
534,f24639bfdcb13ecebede132155d374b2b61b1cc6,bids-apps_rshrf
535,f26eda981a6318bc834ac478c66738c3ceaa03e1,bids-apps_rshrf
536,f2a5a381c907c4b14b448914e7d79b1d5807e6a2,bids-apps_rshrf
537,f35fe267011f180b52322fe39addfb874aded80d,bids-apps_rshrf
538,f38aed919c566c162c2998c0fbe6e4ba5eccaa4e,bids-apps_rshrf
539,f3abc893bd43a3cfae72e0e2959f0f2e40ff8b2c,bids-apps_rshrf
540,f44287fe00b29ee7e814b21f66a2251200bfd625,bids-apps_rshrf
541,f531bf53fd2e506e4e94e2be765c95a1bc68f09d,bids-apps_rshrf
542,f622c51ed782355862edc9cbeed2eadb93508e3e,bids-apps_rshrf
543,f63e04b0d532301227a9f86a8989abbb5e81bc9e,bids-apps_rshrf
544,f6b3482d0b89fb479d75107626b777925cca340f,bids-apps_rshrf
545,f903f29894a185f12d936bcc234159e7215bfb49,bids-apps_rshrf
546,f98aced0393b3735ee4cd09ff69a01febd19a466,bids-apps_rshrf
547,fad862607ae9b299aca55d889aa44b6a0c999430,bids-apps_rshrf
548,fbabd8d637075a1a30a0e890eaeaeb8087cc77c6,bids-apps_rshrf
549,fe24d7e4d030c94a38a65bef6776fd51c654ade8,bids-apps_rshrf
550,fea06ab813851c6d370fc9618de219f43b206ee2,bids-apps_rshrf
551,ff86f39f7e7020689ed5256ade31da1059c47fe0,bids-apps_rshrf
552,ffdf36cb200bc07d46e8d762f72a4508c24dbaa9,bids-apps_rshrf
0,00f28bd914e3c97776f9c22cd1650d6762e25ecf,juliastats_lasso.jl
1,011c80da9d5908260d04584e80d517a9f5b8d583,juliastats_lasso.jl
2,02b9ec9db48b1a52667c4165809271b6b8ece873,juliastats_lasso.jl
3,050c77e733438bd8e1135a728ff104d82e1dc1f1,juliastats_lasso.jl
4,052446023b987fa7cd9e1ee546910c43c2c09b09,juliastats_lasso.jl
5,0531189aa017f485c26ce4c68a3dc0327d9b40d7,juliastats_lasso.jl
6,059a14abdb286ce30c97b36d310c53b6c73efe82,juliastats_lasso.jl
7,05a3fcd2e8f780e908dc2ffa78f1743f70c9ec62,juliastats_lasso.jl
8,06576a7a4d6031c6e70f9c5d14969e260576f5dd,juliastats_lasso.jl
9,065ce2f2db74c9bdcfad873deb083a662298eec2,juliastats_lasso.jl
10,071e5b1f9cde6ee92d6860722dc3efe977656dea,juliastats_lasso.jl
11,0734834fd94e0407b34c8f86c23d753fd132c4e6,juliastats_lasso.jl
12,07376f9ef755d15aacc324d23552b5ec0455607c,juliastats_lasso.jl
13,0748b2e5808e34ca3eb8fa87a7b817a69a5e2852,juliastats_lasso.jl
14,076e7584a16db36a14b1d9d3bfd6e09d27690db1,juliastats_lasso.jl
15,07c397351620eae604bab89709b8db9855ab3782,juliastats_lasso.jl
16,081668924c85fb166600ca1935933f01d8bc5cc5,juliastats_lasso.jl
17,08fa68e2feab5863eb9e2849bd5d4dafefa14f6e,juliastats_lasso.jl
18,095a66300aea17f70a6488114f46e7762704d34b,juliastats_lasso.jl
19,0aaea20111d5270344fdb925f94afa620192c114,juliastats_lasso.jl
20,0b0cdb954d710293c489f0576de5cf691d642836,juliastats_lasso.jl
21,0b14f25780de2e1bb09b8dbb8a6c5e32f6f98c3f,juliastats_lasso.jl
22,0b3c105fe15e10850a8096a2c7a8ec6d1ac037a5,juliastats_lasso.jl
23,0c992984f0b362d17bdb6b9e6f5933121b2b8ebc,juliastats_lasso.jl
24,0cb62f8f9efc4b03196d2be94220eaadf150e529,juliastats_lasso.jl
25,0cec7783b1a3a88f23b8c7fdabef087c94c0b1dd,juliastats_lasso.jl
26,0e08e4f49dec4f537fa524e81dc79fc1f0787d28,juliastats_lasso.jl
27,0e25dd08da219ae2801fa19b195120e59b4aad84,juliastats_lasso.jl
28,0fdb6e2b66ea3d9b6b659c2c0f41b0cb6a98d5aa,juliastats_lasso.jl
29,0fe4020c62cad100066944014587698fc4d33ae6,juliastats_lasso.jl
30,0fed8fba3aae0ba9edbb51441ea7bbc2cc99a43b,juliastats_lasso.jl
31,118aff2daa43ac54edc2d55fe69dd5f7602feec6,juliastats_lasso.jl
32,12a9655efeac4660cd15014008124f730f1c24a5,juliastats_lasso.jl
33,1435f112b01def833a57d995b0fc790b2e5fc4c6,juliastats_lasso.jl
34,14672da5739da9cf9021c99402e839ef7153d34e,juliastats_lasso.jl
35,14dd880a292a1cf0aaf6e05abccf324c055dcfb1,juliastats_lasso.jl
36,15f4fdee6013cc77fd0d82d53abcf33fbf8f48ac,juliastats_lasso.jl
37,163974782e8b10541b86cd871d7cb9344f00b711,juliastats_lasso.jl
38,178990ea058e2cea08469d5c6c4af286ddb23ee3,juliastats_lasso.jl
39,178df4d35d71da464180d54f4bf690924763373e,juliastats_lasso.jl
40,1823dd9560d0994878fe737d00404aa527f7c1b0,juliastats_lasso.jl
41,19fb202c55cc1f04bb4b8a2ce63f73ce69aff8f2,juliastats_lasso.jl
42,1b5e26fb291b3cee911bce577e53f87a6fa60476,juliastats_lasso.jl
43,1c34dd167ecf4f75a12aea62bbb94f7641086f01,juliastats_lasso.jl
44,1c64579a498560ad3be357442b9f9bc63548bdd2,juliastats_lasso.jl
45,1c6ea6e225788afd45805e0c3a94f17ee420c3c6,juliastats_lasso.jl
46,1cbba80fe4dc45af8af11c4476518333e393edad,juliastats_lasso.jl
47,1d6cb5b3f1fa5f576592eebda07b780ff602d24c,juliastats_lasso.jl
48,1e0e0d00234ae4f67336be87efdef54591ecb979,juliastats_lasso.jl
49,1e9188d4ae42ffb123176eddb7731b8ea97f8335,juliastats_lasso.jl
50,1e9446f4eb6a8fda826c03a4bb0bd450a516290a,juliastats_lasso.jl
51,1f9c200448a0ef51cbb56686c31737ffb2d134d3,juliastats_lasso.jl
52,1fd656d184271a42016e4b93f2f4184190d1f44d,juliastats_lasso.jl
53,221fc015e0326a4bd45d497755801dd955661ffa,juliastats_lasso.jl
54,22c93505b6aaeb9fafeee246d63e1c5580ece024,juliastats_lasso.jl
55,22eb3ac1882e7e89c0868027379b19d6fabf351e,juliastats_lasso.jl
56,2303ec98393ab0608d7ca4571c309cd04fa91828,juliastats_lasso.jl
57,23baae293313b4200b9e7adab3d799c2836dfbb0,juliastats_lasso.jl
58,242feffd991522d55dd435abe443ae9a7ffb5d1b,juliastats_lasso.jl
59,2492c4ee539170c5763764f20135042b6da0b82c,juliastats_lasso.jl
60,24cb7dc8fe7831e2c10094b560796cea6da26734,juliastats_lasso.jl
61,24efcecc6a189b82baa4627cb3d2b1ffacbf8c61,juliastats_lasso.jl
62,25da5cd49f653cafc6e58a401a388ac9605c5c13,juliastats_lasso.jl
63,279e2285161e783ca94c95273d317f3dbfa99942,juliastats_lasso.jl
64,2a36fd019908181c6d7605de6a1b63d9c82315aa,juliastats_lasso.jl
65,2a59a1b28fb82f86854efaee96600a894f1192b8,juliastats_lasso.jl
66,2ca4c24180f474a6cb2484efc5c4890b3068c6f1,juliastats_lasso.jl
67,2d62e43dd290a5b8ae47082c2ed70559e18f83b9,juliastats_lasso.jl
68,2f5f7cccb19cf5be3869e74aedc18f6999f5d1d3,juliastats_lasso.jl
69,30bfc2de164bfb64d76eaf42bee8c90fdb551a42,juliastats_lasso.jl
70,30f96c8d38e64d87fbbcc4aba530e711c7128326,juliastats_lasso.jl
71,3152bf938a4796dfb9e3aa5089767a73ce2e9f7a,juliastats_lasso.jl
72,315ca45694409382b560920eec4be7211fcefd80,juliastats_lasso.jl
73,31af99ab3302bdcfc802c8594ebcec58da1f0a5d,juliastats_lasso.jl
74,31c4c583f3b63c20f290f1d8757f13c84e7aa746,juliastats_lasso.jl
75,326593536613dc1c9570c5ec973fd7517fd2b413,juliastats_lasso.jl
76,332c5ea9ffdffeaf5e6cd77060542a17e5ad2c2e,juliastats_lasso.jl
77,333e81f68323e49088d2c04a1cfad4056371a170,juliastats_lasso.jl
78,33877f306b9664d0b88da5dc0c934d945bbfc5f2,juliastats_lasso.jl
79,3388dc338bfaa5a90280c90158b7e6a6e8b2b607,juliastats_lasso.jl
80,338e83f30cfcea0f02d4efdf7053c2d0c5c663bc,juliastats_lasso.jl
81,363987b22e201c4c70227e7ffc6d6138087cb316,juliastats_lasso.jl
82,366b5a27f10cef7f364ad7547dda9d3e062f75da,juliastats_lasso.jl
83,3751f0e8f45658c7fa972714c72d7ec868df143c,juliastats_lasso.jl
84,37757f59e8c180bd9278ad4edd0db7f43c793cc0,juliastats_lasso.jl
85,37994e926f900a45cfd715ae8dd6c69b6dd1b83e,juliastats_lasso.jl
86,38a51fc957cc63e655a1e4497d68882ceb167a03,juliastats_lasso.jl
87,3b63d17c5545697b546610215ecc9b77e3b3f408,juliastats_lasso.jl
88,3c3bbc8b2a8f84f2a9c5a6d71450fb5b93a0404f,juliastats_lasso.jl
89,3ccd5f0f6d46ec9c614e79f3229dbd696808eeec,juliastats_lasso.jl
90,3e75dcc39a5fbb398fb34cceab190e62e0c9e1fa,juliastats_lasso.jl
91,3f49fa37d8636521611371c9f8340cd4e2ddd0c5,juliastats_lasso.jl
92,3f88314d0029775a4087e06d67ae151d04b63bed,juliastats_lasso.jl
93,3fb6cc6850ca484c2bafb9dcc12bb7225232c9ac,juliastats_lasso.jl
94,4012d4fb178abf14cf9dbf6e92b0a9023051d917,juliastats_lasso.jl
95,404f22c0db3744b940505d98449f8982c269ffe3,juliastats_lasso.jl
96,4055a0abcc450bb05b93561f3d691e15a62f23de,juliastats_lasso.jl
97,407dad0905f42af4558a1f5b035646e3937cef3d,juliastats_lasso.jl
98,421d9fdcb723866735aaa0d1a175503e1b3e043a,juliastats_lasso.jl
99,4318e0ddb99b52b90bcdbc92efe51589514b046c,juliastats_lasso.jl
100,435027b4c776196e81241b400d19c808c7f263bc,juliastats_lasso.jl
101,435866bcf836b1e0846baa8b4effa87ff3884fed,juliastats_lasso.jl
102,438e848ddaa99dd033c14b74d08924a19e376181,juliastats_lasso.jl
103,43c724c03fef0338a03734ac549960a8666bd20d,juliastats_lasso.jl
104,44482a2eb04f41a343788180e96b79942b3947fb,juliastats_lasso.jl
105,461b489d16fc6248b739612b123cea1dd9f9ce25,juliastats_lasso.jl
106,4647f302ae46440451c0afeb800ef6dcf8ba6bc2,juliastats_lasso.jl
107,47831c68dfa5f53ff8d98e6e551d8520247f02a5,juliastats_lasso.jl
108,47a158408630924909786dd0ec7b00e4d553ba78,juliastats_lasso.jl
109,47ec5bd37c3d0bf5cabaaa092ebce0b416981ed7,juliastats_lasso.jl
110,4814cef7f41074c8f46a59e0c97c2ccbc5669f68,juliastats_lasso.jl
111,48ffd9f8953399247d683d05c2b34e5dbafe14ae,juliastats_lasso.jl
112,491fa4c2c386d72e8ea752f27a09897aff89d42a,juliastats_lasso.jl
113,4a0cbff61f0ca85621ef90d0045b747b9136fe4f,juliastats_lasso.jl
114,4be8952688d8f85eb48f367781488f19472e1e01,juliastats_lasso.jl
115,4de7b3d7155e8ee033cc58cf17ec6cf3fcf18eca,juliastats_lasso.jl
116,4e31b2c502d9b69cec5c8cf0c7c0f10cef61e9b6,juliastats_lasso.jl
117,50433f5a90f778a79f4f8f85e30d31841bbc16e1,juliastats_lasso.jl
118,505f7ee879f361fcab2dac0e54a2900518e05587,juliastats_lasso.jl
119,5105970078ee02f8c61aff9466572f841cb3cd81,juliastats_lasso.jl
120,5294ba4fab652454db695a50fc34f2e3ff26ce85,juliastats_lasso.jl
121,52ca93c698c52a6c75e8cf2ac4388025ba951ba4,juliastats_lasso.jl
122,5504c301b8f8ffca616df814682be7e046110568,juliastats_lasso.jl
123,55718966db53679e333d8a94749e8722b082796c,juliastats_lasso.jl
124,558a3bc8fb9a81ce579fa6b78e5813c24c5bb961,juliastats_lasso.jl
125,55ea3dbc1e6c42103528b9b79ef4f14d8bea32b1,juliastats_lasso.jl
126,55ed517c75cdd55701d2d24711c46e450ac33ebc,juliastats_lasso.jl
127,5613501097d5045672bd263113da4b5d1cb8f576,juliastats_lasso.jl
128,5636fed75e9ddda2a9ed757b8bf326b78ff78cb5,juliastats_lasso.jl
129,56413744f02380dce387f2a88d23fdfb1b100865,juliastats_lasso.jl
130,58268d75d23f4a1ff7c5ab9d34799756a73fbc82,juliastats_lasso.jl
131,5a7f3bc3040e6c5a2ca04708bf41aff198c01aa5,juliastats_lasso.jl
132,5ac04f7befcd797043b3b882d0a6b092d3c9dd51,juliastats_lasso.jl
133,5bd8bb5e91b3fb7ef86a4ec3c10c99a499d6a670,juliastats_lasso.jl
134,5c105b26fb7ddd6db655fe5bba68c3059cda4cbb,juliastats_lasso.jl
135,5c5a9520f9b9abad6176a6cb71536c2eeacbce14,juliastats_lasso.jl
136,5db69db4bd700e82533b882de94ef24bcec19dcd,juliastats_lasso.jl
137,5e89072c07e740acd2eb6d7dc33d3b7a4da3cb0a,juliastats_lasso.jl
138,5e8b1927d8eb5af033c49397bfa2fbe470d674d2,juliastats_lasso.jl
139,5f2d590a370158167c9f737a4a229f0632b26110,juliastats_lasso.jl
140,60af18b8e7cc229712cf18cd83763921dbfbde2e,juliastats_lasso.jl
141,60ccaf0c75955540e2d76ba168b25b942b472a29,juliastats_lasso.jl
142,6152d3930dca452ae57c334ec65eda14868c47b9,juliastats_lasso.jl
143,61829f3af7a1636e519bbb1644c9b79fd40bb7fa,juliastats_lasso.jl
144,6194ade6be99ce609e4a8748d3377a5abb1f6d9e,juliastats_lasso.jl
145,61b27994360ae3e477abcdc1e7d7531dd0bb7c51,juliastats_lasso.jl
146,62da1d293c056c5708a86d0a3f3ee70ef6b9d1c4,juliastats_lasso.jl
147,6329dce1acb65b9fdc06c377d997507ff799037d,juliastats_lasso.jl
148,6330db72fd01b0988245e7596af883c761198fca,juliastats_lasso.jl
149,63396b4eedaae5c39cb34199bf1fbe6e37510fac,juliastats_lasso.jl
150,659a8cd6b8ff0c401028be69a5333bb5e96f3c12,juliastats_lasso.jl
151,66bcfda10f6667fc7bd5cb8553a44f1b507f18b2,juliastats_lasso.jl
152,66cb696cc05eb5f252f70a0089a8d643b6162da0,juliastats_lasso.jl
153,682be7beb6ea08544a10fb1ac9a9879201de4866,juliastats_lasso.jl
154,68fbda48182319d15b2c9c248df2596de29d38ea,juliastats_lasso.jl
155,69de52328190c2e6667bb5ddb24a8fbcef365fdb,juliastats_lasso.jl
156,6a03c0a605ac775e4a6ee306f2a0329d6fd73e1e,juliastats_lasso.jl
157,6a70c90dbb1c22d8c8807a8ee88e76527d798cf0,juliastats_lasso.jl
158,6af45a231b7b11dd3c7b0f5baf5e73a4ca18af36,juliastats_lasso.jl
159,6b3a1c7bd4095a04c9dbd7f67e0e0cf664d8b1a9,juliastats_lasso.jl
160,6c44c73560f7184a1737419d2536533d03b31ad5,juliastats_lasso.jl
161,6cd236dd5cb88cbfaadbfccfdc604e173d85f3a1,juliastats_lasso.jl
162,6d90c117e00d500322ba73cad5c9813e1004ae19,juliastats_lasso.jl
163,6db201b7b433c922e1acef75e9276d9b1de322a3,juliastats_lasso.jl
164,6dcea623c9829ff9bb29c2f31c9a056127be42a7,juliastats_lasso.jl
165,6e6f5664833bbf992b1a4d3023aef65c545bf7f0,juliastats_lasso.jl
166,701b8e4c159c22908e5622c0b22beb6ad16e1d55,juliastats_lasso.jl
167,70839c7b5131da99470e528f37db9fcfa965bf69,juliastats_lasso.jl
168,7179668bfa99a3e0a4bf1fc0e893894486cf3d1a,juliastats_lasso.jl
169,722b4be517e157fc3a8211b2ef506b662b9d56ac,juliastats_lasso.jl
170,72c5396d2396324a966e6d46e2f815f8b1da58d0,juliastats_lasso.jl
171,72d347843380f0663549a523549b9f42fe474e57,juliastats_lasso.jl
172,73967e07a2e7fc766cf326f4486a7f472d3b3435,juliastats_lasso.jl
173,73e608432bfc2ebd15130d7ea7ba72dfe41d8187,juliastats_lasso.jl
174,74a3bcef8a0fd9f2cf8cf6d0128fba8e849d0144,juliastats_lasso.jl
175,751bcda67d4d27deaf9d056a19c19c92c852a357,juliastats_lasso.jl
176,75d43104d7a37fed7a456658dbe71859b081f708,juliastats_lasso.jl
177,76599e479e4314165b00edaa0d868aefe12e36db,juliastats_lasso.jl
178,768cc811cc3891d8534d6d1e7b29d7f237c61d0c,juliastats_lasso.jl
179,77e33a0c28464bcda8fe264e623594d6062f8439,juliastats_lasso.jl
180,781a2576de070e504447fe95ee414e4e95c4416d,juliastats_lasso.jl
181,787e938f7f0a3e2447071d04a264adcf5f9f1a04,juliastats_lasso.jl
182,792503a1031b7629d290d44692f1ccbd7ee8a907,juliastats_lasso.jl
183,7aeda45e82d18de51378c73f6b0511ad66fd67b6,juliastats_lasso.jl
184,7af36a095e05ef9dd71bf4bb7205a88f9a732669,juliastats_lasso.jl
185,7b08ff7b826af4dd781d6f809c7bd7b7af7949bb,juliastats_lasso.jl
186,7bae08170e590ea12a6fa75e1ed7c8e87200a0dd,juliastats_lasso.jl
187,7bf4e9040b672df552b66f974e41c3cdcbce7cb4,juliastats_lasso.jl
188,7cb4e480c90895f2000410a1b2476903ed44f63b,juliastats_lasso.jl
189,7f997887795bb51e4d2fb9904b4fa8fda446ef36,juliastats_lasso.jl
190,7fc992b6607ed3f70b43d111e7e395a00f8ed32c,juliastats_lasso.jl
191,7ff88e2119b40beb0a99e3ec8671ad11417c914d,juliastats_lasso.jl
192,802722efc30eee97ddbd78bdc5bb73ce89d61a49,juliastats_lasso.jl
193,8066e76e6d7b688a9b02f31fa8c45adb6085d0ce,juliastats_lasso.jl
194,80ef02a1f2fe71ad0117de63fdfd7cb530c05e5f,juliastats_lasso.jl
195,8116a9f30dde6db45b2d67b15154ab35f68869ac,juliastats_lasso.jl
196,81389af141439eb80dd109f0b2c5613363f96040,juliastats_lasso.jl
197,81ec2a406ba5703cba9557e90ee727ab1dea3adc,juliastats_lasso.jl
198,82804f8f46494df3b03add07f21eefd2b47c21b7,juliastats_lasso.jl
199,847a94753944d53a80329b8747c23b32a70cd818,juliastats_lasso.jl
200,8508c51137cfffad3db27fcf8f3a3fd20b03e319,juliastats_lasso.jl
201,86be33f8642b6618f408d8b625e56434d14e8da4,juliastats_lasso.jl
202,86ded24a5a3d2972f5ccc44724732164518bfb0e,juliastats_lasso.jl
203,877035caad2b0b096a1b989b41744c2a163ebdeb,juliastats_lasso.jl
204,89622588ffd285d0f8b6a4266e285d74ae1b3177,juliastats_lasso.jl
205,89c4cee181445e01fe88d55bd460e7c8ddc7ea2b,juliastats_lasso.jl
206,8a3919df4e8ff2a0066b4b7c895a3f098609e3d0,juliastats_lasso.jl
207,8cc69ae85691f67434c2746ffe61826313459b55,juliastats_lasso.jl
208,8e6f40735372e0a2e22cf6df1c021c69625ade5b,juliastats_lasso.jl
209,8eaaa0a7bf99e6a41396e03f7259c20286888fa4,juliastats_lasso.jl
210,8eb0cb10c01ee5c0b8e1700dccab8c32fccfa488,juliastats_lasso.jl
211,90728471d79e846cf082938e157241b64b28d92a,juliastats_lasso.jl
212,91a24ad4283c347c4e5cf0394a2aac9c4d5ea6fc,juliastats_lasso.jl
213,91cba96a20fbc6711f87794cc7399e876c5e23d1,juliastats_lasso.jl
214,921f905581698460364488372e6a2b919c7db15f,juliastats_lasso.jl
215,92a07c9bb173ce3ce287f492f37283eff085bf6d,juliastats_lasso.jl
216,92dedbec22ba8a917098e17a6d81764e8ae501ca,juliastats_lasso.jl
217,93edaaad3ca0aad2891b4255bff326797a2e5a32,juliastats_lasso.jl
218,942cf2c4c1abfc6bd212631b395a3aaeda5a243b,juliastats_lasso.jl
219,947871d1b57297138bf3794824d09aaca57a6ed2,juliastats_lasso.jl
220,9524e3ebb9d6fab5822b1ac0e3f666b16387b6c6,juliastats_lasso.jl
221,95d06723c8f231f78be0e1514598fc9b31453598,juliastats_lasso.jl
222,981b86b7450f6a7764e449fe5cb5f84bdba07d60,juliastats_lasso.jl
223,99da82c6e4ad52f2e5f55e6bf9e29cc6d91b6bac,juliastats_lasso.jl
224,9a9c5f0e292ec7d9242742586c434133730c3c32,juliastats_lasso.jl
225,9aa6350bb3347bc24281d480496d231bb3350357,juliastats_lasso.jl
226,9ace47565fd2f11d72986c9aead925b9d752d456,juliastats_lasso.jl
227,9bcc28be3e7509789c98fb20ad00071d19222fe1,juliastats_lasso.jl
228,9d099f512afb6042b1094714e0ab280cf10f3863,juliastats_lasso.jl
229,9f1adece587c6ea3f4cbb62ded430b2f3e56f077,juliastats_lasso.jl
230,9f4c4dcf4254a45511d5445ebfa951d5c05989f2,juliastats_lasso.jl
231,9fcb9c2230ef36e8721857e34c488bc4fd92de12,juliastats_lasso.jl
232,a05fd10b2db8055309f941d22ba0a2a6ba4bd068,juliastats_lasso.jl
233,a0ae001023565b6a482cfcf3b71f972690293d15,juliastats_lasso.jl
234,a1db508dd847e9b0248481a44b335e442edd464d,juliastats_lasso.jl
235,a2266798a3030cbab9b77ee60c4dc7d35ab380c4,juliastats_lasso.jl
236,a29a33181f3b3184350c9f41131d9b171f12f85d,juliastats_lasso.jl
237,a2c42df03568007b50577ec59d0c9c34c3624db7,juliastats_lasso.jl
238,a2f72a564ba73d0623d58dfe6a406d2808197d32,juliastats_lasso.jl
239,a3efebba144eb348a4f9ec68b0d9d23499362cde,juliastats_lasso.jl
240,a4d3c01304124fdf92b0c4d8989317f1ab9c41ad,juliastats_lasso.jl
241,a58fb78429dc6cded09f9ee1ccb02dda4b114ee6,juliastats_lasso.jl
242,a5df393781c45ffd5056b46485ed49c319b6e30c,juliastats_lasso.jl
243,a800bce086e6385963fe7ffac35ab40482a47e57,juliastats_lasso.jl
244,a805eeae24fabe620a94ee1a3628dcf9a991833c,juliastats_lasso.jl
245,a9718add9c24c1f0264fe1aa25f140bfd612becf,juliastats_lasso.jl
246,a999884c9843a48e0d9f45024b7d662e46065423,juliastats_lasso.jl
247,a9c48270f487b4a8afd9ba1e4b61aeef92a1319f,juliastats_lasso.jl
248,ab240e7d4eecf170c9cbd693cc346d1557d8b89f,juliastats_lasso.jl
249,abffa18698db3ea6d3b24080db11e7c3a91c027f,juliastats_lasso.jl
250,ac0a96c37e1717217240b0e7f02f49c91eebcf4b,juliastats_lasso.jl
251,ac86b7bbef4c817473c26875f64f4e47ee20cdc5,juliastats_lasso.jl
252,ad31d21b0bc4b4df2d58c1390fbb7d5a8233529d,juliastats_lasso.jl
253,af5dcdb640f75f1c14f65a5a8aa5ca782939abd9,juliastats_lasso.jl
254,af755b7cb765f5af990e22bc205a7f2fbdcf91a4,juliastats_lasso.jl
255,af98e65b39492161388373332d5d87d4c08030af,juliastats_lasso.jl
256,b0dab4b3403e5907abaef935794814efa3d661c3,juliastats_lasso.jl
257,b2f71fac22c101a8c0c8ace3a34e4a25b8a29e10,juliastats_lasso.jl
258,b4f5c211f78adb419b39d3b20698c2bc41ed9db4,juliastats_lasso.jl
259,b5f47d934223c82dd57a5f5ba70b3dd296dcea7b,juliastats_lasso.jl
260,b6629df5b197d8acf9a291433306718979986bbd,juliastats_lasso.jl
261,b6e29812c4ac8b63d0a649ae927971732a11f97a,juliastats_lasso.jl
262,b7083ea099fdf217ab8dd1a015dbf54bd84945cc,juliastats_lasso.jl
263,b752c34c1ae0ef210b7bd66a39d1708e576b32dd,juliastats_lasso.jl
264,b7cf587254a0dfa3943965dd210611f4a2c4ed0a,juliastats_lasso.jl
265,b85b61e5fc8c2758d21a0a177e6969ed8def5aab,juliastats_lasso.jl
266,b8f0e63fbfc518a52c9df169ae664a8fb002ee6e,juliastats_lasso.jl
267,b8f5754f1aa4f50aa3da4270607ee142583b0d99,juliastats_lasso.jl
268,b90719cac55de495113bd3436fd7ec9d071f8024,juliastats_lasso.jl
269,b91a75a1ffe248255768a8a1131dfd99857c9656,juliastats_lasso.jl
270,ba2907817d236bdd9c856120ddf2165bf9251a93,juliastats_lasso.jl
271,ba75fcc6f7c266c08ca8b4befbd6dd7fb0e5f25a,juliastats_lasso.jl
272,bade54f0febd4848173c30efeffbeaae9eb5e016,juliastats_lasso.jl
273,bba019a5546bda262558e2d8eff33e2a3becb5f5,juliastats_lasso.jl
274,bbfef87511587b1ad8679575f89183cba9982604,juliastats_lasso.jl
275,bcf1b43ae217cf99d2fb024e521cefa6ff1a327f,juliastats_lasso.jl
276,be16383b31af4a5ddc5ba4c9d923fb1624645f71,juliastats_lasso.jl
277,be35d08b5e432209efd1d70e72200718459952c6,juliastats_lasso.jl
278,beb13b4732d29620091ba3499059b6a9face1a28,juliastats_lasso.jl
279,bf9936f285a036e8961e13b36af50f3dce4e9f12,juliastats_lasso.jl
280,bfad5a032bb5b97aa7e9e4c48d7bca0ac31c35cc,juliastats_lasso.jl
281,c028fd7b126f1489c9c40573c36a9436c3ebfc0b,juliastats_lasso.jl
282,c061a34d2291732d945e4b5f3ad0e851a0ce03ff,juliastats_lasso.jl
283,c162e881af5f576c3b6133cf4f5da5ee4153938f,juliastats_lasso.jl
284,c1ceb417c9bc8c5c2063024ff8442615385026f4,juliastats_lasso.jl
285,c2ce3a02eda311ebd7d0d0932d65710c06ef7f4c,juliastats_lasso.jl
286,c2e180f8131abaae08ea0319b9142d4a071a6986,juliastats_lasso.jl
287,c32c7275b854ae9701486a3a447cf7369f5eea6f,juliastats_lasso.jl
288,c395266655e34fb34abe10822c18b420f893a2f9,juliastats_lasso.jl
289,c43f8df84b92b9987a9f00766d0320f4dad91373,juliastats_lasso.jl
290,c5bcc34d31cd2772f0166417de0e277ea219b8c2,juliastats_lasso.jl
291,c619453aaa91c2c98ab636ba0681e105df85e79f,juliastats_lasso.jl
292,c66a734ed98cd9aff8d7793221b5f0602f89e8fd,juliastats_lasso.jl
293,c7bc035293179a150031a26197c51ec0fd5cf3ed,juliastats_lasso.jl
294,c82ccf8342d1bf95f8866a540d07e6b7b7101e73,juliastats_lasso.jl
295,c836b618fd17078eebe68b9e7e5054ced60a2737,juliastats_lasso.jl
296,c87f790fa4b022dff574981cad092c52f7fa698b,juliastats_lasso.jl
297,c9b2af4b75c9d66087587efab57dd3d9048092d7,juliastats_lasso.jl
298,cc2353615c8f2428bda7b28b5db7857321090515,juliastats_lasso.jl
299,cc502b03f80c5213bc881ccd5c3a4edb784bdf36,juliastats_lasso.jl
300,cd5354d6b09357a679399c75d3d27bc6248b0c3f,juliastats_lasso.jl
301,cf73167ec66c4cf5ea1430d544a92b77a7440324,juliastats_lasso.jl
302,cfaa3ea6da862fcb30396ec8113591944c787beb,juliastats_lasso.jl
303,d096abe4c5dfd85946af84fdd8c11ae10b4022ff,juliastats_lasso.jl
304,d0a1fb39226c406c5f894d4ec214ab19c85094bf,juliastats_lasso.jl
305,d0e939f44e01e23fcb6ca4fcd53cc20d22b97bd8,juliastats_lasso.jl
306,d200d879adf73ac2c01bb4a155aefe6b848e91ea,juliastats_lasso.jl
307,d3c02c5ebd6b285d607db67f14b15edfe1e7b85d,juliastats_lasso.jl
308,d423965aa285cb3ba337c5ae09a74513bb89cc64,juliastats_lasso.jl
309,d4abc56e614e29a57179c2565ebf10c9b12efaa8,juliastats_lasso.jl
310,d56df674f44d95bc2194a37607535663034d955e,juliastats_lasso.jl
311,d5e8af048c5e63d41ce38c12cfc3b4d06a6c2437,juliastats_lasso.jl
312,d6451522db1295123cae507772eacf4079e4a013,juliastats_lasso.jl
313,d6f4e84ebd0d2cefb6e30ea06c89ee1b2ace662d,juliastats_lasso.jl
314,d7c4e5bd535b247b5b1db653ff53197049ae154d,juliastats_lasso.jl
315,d828756a8fb19483b34b34c37bc8617dafeb9d68,juliastats_lasso.jl
316,d8f6985b40963f5cf7b66ad59f7cc58a2fc84172,juliastats_lasso.jl
317,d948615788cbacac554c7850ce0f7bb4875ce3e9,juliastats_lasso.jl
318,daf50f5c12497283b38d120b56666be5eb7cf496,juliastats_lasso.jl
319,dafed51cbd68f530c9516a80d6ba05ef5cefccf5,juliastats_lasso.jl
320,db5f892ef33ef541f6e24964ca64736d28de5524,juliastats_lasso.jl
321,dc36da978233972689420fbd59d6b308f5e95e05,juliastats_lasso.jl
322,dd8419f400c59c06c39c3fffc4d6ce7fe42e26e8,juliastats_lasso.jl
323,dd93814aa7957d4ff39ff1e1fee1c840835c5854,juliastats_lasso.jl
324,dd97d6f5dcc45a73497f60282eac6a393ee4a682,juliastats_lasso.jl
325,e08ee31317eff62d1f5e1eb562b25a1a67a4db0e,juliastats_lasso.jl
326,e097e8f33321d750ccf3b75ce82fbdb846c958f0,juliastats_lasso.jl
327,e20a4b7d3bb3af85db5dd9e27f1afc61ffac2550,juliastats_lasso.jl
328,e2c4163e09efcb1fc84bda40f0f9c8487679d092,juliastats_lasso.jl
329,e3896ac068e47f08aa36eec1a512438ebb4dd675,juliastats_lasso.jl
330,e3bcaf16f22b2f5f4ccd529b134e4551290132dd,juliastats_lasso.jl
331,e3c909a064ced058eb18c38fdb9853bca8794356,juliastats_lasso.jl
332,e450e57b5a1656e87eec96806843a34526313cdc,juliastats_lasso.jl
333,e4a9bf4e5b8620c241035e3ae652119cbf277ec3,juliastats_lasso.jl
334,e536636eaf0c98023f90bd2663dbcad84e7eff78,juliastats_lasso.jl
335,e6a1949e36555b177e0951e48353708d7179afb9,juliastats_lasso.jl
336,e75f4442fe012a953d0850f8f0c261c3709e097f,juliastats_lasso.jl
337,e7970370e3f1296d5c319d9e771c341fe12a1810,juliastats_lasso.jl
338,e79d9fead6dbc0ac1765008cf07bbba867ad108a,juliastats_lasso.jl
339,e7a74d2affdfd364ec54d7ff900ef26ed5224b63,juliastats_lasso.jl
340,e7ae3124bae188e1e51f6c7e0fb13358628f77c2,juliastats_lasso.jl
341,e8e54d924bc3e6293a640902e47c8c69cd0dfcee,juliastats_lasso.jl
342,e8fead27bfa33c363b95801b4ede0f1e74a2c39d,juliastats_lasso.jl
343,e9047ddde71d4e5bc53326f1aea1110ccb092aa6,juliastats_lasso.jl
344,ea7415134a69c085d4c9315a4b8111b172cd5c0a,juliastats_lasso.jl
345,edd1360efead133289902dab46eed86e497d490c,juliastats_lasso.jl
346,ef2f0d556ce79c8684c5a81bccd01ad68cf12b7a,juliastats_lasso.jl
347,ef9608674d4fd7dca1fb8b24e1502ded4156754d,juliastats_lasso.jl
348,efe6e4274c3064ea382e4c06d19be1dc7499ab18,juliastats_lasso.jl
349,f0089bf9db73fea4307e74eb845e34f78d34d1f0,juliastats_lasso.jl
350,f0c2bc58f406cf9e8101b0cf5f2a85b9b727773d,juliastats_lasso.jl
351,f0eec2daecdd7fe64b466b3ebd84e50d5c309203,juliastats_lasso.jl
352,f1e24c99ac958485c5ef6bb5191f8256ac6efa18,juliastats_lasso.jl
353,f2798e359f73d0240e8f1d32e48b25ac2cc76383,juliastats_lasso.jl
354,f2abe20c6468936cd3ef41279c3b59ec1cc9b0ee,juliastats_lasso.jl
355,f3a521b5740a2bc30f5b1fab7dba2fb163c36c50,juliastats_lasso.jl
356,f41ec707d58e77035c8c79ea74eac823c5f8558c,juliastats_lasso.jl
357,f457e80f4e6e6f3ff4943e93c8e95a6a2af66429,juliastats_lasso.jl
358,f4a3923e183899c5b5faf741aac90da2f13270f1,juliastats_lasso.jl
359,f597e90063377b96177c2963c4f86daf3d1f4cea,juliastats_lasso.jl
360,f5a594766978e7770e4daafe89e3b2de893ba9cb,juliastats_lasso.jl
361,f67b45b94e34634d859b576c4f15ec59dd16e1fd,juliastats_lasso.jl
362,f69baac04d43b19a98a174d88e3c9d42fcda45f8,juliastats_lasso.jl
363,f6e816befe430a98869cf1dce5bb151101ca00d8,juliastats_lasso.jl
364,f7ba0bff24be29e555c59a4028589c6376949384,juliastats_lasso.jl
365,f856c1be761e6aa081ffac48e8e049e89fa3d302,juliastats_lasso.jl
366,f8c8c056e7542af655bf3bf61f2a4b3da59ea6c7,juliastats_lasso.jl
367,f9585960c0494b5f8d77d8bcdcabf9ca0e8f6d75,juliastats_lasso.jl
368,f9f008f64c55cd915818f03cd760d0252f20d9b4,juliastats_lasso.jl
369,fa4b60e95a1b3f7196a5c90a9b15f067a392a2b9,juliastats_lasso.jl
370,fb43ec3f8f6adb29eb7362b02f0ac691f67aca63,juliastats_lasso.jl
371,fc6f477cdca52dcf6751ed67db6c0f3952be7e9b,juliastats_lasso.jl
372,fdcecf236b8c83561afc7c95f271d2daa0c15ca7,juliastats_lasso.jl
373,ff781131d680d4919232f14ce5bf26b113b2cd0b,juliastats_lasso.jl
0,000804e37c88b38b0e8790d1d8afe7d4a1cd6d73,dcc-lab_pyhardwarelibrary
1,003f5e7ac0a02353fba823aa13454fbca23c80c8,dcc-lab_pyhardwarelibrary
2,00550289f6b7a2f0c7e982fffac276286df1059f,dcc-lab_pyhardwarelibrary
3,0069e27f6e04053320570e6682165183733914dd,dcc-lab_pyhardwarelibrary
4,00fdf59b7611bd20c92806a5ef411c72f68f4f76,dcc-lab_pyhardwarelibrary
5,0136d9f1a626a2f46869bd9872ad045803ab919e,dcc-lab_pyhardwarelibrary
6,014af41b4e8fb51c55c05931a24491231296d451,dcc-lab_pyhardwarelibrary
7,0289d7f80b677c7be77a3e42c1d00fc75190c9e4,dcc-lab_pyhardwarelibrary
8,028c9b899a404872076445da198741a62d684fe9,dcc-lab_pyhardwarelibrary
9,02bef5342a271c2e07ffe54dca5393c3237ae2d0,dcc-lab_pyhardwarelibrary
10,03aba26d2bb47479fbeb6f5618ed597b58637608,dcc-lab_pyhardwarelibrary
11,0450316776ad89db05fb6955ebbb11ad6dd46b06,dcc-lab_pyhardwarelibrary
12,04ea645fabbbc2e759475e54ada86eefd109246b,dcc-lab_pyhardwarelibrary
13,058c82c6bf9e8085240c9c98c084a9eb792b09a5,dcc-lab_pyhardwarelibrary
14,05ad2fb950366db22d9b746b7e4de3dbbb24299e,dcc-lab_pyhardwarelibrary
15,06448c902cca71b37f0398d9515f7184109c049d,dcc-lab_pyhardwarelibrary
16,066d496f3de721b21c740fbe45ce477d78870717,dcc-lab_pyhardwarelibrary
17,0748384c156ec059578c9300feb71f470d018195,dcc-lab_pyhardwarelibrary
18,0762e3f31b60749f7bb1f5852625a89c7d63de94,dcc-lab_pyhardwarelibrary
19,07a2b785e96c4c04ea66d5e5a0fd2a5bd4d2c83f,dcc-lab_pyhardwarelibrary
20,07ecb03714269e40a9df681614cac36d865e87d0,dcc-lab_pyhardwarelibrary
21,0841c96be0c936037b529d4b126768dd67ebfa16,dcc-lab_pyhardwarelibrary
22,08c51d0cd1889eb2d7a162afd055f395b96e9396,dcc-lab_pyhardwarelibrary
23,08c5acd7faa1b4a161e7a36b44fec7f83604f4d7,dcc-lab_pyhardwarelibrary
24,08c9db013456aa0208914b11ff517592e814cbd6,dcc-lab_pyhardwarelibrary
25,09351dee76bb04e5ca0cb081bf09db0483d47eed,dcc-lab_pyhardwarelibrary
26,0935e1340740548da9f2233bc04b7a820e3f13d1,dcc-lab_pyhardwarelibrary
27,098e33a0d70636210447cc535160235032e56d72,dcc-lab_pyhardwarelibrary
28,0a4fd2491abec021e2ec49d4bdf9ef06cc9ef852,dcc-lab_pyhardwarelibrary
29,0a6ad9408bf9a04fe29848abcd04dcfca665e0f3,dcc-lab_pyhardwarelibrary
30,0a863c6cce7a885451a78e3bad7fa7e1f73c8b0d,dcc-lab_pyhardwarelibrary
31,0ad7da80c9e2871e716c7fddfd9e09871410a78f,dcc-lab_pyhardwarelibrary
32,0b367fe19f4bbab068d1b131f9b332b3070103ee,dcc-lab_pyhardwarelibrary
33,0b3bb92c24929f421e7d80f1adc58cec53da5f6f,dcc-lab_pyhardwarelibrary
34,0b5314678ef2b54e845b574b2c0f38d4e07779c5,dcc-lab_pyhardwarelibrary
35,0bab240f7f2dd28dcd4b14e61e2b7f358b825c75,dcc-lab_pyhardwarelibrary
36,0baeb3dcd9e0135351325992608da05b386ab8e1,dcc-lab_pyhardwarelibrary
37,0bbd46e7264e7dfc8e8d15eefd70b0c32051cbfc,dcc-lab_pyhardwarelibrary
38,0bbebbac6753d29049d467092be550c6f9b27916,dcc-lab_pyhardwarelibrary
39,0d6c0af9178e10a115349f2de64815eb0f0349dd,dcc-lab_pyhardwarelibrary
40,0d8951df49d88eb23cb0877b58254c8e68ac29e7,dcc-lab_pyhardwarelibrary
41,0dbd76b9a1fb64891076280fca5610c1a26b9081,dcc-lab_pyhardwarelibrary
42,0e0b85b9a7abf5bbdf9d7a5d6629e0ef3026ec35,dcc-lab_pyhardwarelibrary
43,0e5b52ddf9f1270406ee6884e1ae6ab4141eefd5,dcc-lab_pyhardwarelibrary
44,0eaa77bff3a29ff496cfab774cdeb68fcafd7d0a,dcc-lab_pyhardwarelibrary
45,0eecdd2859c24b37c50ec610b9fedc693d680f86,dcc-lab_pyhardwarelibrary
46,0f1be8142b6dca2457e2bdb9afcca14f86f704d2,dcc-lab_pyhardwarelibrary
47,0f20293609bfdce77284a4e389ac1c91333deca0,dcc-lab_pyhardwarelibrary
48,0f4fe033abaee2c4e8af6a3cdbd7743bba46e17c,dcc-lab_pyhardwarelibrary
49,0f9d4ccf10c2b8b9ddeb1cd48f934c6f3c8f1fd7,dcc-lab_pyhardwarelibrary
50,0fe515b6ec15705f226f0ddc2e015108dd018d50,dcc-lab_pyhardwarelibrary
51,1030deb9d88a2059572e412132352ebf4ccad9f2,dcc-lab_pyhardwarelibrary
52,104040f4c2cd42d18f3c99714b7598a3f6b5dbe4,dcc-lab_pyhardwarelibrary
53,10d0f8adaad707f516765f5da2d9836b6f6bc904,dcc-lab_pyhardwarelibrary
54,110e7683815dbac4fb1b1e290b88877afadca89f,dcc-lab_pyhardwarelibrary
55,11199a5b1d62bedc0b8903611623523952e387ee,dcc-lab_pyhardwarelibrary
56,1175b53206410be9b8d453c5d241926911287749,dcc-lab_pyhardwarelibrary
57,122ea4981ec1293b40f1d368b548d676a353b6e1,dcc-lab_pyhardwarelibrary
58,1251e12b35fa65a674a8d742d2fb997c2a76e303,dcc-lab_pyhardwarelibrary
59,12a8d432a450e2a04cdf51e66576ae37c233a9ba,dcc-lab_pyhardwarelibrary
60,133c43c875bdadb12c313fc2bbe3403e1c01e87a,dcc-lab_pyhardwarelibrary
61,13691159d231c1b54476c43d22139c59f09ac285,dcc-lab_pyhardwarelibrary
62,13915b0333a8099953f6163c998e3ca21513db37,dcc-lab_pyhardwarelibrary
63,143d13d3170dfceba6184b1412e64c72eeca73c3,dcc-lab_pyhardwarelibrary
64,14973aac70eb4517182856b6c7f62a97af3ab928,dcc-lab_pyhardwarelibrary
65,14e1a05e208bb04e4d855c35bea41e26102a26fe,dcc-lab_pyhardwarelibrary
66,14e2d64c9def5a50aa54424226250aefd0b9ae3d,dcc-lab_pyhardwarelibrary
67,1513252370a7dca4c73b460eed129c653a78cd81,dcc-lab_pyhardwarelibrary
68,1518a3331979be5f58bb904034713334e580eb83,dcc-lab_pyhardwarelibrary
69,15849c648262bc8abd8275915255e83c1db4ef6f,dcc-lab_pyhardwarelibrary
70,162af8b2ff81acef966171453738ae8d1dc64434,dcc-lab_pyhardwarelibrary
71,16631f3082f99d5a711f7e2eaea226eb57cc32a4,dcc-lab_pyhardwarelibrary
72,1716181cf5dd455edb3564bd031db307d5099a7f,dcc-lab_pyhardwarelibrary
73,1735bebeb24d3cb65366fef757d0ff413633e35d,dcc-lab_pyhardwarelibrary
74,177da4bc3bfd678759d598954ac2687be55f528a,dcc-lab_pyhardwarelibrary
75,17a7422f8656042af13f6a9e07fec9fa0fc10fb6,dcc-lab_pyhardwarelibrary
76,17e6ddc2f16d7fbe4e6f9c3951ee17794fd3686c,dcc-lab_pyhardwarelibrary
77,189e26fa20ea572c66b623886493f70fd8f1523c,dcc-lab_pyhardwarelibrary
78,18bb923580a322e959a99ccffb031956c55df0e8,dcc-lab_pyhardwarelibrary
79,19b2baa2ce932106372cf4f2bd5bb62db3c70fc8,dcc-lab_pyhardwarelibrary
80,1a27925029be9ff0bea7e6632f44a352a47b4298,dcc-lab_pyhardwarelibrary
81,1a2ea506764af759ad8f3d197173c4ffeee30ef0,dcc-lab_pyhardwarelibrary
82,1a8fe7c99fa46cc3bc5d25b7bcc1d128bef05d2c,dcc-lab_pyhardwarelibrary
83,1a95c92ee62140ed144e608a8005db9eeb87a5bd,dcc-lab_pyhardwarelibrary
84,1b4db9dd8b3459a691d3a9aa26007e96c6786b99,dcc-lab_pyhardwarelibrary
85,1b79305d638cb07d4f3e549534afe02040c50380,dcc-lab_pyhardwarelibrary
86,1bb8d60edbce115b0bff30cd6898f758d4c2f8a9,dcc-lab_pyhardwarelibrary
87,1be8ecfd19745221ad9131984dedf3d35ae2df45,dcc-lab_pyhardwarelibrary
88,1bf105c79f421d5e9679a61a943115ef248154f3,dcc-lab_pyhardwarelibrary
89,1c3a275f2ea3e92bd5048d0c808679455e4156dc,dcc-lab_pyhardwarelibrary
90,1c3c2f3465ed75ea067a31fbabfa19eeec8d3ce5,dcc-lab_pyhardwarelibrary
91,1c7b5b7bcc6d3329600f9a5492f14110a8e4fa32,dcc-lab_pyhardwarelibrary
92,1c898c4677538b102e3ed138ba555b9239ab6f61,dcc-lab_pyhardwarelibrary
93,1cd60308b99953b72998174aec926109854c4208,dcc-lab_pyhardwarelibrary
94,1f53f9dc5dc0cb48e3dc7e424dbcf81788bb3257,dcc-lab_pyhardwarelibrary
95,1fec113fc8f0c7a5c219db83ee09fe8e5d575eab,dcc-lab_pyhardwarelibrary
96,1ff7d0c693fec1c06d9c90101faca09d106a0539,dcc-lab_pyhardwarelibrary
97,202091b2614d1255b614fc293cea24172d6a8704,dcc-lab_pyhardwarelibrary
98,203d8635047f9a9b0491ee3e5cf29707a47da400,dcc-lab_pyhardwarelibrary
99,2087c4baf12c67ac173da1f28f87232d82c7c4ee,dcc-lab_pyhardwarelibrary
100,20d7d242fd499fc8c197962a4458855ad73f92c4,dcc-lab_pyhardwarelibrary
101,2114e356abcaaff3ca6bbc0976f8633743068085,dcc-lab_pyhardwarelibrary
102,229da66ed5bcafdbcb04dafbf6fd142cec62a6c1,dcc-lab_pyhardwarelibrary
103,22a70818980a82b80a13a974ec6ffc2ad9e4d431,dcc-lab_pyhardwarelibrary
104,23368d0dbdb773bd91a622c2eea014bcf092e7ef,dcc-lab_pyhardwarelibrary
105,23ec4d6cd3f3d6fc5db8f8566f1822e2a7a46f02,dcc-lab_pyhardwarelibrary
106,242918a6ca7fdc6e606f6105844302eaac0cedc0,dcc-lab_pyhardwarelibrary
107,24726cdc4faf7f4cfd46be55b1b3251baebadabe,dcc-lab_pyhardwarelibrary
108,24760a3daaa0038de6cff1472985e08560258004,dcc-lab_pyhardwarelibrary
109,249068148385b12c3f53548e8d3851199b7f1eb8,dcc-lab_pyhardwarelibrary
110,2492f9fdf09de67561c5fbf2ad2f4f1b56f93d67,dcc-lab_pyhardwarelibrary
111,24b4488a288601abb41fc59121cc71398d171e26,dcc-lab_pyhardwarelibrary
112,24bb9d1a134e9644ec8aa5b0545d16351cbc1766,dcc-lab_pyhardwarelibrary
113,24f6e423bdcb2820bfc567b3372606b931a23b60,dcc-lab_pyhardwarelibrary
114,25021b0b705e3063271dbc64f383a73179cb04c1,dcc-lab_pyhardwarelibrary
115,250456338bc5ffa3fc155594509d36e0abd6d14f,dcc-lab_pyhardwarelibrary
116,252cc76e4ea4928c6dd283e781a2bbbb8fd492a5,dcc-lab_pyhardwarelibrary
117,255ee0d0b989af7d64e1f33eb8e38951c8d42662,dcc-lab_pyhardwarelibrary
118,25650160c1f439b075236f51e917d50504641d94,dcc-lab_pyhardwarelibrary
119,25a8262bd3907b930728f0e7ebd5ba3a1afc04f1,dcc-lab_pyhardwarelibrary
120,262bc9a31894a8d629319afd198501667fdecc9b,dcc-lab_pyhardwarelibrary
121,26df4707226f4f9b885fc5908e79bd3d85e5b63e,dcc-lab_pyhardwarelibrary
122,26fcd6910adf26b561daa217895ae4ba3394cf79,dcc-lab_pyhardwarelibrary
123,281982859faecd6162329ef9790ffff9b7454270,dcc-lab_pyhardwarelibrary
124,282b3511defb39262dfa48ae12d424e0caebb056,dcc-lab_pyhardwarelibrary
125,2907fb3553d801527239389549fe588a2b9dc4a8,dcc-lab_pyhardwarelibrary
126,2916e3445a68bf6df0693dea2327d61c270f6e71,dcc-lab_pyhardwarelibrary
127,29197bbf73233e61bb96cbd5d0256ddd08c36227,dcc-lab_pyhardwarelibrary
128,291b8ef0471fef4c4ac28902a41e7704f843827b,dcc-lab_pyhardwarelibrary
129,297ab6964264cdd47aee85bf6b24cf409f7b2d20,dcc-lab_pyhardwarelibrary
130,298c1ea81ba1f8cdb838aaaa1454a5c40404bd4a,dcc-lab_pyhardwarelibrary
131,29b5e84ccf64e1c15f02aaeae55f334406e58f98,dcc-lab_pyhardwarelibrary
132,29bd1a5988cfbf4acef7d3dfbb3bc6bea267b8a3,dcc-lab_pyhardwarelibrary
133,2a31c4173aee6c2b328a7095b25b34fd3ccd72b4,dcc-lab_pyhardwarelibrary
134,2acc40f4b4e774a827e9d6c2903d81df80cf57bc,dcc-lab_pyhardwarelibrary
135,2af6ff069a7bda619038aa280d53daef62de13ca,dcc-lab_pyhardwarelibrary
136,2b518e4ebf4a9bbb9ef7b7ec2fdb7924c99d5dfe,dcc-lab_pyhardwarelibrary
137,2b612ea86e0f4382b2f1d1e44090c1df85dd2527,dcc-lab_pyhardwarelibrary
138,2bd15c8960d9ff5d32fc688eedb989f5fb16ad26,dcc-lab_pyhardwarelibrary
139,2cc020ecb5e9086fe758ea4c97259ae73e2c1e8f,dcc-lab_pyhardwarelibrary
140,2d8e71b687d89dc1cecb2fef7e43b46f0597718d,dcc-lab_pyhardwarelibrary
141,2d9b9189145fb5e799e29eebf05e14fcf3d20c2b,dcc-lab_pyhardwarelibrary
142,2dbc34827f5b486c8c2ea2281d0edd773578bf77,dcc-lab_pyhardwarelibrary
143,2f6a2730c4b9a441eea0c8658532900eb566397b,dcc-lab_pyhardwarelibrary
144,2f9bf5114712de181114b2281a9470cc66dcd108,dcc-lab_pyhardwarelibrary
145,2fa3d7e14be3c344511ac431d0eb58fd55400dbe,dcc-lab_pyhardwarelibrary
146,302cac0a2eb3c72c4d127b4cc09ded437964381f,dcc-lab_pyhardwarelibrary
147,304084e52741fe56d9de6ba69f60939c96824ce3,dcc-lab_pyhardwarelibrary
148,321aaf3e4580e8f17147984c9c7b16a4a33f053c,dcc-lab_pyhardwarelibrary
149,3270a73c51fda0435c46a65d129b1a91eef881fa,dcc-lab_pyhardwarelibrary
150,3374c5502526a4c4a1ed9c181dc7d4ed41353236,dcc-lab_pyhardwarelibrary
151,33dd256b6fc508780d109ce93b639f04f5b37553,dcc-lab_pyhardwarelibrary
152,33ec02a24c2d2a23a72e19022f5e01c3e771b8a5,dcc-lab_pyhardwarelibrary
153,343bf1a191941cc7c3b433f7addccefb4e3af892,dcc-lab_pyhardwarelibrary
154,34a75ea8f30b47d13188220ee10208d6ef50a3d8,dcc-lab_pyhardwarelibrary
155,34ce1a0edc88987475b05c473b593080105e029f,dcc-lab_pyhardwarelibrary
156,350abac5659f3d2dd3d8fba93da30ddac5d3dcd9,dcc-lab_pyhardwarelibrary
157,356e223041faf7f7dcae5f6528aa8c6dbee47fc6,dcc-lab_pyhardwarelibrary
158,3593b0cc158b496c6906b18c461d6257e3f0d6fd,dcc-lab_pyhardwarelibrary
159,3595e13e082fed5e0575d64c29a50353b06db990,dcc-lab_pyhardwarelibrary
160,3623fc35f26b8807dfded397e37248c52d02a0b2,dcc-lab_pyhardwarelibrary
161,3638751be2b7c754c7333cdd38ef62e25b888416,dcc-lab_pyhardwarelibrary
162,365dcecc9d3a2cb06eaa32ed6c62a968d0b3c375,dcc-lab_pyhardwarelibrary
163,36f834dfb1ad514b15c37d320f32010cd2ea709f,dcc-lab_pyhardwarelibrary
164,37d65caa8baa7613861f2bfaa69f24f15ec929b0,dcc-lab_pyhardwarelibrary
165,381a1d6f6ef6471fd4d744d742aa98c819752dae,dcc-lab_pyhardwarelibrary
166,382f49847cca685b3cd4021d532c1531fe0757ff,dcc-lab_pyhardwarelibrary
167,39379c180f3380ecc00985a629ecb31a08321163,dcc-lab_pyhardwarelibrary
168,3a347efff1334ca6db380b9a7016e9d72a935a29,dcc-lab_pyhardwarelibrary
169,3aa3c23e4d62a4e26470305b2c421322f5056a4f,dcc-lab_pyhardwarelibrary
170,3b365f1f63bf961d8bfb99d8ab052a0e9127664f,dcc-lab_pyhardwarelibrary
171,3bee8d11f76b54913df668395d8eab53c2dbb295,dcc-lab_pyhardwarelibrary
172,3c515e705664dea6c7b6752335fa873446a3033e,dcc-lab_pyhardwarelibrary
173,3c62202fec9ffa5a566c932eef8e6cac061e8680,dcc-lab_pyhardwarelibrary
174,3c6a45b51b7017e9ce50ecc2ee2bb9defb4941d9,dcc-lab_pyhardwarelibrary
175,3c923b3153d2d05c2872918922b7375a22d1ab46,dcc-lab_pyhardwarelibrary
176,3cf13ee73a3e7feeda91df91bf98858b2d91cc32,dcc-lab_pyhardwarelibrary
177,3d52c5b4e4eb9b3f03b05afff3d0afca1f9a4f56,dcc-lab_pyhardwarelibrary
178,3e5590ed8b5c8aca564f1308080c1f3db0fdd249,dcc-lab_pyhardwarelibrary
179,3ea8da3cd82f6e144c112f079292843117813c41,dcc-lab_pyhardwarelibrary
180,3eb9ab2702267194cdf2c0a519c9c938e2dc2b2f,dcc-lab_pyhardwarelibrary
181,3f252634c8c83daa058330f47bba13db4e27ff16,dcc-lab_pyhardwarelibrary
182,3f4dcadf0d0e7aa204c95d833bc66991ad32dea6,dcc-lab_pyhardwarelibrary
183,3f682a07fcb1ee589dc46ab45635afc3dd214f2d,dcc-lab_pyhardwarelibrary
184,3fd4465e1f234e24be81601328bdb61f360cf838,dcc-lab_pyhardwarelibrary
185,407488370e1f87bb384e1fc5f3d4e51f6aa1fb80,dcc-lab_pyhardwarelibrary
186,408b33ed6ddd5e972cf5e30a5bf06e3d542afc1e,dcc-lab_pyhardwarelibrary
187,4193733c6f9decc83955ddcada11266dad1cc6b2,dcc-lab_pyhardwarelibrary
188,41aca532a3512a27ebda00ded0b59d34522e9649,dcc-lab_pyhardwarelibrary
189,422d0842ff396c5801ea752a1f9ba0a771d994a7,dcc-lab_pyhardwarelibrary
190,42322965dc4f892aad09a4ddc73036d50141ea86,dcc-lab_pyhardwarelibrary
191,423a3914051fdaaff26976cf8cfcde768b5ae13d,dcc-lab_pyhardwarelibrary
192,425281400ebf42165e1f6f4b3ef521f7dd68e562,dcc-lab_pyhardwarelibrary
193,42940e2b40044f95289c82728ce81d744f156829,dcc-lab_pyhardwarelibrary
194,42a4fcec6e9de024c131ed313d9b30642c1851cf,dcc-lab_pyhardwarelibrary
195,42ab33063e2f0dd375a5b1612aa4ef6d9d1a0fed,dcc-lab_pyhardwarelibrary
196,42e0110702a5f9f34fbb2fc48e5efe2189a2b25f,dcc-lab_pyhardwarelibrary
197,42e65f1b95e50103e412dd2fad2955beb6c4a052,dcc-lab_pyhardwarelibrary
198,431b9da326ed9422eaba51db12895c17ccc61e8d,dcc-lab_pyhardwarelibrary
199,43c24f08f45002d7022877e8225f74e149185ca0,dcc-lab_pyhardwarelibrary
200,43d88c6355023fb8185b625e10e6ee2ba1c159bc,dcc-lab_pyhardwarelibrary
201,43f7ac882b998064cfdf68842dc14a20680781af,dcc-lab_pyhardwarelibrary
202,449e34d50f25f62a7c89ae4ad065a04bb3630689,dcc-lab_pyhardwarelibrary
203,455fa11a5fb2b14cdde22519958b3cae7ee6a8f9,dcc-lab_pyhardwarelibrary
204,45f81c2853baa8b55baeafbff0e40dd4285c2b5c,dcc-lab_pyhardwarelibrary
205,461e12210bea0e3a9ce490fa60d0adf733c83f54,dcc-lab_pyhardwarelibrary
206,4674023b4f36231482c4cd781acc879db56587ac,dcc-lab_pyhardwarelibrary
207,4744a25d45f37dfbece0d778ca0aa730aed599a6,dcc-lab_pyhardwarelibrary
208,477522c6a7eacec3c686eb2cf3de643906679b7a,dcc-lab_pyhardwarelibrary
209,47813afc0c62a6a067bfd3ce454df87cc072a89e,dcc-lab_pyhardwarelibrary
210,47915cb6a392381977241bd3f6f6234b4020c538,dcc-lab_pyhardwarelibrary
211,47afbdf2bec7bf705507026ffed5e0fc78caa5fc,dcc-lab_pyhardwarelibrary
212,47e38cca3d327538fb67a206a41f44dca4fb99af,dcc-lab_pyhardwarelibrary
213,47f19ddfc9909f6283fb243b4b95b150db67d327,dcc-lab_pyhardwarelibrary
214,4826471707d4b4be5488dac3046728212568adc7,dcc-lab_pyhardwarelibrary
215,4843b6819e7fede3ad70431e8583d7e31fc1278f,dcc-lab_pyhardwarelibrary
216,48c956b9d20ed9396af96c568e81c42e55cd496b,dcc-lab_pyhardwarelibrary
217,4916f171f515d54add5dcb830b5b099c59ce96c9,dcc-lab_pyhardwarelibrary
218,491be3f1454b57e270079b10c27f942d2da4ab62,dcc-lab_pyhardwarelibrary
219,492726c04b3b6434495964de658e02c7c33f8a7f,dcc-lab_pyhardwarelibrary
220,493ca94946fdd2884e22d6d725e2b7e9dbb79296,dcc-lab_pyhardwarelibrary
221,49d0b838ccc1cfddb56e5200b5eacef915598feb,dcc-lab_pyhardwarelibrary
222,4b834d9da7258da7bfc436eb6e077b9defee8a9b,dcc-lab_pyhardwarelibrary
223,4b9f388a1ddd5dc5260671c25ef87638fa3e9891,dcc-lab_pyhardwarelibrary
224,4be8db1beb44b0428fcaf1f4b89cc16b9b09bfd1,dcc-lab_pyhardwarelibrary
225,4c27f8be83eb4b83ffa5f7c9c80ebe996da578fb,dcc-lab_pyhardwarelibrary
226,4c2fa6c915ec2d3f5e9f9b9eff0b26f5f0d1a87a,dcc-lab_pyhardwarelibrary
227,4c3a6caa9b508f52cf16f2bf2b3c7cd216dd3f0c,dcc-lab_pyhardwarelibrary
228,4c4595f5ed97f35a3236e0087f4f63061118e043,dcc-lab_pyhardwarelibrary
229,4ce51a3f997b1e2fead470c0436749c3aef8da5c,dcc-lab_pyhardwarelibrary
230,4ceacf624a56007f5b49b5f778cf7e1d2e08e9b3,dcc-lab_pyhardwarelibrary
231,4d31350ff1bf02111dcf01ac54e6fc9b06e809aa,dcc-lab_pyhardwarelibrary
232,4d356f1b36a36f357701ef493a09d0b79a7ea78e,dcc-lab_pyhardwarelibrary
233,4d3a6a90ec2b1abe69127fd9bde5d42f06bf0ea9,dcc-lab_pyhardwarelibrary
234,4db5ed468c573ea1862d22136c25f96f89e0e1a8,dcc-lab_pyhardwarelibrary
235,4ef019de128e96e922c50ca647ea46d6a4dc43f0,dcc-lab_pyhardwarelibrary
236,4f0cad3c87d2f4dc1e7e1fc63b8c749e09c40162,dcc-lab_pyhardwarelibrary
237,4f3bb00bae6096b3ba3df756fd1fc43be9c435d1,dcc-lab_pyhardwarelibrary
238,4fbab2d3ca73a25a5807252ceb85083079095d6d,dcc-lab_pyhardwarelibrary
239,50098a842980b2719a9748c25298070751a8dc75,dcc-lab_pyhardwarelibrary
240,503ed5d770ac005b5c99979e65f6bf786615d7e4,dcc-lab_pyhardwarelibrary
241,50811a7373f85df878938f6e4e91193a31c6e613,dcc-lab_pyhardwarelibrary
242,510b7fac84b992d087d754162370ec369f8970c2,dcc-lab_pyhardwarelibrary
243,515721f5c5d87bbf5502c30c4c9b487cc69184e5,dcc-lab_pyhardwarelibrary
244,51b2a2d7d550220865e43e376ba6e268e4aed178,dcc-lab_pyhardwarelibrary
245,52401813f7cc26a1a60912ea39a92a8a5b0449b4,dcc-lab_pyhardwarelibrary
246,530126827599da16ca9aee45638aa6895c250173,dcc-lab_pyhardwarelibrary
247,5314767b97500734187ba6e22814d69038e0740c,dcc-lab_pyhardwarelibrary
248,5368a8ce6c91f761a0a24b5d1065c4a204d77a16,dcc-lab_pyhardwarelibrary
249,537941e7e3e0fe05b7c672f7fe685f5ad62e566f,dcc-lab_pyhardwarelibrary
250,5438852d4689de3f69aae070affbb192afb485cb,dcc-lab_pyhardwarelibrary
251,54aebaef44846430e3803e144379e4301c18ecf2,dcc-lab_pyhardwarelibrary
252,54ee0c656af0bf6f9c35c487c94caf27800ac224,dcc-lab_pyhardwarelibrary
253,550d0bdb5b32afc3bb3dce64e4924e6f6a249268,dcc-lab_pyhardwarelibrary
254,5546be15764548221856f207fa779fc076cb8325,dcc-lab_pyhardwarelibrary
255,557aedb4c6ffe9f8070eb8421d25a0c57a20f18c,dcc-lab_pyhardwarelibrary
256,559dda80959d0fe646bb8d61ed3f1ea301e47c49,dcc-lab_pyhardwarelibrary
257,55a6c56b25c6abe4145dd4f21f7d2be04cb9497e,dcc-lab_pyhardwarelibrary
258,5621380e90afdf6072cb7266aeb98535c3aeff04,dcc-lab_pyhardwarelibrary
259,56d421cecdb02e42c88753b1a02a872f3280e1ee,dcc-lab_pyhardwarelibrary
260,574fcd4869ed0354e39a3bb54f3e60f7470a39ea,dcc-lab_pyhardwarelibrary
261,576c55329adad3cc1aa35756daebd28d2d6526b8,dcc-lab_pyhardwarelibrary
262,5787be52e61bd9aadd417bb8e2400b4994d381db,dcc-lab_pyhardwarelibrary
263,587b7bb5087332dee322e6e6f96bfc731892228e,dcc-lab_pyhardwarelibrary
264,589360babe100d3c5ec9e72411fafeea1aa78e0a,dcc-lab_pyhardwarelibrary
265,58a048b12a28f4b10b3ffef53302974311370670,dcc-lab_pyhardwarelibrary
266,58be708bc9ad5cb809408fe5591a291648d9c42e,dcc-lab_pyhardwarelibrary
267,590e29950ae36dc0f6dbea044ea31041a64663f1,dcc-lab_pyhardwarelibrary
268,59131ef3518765f86df548faba9839cafe42a2c5,dcc-lab_pyhardwarelibrary
269,596f2f557a1f9f5eb1247991e3bb3a9cad58be8f,dcc-lab_pyhardwarelibrary
270,5989533a796d520cd97022b198d8c30c895b4fc0,dcc-lab_pyhardwarelibrary
271,59c9c483a51829d7b61589b96d4f26ae5bdfa9ad,dcc-lab_pyhardwarelibrary
272,5a735c08952094178e127dce9b93bf60c5520704,dcc-lab_pyhardwarelibrary
273,5ae71f10f323bca2154ee83854b81442c9166eb8,dcc-lab_pyhardwarelibrary
274,5af22efd6e40c7f137bbb15d9584daad3f156627,dcc-lab_pyhardwarelibrary
275,5b49e845ae0bf252571bb6ee21f0066a1055d5d1,dcc-lab_pyhardwarelibrary
276,5b85023d4114a737d575b0633e0a4a7186aed5c6,dcc-lab_pyhardwarelibrary
277,5c529f7bfb0eb96da79aa13a728fabbe76982107,dcc-lab_pyhardwarelibrary
278,5c65a292a163cf35592007d1c5a4873e86b84fc9,dcc-lab_pyhardwarelibrary
279,5c958e0f06337c79dda58c2a36273c92a107ec6d,dcc-lab_pyhardwarelibrary
280,5caa8d27ae920643fc777c56f2d751059b13f543,dcc-lab_pyhardwarelibrary
281,5e12dba13229f81cfa34cb6fb7d091b8a2448d4d,dcc-lab_pyhardwarelibrary
282,5f8931be71e35aa30e3c0c3e4efed9020fa55e94,dcc-lab_pyhardwarelibrary
283,5fa2c754a8393e422b8569b80a0ff2921d383817,dcc-lab_pyhardwarelibrary
284,60b930431a5ae4cb0f98e4945ff93e76f3bd66ec,dcc-lab_pyhardwarelibrary
285,60beb446a0c0a60b79c98ba284e2eb94f89f479a,dcc-lab_pyhardwarelibrary
286,61776b191799f3789ce70d98a4ea3ead932abe97,dcc-lab_pyhardwarelibrary
287,61c93a2ff595ed77fd063ac50e008b0c016ecc9d,dcc-lab_pyhardwarelibrary
288,61ffc04d4d29ef216f06b61f7823dfdb14d19dc8,dcc-lab_pyhardwarelibrary
289,624f01ec890bceb64c59be3765b18ba8fb876a4a,dcc-lab_pyhardwarelibrary
290,633cabbcc5bfdd395e10cb1c0922b3551ca8b875,dcc-lab_pyhardwarelibrary
291,63580cb9af6a25db30f631409ddd421d8762e95c,dcc-lab_pyhardwarelibrary
292,63598ae96bbe4e40a13347311b7635e7674b3a64,dcc-lab_pyhardwarelibrary
293,6364d69000944a849afed1be14cb976c0d924809,dcc-lab_pyhardwarelibrary
294,637cf16bb48de891e8aab04a98d1247068fc23e9,dcc-lab_pyhardwarelibrary
295,639f7fae4c81dab7bd89372f310e9a743fbf989b,dcc-lab_pyhardwarelibrary
296,6417770c4cad5e95e485367dbba660578ff633c0,dcc-lab_pyhardwarelibrary
297,6499de8345885a9a871e48af9cf33916ccf2e6be,dcc-lab_pyhardwarelibrary
298,651b6db0b7237f34773c7cbdf3a03ac62bcc67ff,dcc-lab_pyhardwarelibrary
299,6520fd997258ffef889b5726f0a2903f23bdbbe8,dcc-lab_pyhardwarelibrary
300,653c2f5e57b0c96d4664d7f46df946d9828d0ebe,dcc-lab_pyhardwarelibrary
301,655570fc9b6657ec523b8a2a8c236581509e72f9,dcc-lab_pyhardwarelibrary
302,6595e136230c435e49e924741e2dae1272ad2448,dcc-lab_pyhardwarelibrary
303,65e304c0bc23d0015bc7d036e8effcd87c7f676d,dcc-lab_pyhardwarelibrary
304,65e31d6c100f69aaca1e39a10ac21ba243a03dd8,dcc-lab_pyhardwarelibrary
305,662f0ef96f9d1e2449c540855a78b1b08a40b030,dcc-lab_pyhardwarelibrary
306,663e8c87ca2235771b1ee4e3db32f3ca44e27d23,dcc-lab_pyhardwarelibrary
307,66fe15eb68e9ea2169eee5ac51e1cca1d1f7a0a1,dcc-lab_pyhardwarelibrary
308,675bed50bece59559e21d8a11c14d87511c87d96,dcc-lab_pyhardwarelibrary
309,675edd92709421742e032f76c0da54c88a61ffb0,dcc-lab_pyhardwarelibrary
310,67e70ffd3f8c6ecd89ac1435700e1d4f30d09771,dcc-lab_pyhardwarelibrary
311,689d01cca0a83c0354648b53bd739966978c605a,dcc-lab_pyhardwarelibrary
312,68ed5487b4514c9d48b1dccc7704115703d74576,dcc-lab_pyhardwarelibrary
313,68ef4a94926d7c845f158601afddb22d16d70a68,dcc-lab_pyhardwarelibrary
314,69c097c279bc4cae988ea8f3c92ea52ffd09a4cd,dcc-lab_pyhardwarelibrary
315,6ad1572a6cdeccceb9862b1d4de587304ac11116,dcc-lab_pyhardwarelibrary
316,6b0c8514217bd4587b7ee3472babc32940339ff4,dcc-lab_pyhardwarelibrary
317,6b90486953358e81811da2668582cce21efff0f0,dcc-lab_pyhardwarelibrary
318,6c09562cdcdfc7da7c764efde96bdfbb5d7df76e,dcc-lab_pyhardwarelibrary
319,6c7af009c158cbec726a1e789ccf095c5cd9cdc3,dcc-lab_pyhardwarelibrary
320,6c8d4e11d33d395ba98027d7ccec8d3c5ca412e9,dcc-lab_pyhardwarelibrary
321,6cc6c886bad83e7adacff92ef7219df4c5fdf668,dcc-lab_pyhardwarelibrary
322,6da056171310126066350a0560b07d3dad9daf01,dcc-lab_pyhardwarelibrary
323,6dda09cf067acc08343a03c058d43952cf9370d9,dcc-lab_pyhardwarelibrary
324,6dfb773faec39dbc16c5c13842d21e77562e86eb,dcc-lab_pyhardwarelibrary
325,6e1676fa6419d1924340d50591fb425c99cba39b,dcc-lab_pyhardwarelibrary
326,6e2842865be53188590286db52e2a58a703608ba,dcc-lab_pyhardwarelibrary
327,6e288b923f6ff7137cc4ffb1aafe9064d102e07e,dcc-lab_pyhardwarelibrary
328,6eaee935caa16f49f5e2558ced38c9c6a8ffccfb,dcc-lab_pyhardwarelibrary
329,6f2bf53e012645fd3dc981da49b18eaf3c8f7993,dcc-lab_pyhardwarelibrary
330,6f7108f8999e052c376de836578e0c6622fd551f,dcc-lab_pyhardwarelibrary
331,6fe751af85f63859a71ed4c905e0d4124154ea26,dcc-lab_pyhardwarelibrary
332,6ffc58fbfb659ab5505650fa10553ad086dcf229,dcc-lab_pyhardwarelibrary
333,7010ef301ecf738e9f315b23135e107312e8cd6f,dcc-lab_pyhardwarelibrary
334,710a9719c9e3b16a948c55ab62169786b4a6fbb6,dcc-lab_pyhardwarelibrary
335,712ac4ace6fff8098c5f4f6a1d2bdfad35bb8695,dcc-lab_pyhardwarelibrary
336,71a6bd372c60742a5afd1f4dae33dc097b25b43d,dcc-lab_pyhardwarelibrary
337,73a87be141726a61ea73284491c6227567730766,dcc-lab_pyhardwarelibrary
338,7406961716525483b97ffdd4a8e344c6d253f637,dcc-lab_pyhardwarelibrary
339,743201704dce7b8023a85c7c7a8d81ee545683d4,dcc-lab_pyhardwarelibrary
340,7438308ee08ee4433b93a46bf5d97ac89a7f872f,dcc-lab_pyhardwarelibrary
341,7490782368fdc46ad38e3c7629e678101448cbb9,dcc-lab_pyhardwarelibrary
342,74bfdeb9cdafbf650b9179016a131de68aa32bfc,dcc-lab_pyhardwarelibrary
343,74c68e358c6c2305b4b13d1d2f69f6060703119b,dcc-lab_pyhardwarelibrary
344,753a19737c7e862d567057489d6eb97561336d3d,dcc-lab_pyhardwarelibrary
345,7560ef2b9cfb39707a6727b2f17ef9160dc87141,dcc-lab_pyhardwarelibrary
346,7644925b178188ef259a36c678b6e4707456210f,dcc-lab_pyhardwarelibrary
347,76456dddd14799c652115a37fc14d829a1c70084,dcc-lab_pyhardwarelibrary
348,76e622c8e89abf08eae10dcae3b98c58d63e27a3,dcc-lab_pyhardwarelibrary
349,76fcc52aa76ac9f05fdbd0016f1ac51456c220a2,dcc-lab_pyhardwarelibrary
350,771f009b00ea34972d3edd23f8b48d2edcafd5cc,dcc-lab_pyhardwarelibrary
351,772a3a3d9818c90871c9400c2029e491327c1d54,dcc-lab_pyhardwarelibrary
352,788c30d0f8fbb75c2b491b51775b2b6e5861aa76,dcc-lab_pyhardwarelibrary
353,790242e10014fca1ab2ee575d59eb37a60db9b05,dcc-lab_pyhardwarelibrary
354,7906b74d13483f41411d340e824561988f404be5,dcc-lab_pyhardwarelibrary
355,791a03b9d4b0ce9b333d00a9f1b92a19c3aedd2a,dcc-lab_pyhardwarelibrary
356,79ac6a5d8e43795cbd5e24075b4d3f6322a6ec3b,dcc-lab_pyhardwarelibrary
357,79dec037e1a70aa2fa73d558bd8b4e1a67954461,dcc-lab_pyhardwarelibrary
358,7a4e96fff3b9ec033993a8c2ece7653ff02a2888,dcc-lab_pyhardwarelibrary
359,7ac688134bc04eeb79ee00af74f065ffe9d19ca5,dcc-lab_pyhardwarelibrary
360,7af68fdf6021e88a15cf2a33fb9a4ab88067da4d,dcc-lab_pyhardwarelibrary
361,7bdab7c07e53788d024f888b71c0965286b007bc,dcc-lab_pyhardwarelibrary
362,7c7c92eb0a9fe815ea900a94edfc8e0dfb09d998,dcc-lab_pyhardwarelibrary
363,7cfe99bbbca8a047bff497e8acaae6c8e7c380be,dcc-lab_pyhardwarelibrary
364,7d1e8a238360ebe0a3a10368301c29526e2df9bb,dcc-lab_pyhardwarelibrary
365,7d69d92fd649a7d5cbec45a0105af4cc9a1429b9,dcc-lab_pyhardwarelibrary
366,7e161f5734902bb642e5b2485ce11903c4ddd3f2,dcc-lab_pyhardwarelibrary
367,7e1e3acc92e50feb9a3eedf88006fc5d5b19048e,dcc-lab_pyhardwarelibrary
368,7ef8e219275fca8e7d8516328cf1351473de925b,dcc-lab_pyhardwarelibrary
369,7f475d50d783ea4fd9a3ec167cd97c43bee6ae78,dcc-lab_pyhardwarelibrary
370,7fed64bf1b5ed6036e059da67b1a7351e5dfff23,dcc-lab_pyhardwarelibrary
371,7ffa6a27a66b4fe5afe6ee46a15f1e8f5118a714,dcc-lab_pyhardwarelibrary
372,80f9d2d1c947388424ac854554a97fdb621166e6,dcc-lab_pyhardwarelibrary
373,81078208573114329bd69c49897f41d643382dc5,dcc-lab_pyhardwarelibrary
374,8200afe9909a463a879dd634c85982ce4ecb752f,dcc-lab_pyhardwarelibrary
375,82ba64d9814745ce83110e44a9fd62e2d69ac0a9,dcc-lab_pyhardwarelibrary
376,83223985d8372269732cbeb22fb22854daa56961,dcc-lab_pyhardwarelibrary
377,834a6d82003ffc52c194a5d6ad0583a6b1b008b2,dcc-lab_pyhardwarelibrary
378,834dcbcf22bf4929b659e16a8fb119aed6e83b87,dcc-lab_pyhardwarelibrary
379,835adeff71fcfbdf137e5079c9890426e96aac56,dcc-lab_pyhardwarelibrary
380,838446590de66ffac6bd740268830bcfb456c8bd,dcc-lab_pyhardwarelibrary
381,83935a625c839611ed68973f9ec4a62ced4370be,dcc-lab_pyhardwarelibrary
382,83d84f9103c42e1691bd25ae7a6e702d4c9515d9,dcc-lab_pyhardwarelibrary
383,83f5e63f3047b0c7f3ec1ec9f76371258fd93a76,dcc-lab_pyhardwarelibrary
384,83facc9dccd14b1d2ce4bebb53988b45aa3b75d4,dcc-lab_pyhardwarelibrary
385,84334d78066ffe19ef5aa4b1b848e7ee3ecece36,dcc-lab_pyhardwarelibrary
386,8481ba8662f65ecebd825cba9cf4aae5186f57cc,dcc-lab_pyhardwarelibrary
387,8548a470209ad3e7d850dc174f667eddc88c1b7a,dcc-lab_pyhardwarelibrary
388,855efb61539849919c1cbb8c649848580585cbfd,dcc-lab_pyhardwarelibrary
389,857ba36e44ea403897be348e7beab5ad02e4de3f,dcc-lab_pyhardwarelibrary
390,858abbb4183d3d29ba1048b99a05be844eb28729,dcc-lab_pyhardwarelibrary
391,85bfa0112d097f3610a73f82dc3d21805b5c18d2,dcc-lab_pyhardwarelibrary
392,87e938d309872be6da20e05f0d80e3b2d746daab,dcc-lab_pyhardwarelibrary
393,884346ecf65612eb48d28f74972792c26aea4fa5,dcc-lab_pyhardwarelibrary
394,88970b18cfb683af5451149758bd38b092cdf117,dcc-lab_pyhardwarelibrary
395,89c640c57b38206f28a598bae54f3b897aa09d8f,dcc-lab_pyhardwarelibrary
396,89c76d23b616e4360caf5b7d54c09031ca703858,dcc-lab_pyhardwarelibrary
397,8a2008e5aef096e0b517be898c52b85f75e7f1e5,dcc-lab_pyhardwarelibrary
398,8a5b11391d2c33f81be6598190e0248955d32549,dcc-lab_pyhardwarelibrary
399,8a9f049422e4c80e1a8f4164eb7139a1ec4f6a96,dcc-lab_pyhardwarelibrary
400,8aa69e44b4e0c7adb42f7b2454b3233a61bd924d,dcc-lab_pyhardwarelibrary
401,8bf1005686ffaf277f4845a40cc3f2d7ad0ee06d,dcc-lab_pyhardwarelibrary
402,8bf8595d3ff94dee1d402161cdd1db27b503067e,dcc-lab_pyhardwarelibrary
403,8c013b9ad337333f1c5724801039592a20caf611,dcc-lab_pyhardwarelibrary
404,8ccbf2f30ef4259746a12cb255e948ebf5b12044,dcc-lab_pyhardwarelibrary
405,8d15fb8a892134926ed2a3ddf57e44661cdc060f,dcc-lab_pyhardwarelibrary
406,8e1665301acc7ec840111e9ebef7e6cbe891fcb6,dcc-lab_pyhardwarelibrary
407,8e29b0f0d2eb4c52cdfd5a6bfb8753014acc4b43,dcc-lab_pyhardwarelibrary
408,8e95ac2380f638c130f8479998f9b4e35a3bb43d,dcc-lab_pyhardwarelibrary
409,8f4f2c879ee7de35ce08bbdc8b857b359239dfa6,dcc-lab_pyhardwarelibrary
410,8fb36f0995d13f284069cdff9f1903ee0d185ef4,dcc-lab_pyhardwarelibrary
411,8fed8bb1f1212953632288ba99e1154e72835f4d,dcc-lab_pyhardwarelibrary
412,9035679626218a1e72d8570831c5f3ecf2ced1b3,dcc-lab_pyhardwarelibrary
413,9070a2221dee8cb2b72283b2465b5e0d72de4cca,dcc-lab_pyhardwarelibrary
414,91c42519bf2d79cb194e3469565a695d444e8c3e,dcc-lab_pyhardwarelibrary
415,927f1a939bdf356b1acababcb516f9c6a9c7d1b0,dcc-lab_pyhardwarelibrary
416,92f35eaa9b919d3982206559d216b8f40946f3c4,dcc-lab_pyhardwarelibrary
417,933feef9ffa8ef757be62c91a033749724b41b31,dcc-lab_pyhardwarelibrary
418,939ffca7c8b3b214b77acadae2d76d5029dd0660,dcc-lab_pyhardwarelibrary
419,964d524846014a107af59d365d95607a2301e27f,dcc-lab_pyhardwarelibrary
420,9679aaee06cd97aea05f20b0f0b0c72b617f31a4,dcc-lab_pyhardwarelibrary
421,9679c430e8bdd77126b9e4179ebbd4c5826f7d55,dcc-lab_pyhardwarelibrary
422,96bf8f3e5841e6fbba966b7eb49bff3598be316e,dcc-lab_pyhardwarelibrary
423,975c6ae91fb7bd1d4dd43c52e0d48d72f7a4c71b,dcc-lab_pyhardwarelibrary
424,977573bb89a79a8cc65c1e6ebd3d9b7d648c2db1,dcc-lab_pyhardwarelibrary
425,978abec0761565a25a0dc2627494ba8622b0cdfb,dcc-lab_pyhardwarelibrary
426,97e103812fbf16e8ba0366f182d027ce78bf94d5,dcc-lab_pyhardwarelibrary
427,97eb5761b7ce7adafd769cb1e198dafaab576dde,dcc-lab_pyhardwarelibrary
428,982af7a3b576918b2238bd90c119468987d745a3,dcc-lab_pyhardwarelibrary
429,98301695de0f8ef80123b2519685ad7f444ecd95,dcc-lab_pyhardwarelibrary
430,98326c0a7160c8b1b2951089b1cf8fe0b238524a,dcc-lab_pyhardwarelibrary
431,983ad1a6318d7a822af8a1282936e7047b6c91a4,dcc-lab_pyhardwarelibrary
432,98655ab48a58e21f62bcd971d392236036a1c684,dcc-lab_pyhardwarelibrary
433,988f8771da3ff81abb31bcdc872f1e422a5bd6b6,dcc-lab_pyhardwarelibrary
434,989fad03faa0784d4855e3dc48b81cfdd47ad56d,dcc-lab_pyhardwarelibrary
435,98a082c9af2cfcbaa327147db8c0450f6edbeeaa,dcc-lab_pyhardwarelibrary
436,99b4b9e84fda0a9bad33cf1d812c97fe4a3e2861,dcc-lab_pyhardwarelibrary
437,9a5c056d3ecee844327b11fec3bb111401eede02,dcc-lab_pyhardwarelibrary
438,9a765c6e19ca9d182117a0dd02a642315ba53f1d,dcc-lab_pyhardwarelibrary
439,9ad87b47b6e80d846ac62ca206f43a1d9d062398,dcc-lab_pyhardwarelibrary
440,9b1ebab15ed607be7a508146e837793f01965592,dcc-lab_pyhardwarelibrary
441,9b356fa529d2112dd0198f5239cc4ab8e1c4e9db,dcc-lab_pyhardwarelibrary
442,9b7924a82e72b19b0babdb0ca48056f08a4cd9b6,dcc-lab_pyhardwarelibrary
443,9bd0957d6f51035829b9d4176bad9f64679cce4c,dcc-lab_pyhardwarelibrary
444,9c1b72d3b4e7ee02a248897e04461abd331da79f,dcc-lab_pyhardwarelibrary
445,9cb148e6e357381c7adbade93b140ea01ab65523,dcc-lab_pyhardwarelibrary
446,9ce965730e9b7a24e2b507a5edd4497d1ca40892,dcc-lab_pyhardwarelibrary
447,9d56ccf24236afa160c0d82a09d340ff0bb480f2,dcc-lab_pyhardwarelibrary
448,9d5e26d77378d54e5a200fcb1dd54e9c808869eb,dcc-lab_pyhardwarelibrary
449,9d9d7e9ca5c55cda0c31b99ea1a7c40352eefb94,dcc-lab_pyhardwarelibrary
450,9e3d85cb616ffa07560e6f4ad1890346d1a540f7,dcc-lab_pyhardwarelibrary
451,9e692ea60eddd4d0b6c51b88fa82c18b7600eacf,dcc-lab_pyhardwarelibrary
452,9eace44ff6dbd037a46fa07c2e47dc3b519e2510,dcc-lab_pyhardwarelibrary
453,9eb2873762284530a2f98365628edb467a0e7f41,dcc-lab_pyhardwarelibrary
454,9f734836d171d4b49bd361390da70c4b162f3fbd,dcc-lab_pyhardwarelibrary
455,9f7713f985aaaeb997dce9827d60083358c5dc73,dcc-lab_pyhardwarelibrary
456,9f907e57f5007576251c646ecefa376877052736,dcc-lab_pyhardwarelibrary
457,9fb73d931707ee6a5da031c85a0a0d2a30722974,dcc-lab_pyhardwarelibrary
458,9fff668da8001af775cd8a07d7c6b1226debc807,dcc-lab_pyhardwarelibrary
459,a00e6bd32319c90b6345dece6809dee8e2cec681,dcc-lab_pyhardwarelibrary
460,a02e0dbf32087120a3414c27db9b6aea5e931c0e,dcc-lab_pyhardwarelibrary
461,a03ed966aa9c00228ed645883905ed073477f8ce,dcc-lab_pyhardwarelibrary
462,a05dfac68f0912109d2cb7c2a4e74bbec74e0f67,dcc-lab_pyhardwarelibrary
463,a082a69170ddc3762cc9503558defeed15362d27,dcc-lab_pyhardwarelibrary
464,a155a90fa7070abb777adc1dac9aecc94532e6f3,dcc-lab_pyhardwarelibrary
465,a2784048d17299cdbce45a1ec052b125ca7e97e4,dcc-lab_pyhardwarelibrary
466,a2a1132e524e3d241ec7212a84c880bb43a3da69,dcc-lab_pyhardwarelibrary
467,a305ae280e52281ea2f8528cf4598fc44cc3c59f,dcc-lab_pyhardwarelibrary
468,a31227b169f5d2dc992dc13837326675a639be01,dcc-lab_pyhardwarelibrary
469,a31c207c270fdada08ede5055cf3b8965d8c4737,dcc-lab_pyhardwarelibrary
470,a3b4728eb18d943e646d0752e0d7a3bf58ba27cc,dcc-lab_pyhardwarelibrary
471,a3e7185f24917dfadff9181686ef6d03eaf23bbc,dcc-lab_pyhardwarelibrary
472,a42da3fef29a48815f7454f674a09872cd4b2c39,dcc-lab_pyhardwarelibrary
473,a4adb9909b9712804d182b16024e6371e9bf27d9,dcc-lab_pyhardwarelibrary
474,a58971a8f28555159967eeb29c14fd3d52733f06,dcc-lab_pyhardwarelibrary
475,a646b0ae0d040737f0b28b83957882904163186f,dcc-lab_pyhardwarelibrary
476,a65c6a8ae249da481b66f26725a59003b15c60e0,dcc-lab_pyhardwarelibrary
477,a68c3f8f984667f8149fdf67a6df584bb7f3863a,dcc-lab_pyhardwarelibrary
478,a693dd81b98eb001e7dcb33514e59a0d7076ad34,dcc-lab_pyhardwarelibrary
479,a6e6d8603b7e05a3ee22c8fb62c8668993a8d287,dcc-lab_pyhardwarelibrary
480,a749b176c36d4dc7efaaa4ca41399b2dba22e329,dcc-lab_pyhardwarelibrary
481,a8e047b09301b756f5ac128a3352323cdef0258b,dcc-lab_pyhardwarelibrary
482,a9a9b18786388f8bace815d34c04ee4e4e58a3bc,dcc-lab_pyhardwarelibrary
483,a9cb17585040d2b37a3314f4f1c75b2ed5dfe2c9,dcc-lab_pyhardwarelibrary
484,aa04f4eebe1b5d1eb2643d0e426fcb84eff1f83e,dcc-lab_pyhardwarelibrary
485,aaa0e236e167c975eef6a7561ac3bc4fab7793ed,dcc-lab_pyhardwarelibrary
486,ac49e7fd5ce785ffe533663d10b183aad6d25010,dcc-lab_pyhardwarelibrary
487,acedcb5a09c5b262e50455808b42f0891328acd2,dcc-lab_pyhardwarelibrary
488,ad13992027edc4adfabfc20402f34332928a1378,dcc-lab_pyhardwarelibrary
489,adc307c6085363a514214d2d3dc4ef3e400ee26b,dcc-lab_pyhardwarelibrary
490,ae1fb455b275a83e0d5667b6e7cd952c10ea9eb9,dcc-lab_pyhardwarelibrary
491,aeec680574bd2d2633b68d7299821930cf82c0c8,dcc-lab_pyhardwarelibrary
492,af07b1195fdaf5398995fd313c347b6c5f06b9fc,dcc-lab_pyhardwarelibrary
493,af2344667197870ebcc3bfa9790483aeaf17aefc,dcc-lab_pyhardwarelibrary
494,af38183f6711f8403352de31c9f95e13901b7041,dcc-lab_pyhardwarelibrary
495,af83a8f97279c11dc2bd086804fe7b990530c9b5,dcc-lab_pyhardwarelibrary
496,afadb6c45b6a70bcdcc4e39e42a2981a81441406,dcc-lab_pyhardwarelibrary
497,afdec1371ff177e023e100d3c3cab6c367fe631d,dcc-lab_pyhardwarelibrary
498,afe1a0b5183369e59bf43fe882a029b4818b3f15,dcc-lab_pyhardwarelibrary
499,b00ff2e73af201ca783042d3925b8f9113be54b7,dcc-lab_pyhardwarelibrary
500,b098d410fa634691ee5cb76a0a14c168b00635b4,dcc-lab_pyhardwarelibrary
501,b0cf33fd5e9f3e199a2eb3546950c1599fc968cb,dcc-lab_pyhardwarelibrary
502,b12012d8a2cfaa0e518a50224d215153cb560840,dcc-lab_pyhardwarelibrary
503,b15165126c48d056ae5c20695e85a4386f943277,dcc-lab_pyhardwarelibrary
504,b19ae0a652cfb8a0acabaf0ca4d465b4dbc25503,dcc-lab_pyhardwarelibrary
505,b235653f590a1d34ee94ca59e1f265b13ec71ff0,dcc-lab_pyhardwarelibrary
506,b23762b4a9ba3fcb4bef32f68f25e34661f53c1b,dcc-lab_pyhardwarelibrary
507,b2f6cad501de9e49a1515ddff5dc362ead71b7f7,dcc-lab_pyhardwarelibrary
508,b30e4999a858e411dfd665fd29ca5d6967ae8e19,dcc-lab_pyhardwarelibrary
509,b32783ac994ab1816e1d36a6f2cc18ae12f994eb,dcc-lab_pyhardwarelibrary
510,b394e52b48dcac10cadf420e9298954fe803a2f3,dcc-lab_pyhardwarelibrary
511,b3a2c5e79118d8c3eb9e8a7e3a9097ddef13cf95,dcc-lab_pyhardwarelibrary
512,b417771f4d2b42d98e3cb118725a9acf888aac9d,dcc-lab_pyhardwarelibrary
513,b440da3e0bb840a31dd5d312aba93b8fbb80ab3b,dcc-lab_pyhardwarelibrary
514,b45bf42b7310d826f83acea0dde777f742629d62,dcc-lab_pyhardwarelibrary
515,b512d15d90535e6880a695b11810d9c1aeea0b14,dcc-lab_pyhardwarelibrary
516,b5d206022b15ae4fa82636704a441107db922983,dcc-lab_pyhardwarelibrary
517,b658a77a204872b54134d373e07b37141679dcf6,dcc-lab_pyhardwarelibrary
518,b666979d6f1532b407f907bd57d438984e189ba2,dcc-lab_pyhardwarelibrary
519,b6d4f7b66c8fa75778902898381bde5dab13f0a9,dcc-lab_pyhardwarelibrary
520,b752939caf2ef5bf8dc1a7e9fc2977af8ed4e022,dcc-lab_pyhardwarelibrary
521,b7cd68e7fdec0dd7aa62bd766f83a2ed18b1cfda,dcc-lab_pyhardwarelibrary
522,b8ab17c02392c0e23081c9d09fad6583ddad6ef6,dcc-lab_pyhardwarelibrary
523,b8c465d7cc4a4bb1d5ca5a5423d58a5c9afcbfcd,dcc-lab_pyhardwarelibrary
524,b97288be02380254cf1ab7b5b9381ba68fbc4df8,dcc-lab_pyhardwarelibrary
525,b9df6cca76c16ea7aa9d674ce087000a5c8a6c2d,dcc-lab_pyhardwarelibrary
526,ba49657cec72ef330c486bfff830ddb088374a75,dcc-lab_pyhardwarelibrary
527,bb17e91b6a65017e83deb7fd9ee98a7eacda14e5,dcc-lab_pyhardwarelibrary
528,bb5e8e6abede3975f783cd718237b90b68ed9b65,dcc-lab_pyhardwarelibrary
529,bbf3d9d681a7a124dd25d56e120f3060114acf59,dcc-lab_pyhardwarelibrary
530,bc79bad7d013556fb12a842f42e80e2416e7a39e,dcc-lab_pyhardwarelibrary
531,bd1bd7047183dad59b60a09eccde2837562efd3d,dcc-lab_pyhardwarelibrary
532,bd1c14135af2e63ec7490af07cf4008db14e17ed,dcc-lab_pyhardwarelibrary
533,bd206266246beb3df68c438cfd33b000f9a7d725,dcc-lab_pyhardwarelibrary
534,bd2e335a7e5c276509ee6cb17db102d89406ab0a,dcc-lab_pyhardwarelibrary
535,bd52ba3209902b8ac0eaff840f08cf1816843b0d,dcc-lab_pyhardwarelibrary
536,bd66ae4b250a9589430a900b9e4daa45fc1db531,dcc-lab_pyhardwarelibrary
537,bd82eef8c107d45cf6529c4b3f9ee3e059659d84,dcc-lab_pyhardwarelibrary
538,bdc300526d5f3a492950975f8f4e5ca10e538cac,dcc-lab_pyhardwarelibrary
539,bdcc43516bcab3ee07f01d86f32cf8980e6e70f4,dcc-lab_pyhardwarelibrary
540,bddc1a45a80a09eb1cd04c8327e900a7dd749437,dcc-lab_pyhardwarelibrary
541,be309154b5cec5e712f250c3deacca060f805b54,dcc-lab_pyhardwarelibrary
542,be4f4f7febc820a54641d3237c76caf3f4448a01,dcc-lab_pyhardwarelibrary
543,be752c24cd22379d956f9b0cd4af97b8ae409e43,dcc-lab_pyhardwarelibrary
544,bed8af794913c1adc7537afe722eb9678961d103,dcc-lab_pyhardwarelibrary
545,c01c99f54959c972ec56b775048d6159068d31c5,dcc-lab_pyhardwarelibrary
546,c06ce86e6e6d4f2fefd3b78b1347b5e7bd8cf1e0,dcc-lab_pyhardwarelibrary
547,c09912177d658b88f819e34f234463a020952ffd,dcc-lab_pyhardwarelibrary
548,c15835429a041aabea8bf277e2192aebcbd8636d,dcc-lab_pyhardwarelibrary
549,c1f4b607aa979b98e93073436e0981af31c8a544,dcc-lab_pyhardwarelibrary
550,c21b4cc33ad98f3daa2295a7d21b249bf755e8e7,dcc-lab_pyhardwarelibrary
551,c231c715d132069280f18199d55f462365aef2c0,dcc-lab_pyhardwarelibrary
552,c26ba40c2775c551504e5a12b9535cb8b225edb0,dcc-lab_pyhardwarelibrary
553,c280be1746e52cafbd26108b57a6a2fa43ec0369,dcc-lab_pyhardwarelibrary
554,c38a9b958c657180da52ed03e70e3e11354fa348,dcc-lab_pyhardwarelibrary
555,c39787d2aedde69ba54a7b85aa2ef18f0282aaf1,dcc-lab_pyhardwarelibrary
556,c44393b7790b0a1cae34c30ecb69f853b9cb437f,dcc-lab_pyhardwarelibrary
557,c45a705d8ed68e36102d7cd9431ec6b22f0e3030,dcc-lab_pyhardwarelibrary
558,c4935bf10ad1f8ac1e375f461fc92e7e29376b0e,dcc-lab_pyhardwarelibrary
559,c501dbb4c1fc187d4e7a11963f4731d7a8a694ab,dcc-lab_pyhardwarelibrary
560,c54f71c9054d649ce9a43cf02611d803954b389a,dcc-lab_pyhardwarelibrary
561,c636e02d8e9c88c4b5807f19ff198a5a58574c80,dcc-lab_pyhardwarelibrary
562,c6fa50b932945388bb5bfce443669158275c5db4,dcc-lab_pyhardwarelibrary
563,c74fe215683e50639945528bf407e43b8fb99bed,dcc-lab_pyhardwarelibrary
564,c7fba0335679236c3febc4bfa3ec75f2fcae7466,dcc-lab_pyhardwarelibrary
565,c9370507df5bcc7c9ad09dcef1913f8de6641df4,dcc-lab_pyhardwarelibrary
566,c9a1885ecccb7bb3d591a564f4cc1bac32627f22,dcc-lab_pyhardwarelibrary
567,c9d5f5393a5132ca1f754a56d7aa07f5fb2c92ee,dcc-lab_pyhardwarelibrary
568,ca37b21213c9525264f0b68c0c066644379f23ac,dcc-lab_pyhardwarelibrary
569,ca633ee4a655e3b1f362d50a60be0ec22d0c31ee,dcc-lab_pyhardwarelibrary
570,cb142f84d361ac4d5209006af892c8478b81afe5,dcc-lab_pyhardwarelibrary
571,cb3fa4bc5370b8ec2b6e1f9aea939b09b7c311eb,dcc-lab_pyhardwarelibrary
572,cb9b8139b588a03b318a694ad32154f4736494c4,dcc-lab_pyhardwarelibrary
573,cbe68292d46375781c0a50ea270776c3ea8888d2,dcc-lab_pyhardwarelibrary
574,cc437666f2742a9fa6d38cc91ec1b719d11f24a3,dcc-lab_pyhardwarelibrary
575,cd6d53a69dfe12ad95df988430c75cdedd82edd6,dcc-lab_pyhardwarelibrary
576,cd739ce17e42ae6c7d8f49b5fb4d037488adedb1,dcc-lab_pyhardwarelibrary
577,cd7bf0cf6256ba4dbc6eb26f0657c0db59b35848,dcc-lab_pyhardwarelibrary
578,d053f5a671ea6242b01d7fd10a1e0f20d5a56773,dcc-lab_pyhardwarelibrary
579,d0e62b78e7a832e53530788f54286066526fcb3a,dcc-lab_pyhardwarelibrary
580,d175cc155dd877a33688ec00011aeb136f0c6459,dcc-lab_pyhardwarelibrary
581,d1954494dbb7451d1ece95bcb9d30c2197dcae88,dcc-lab_pyhardwarelibrary
582,d195d0cb3d772068e3a87952ade964af5f2f8129,dcc-lab_pyhardwarelibrary
583,d260c39999f3c36fda2ab23f2ae69b5fa4dd63eb,dcc-lab_pyhardwarelibrary
584,d2e26eea473029d6baf6b441d07c6dd18da7014b,dcc-lab_pyhardwarelibrary
585,d2ecbd529e3984f4341265e30e272a26d74bc16d,dcc-lab_pyhardwarelibrary
586,d2fd23a3b41bef5b7956e2b95299c1672d4328d0,dcc-lab_pyhardwarelibrary
587,d312811ca92ab7ad516bd1f64eec47bae806f192,dcc-lab_pyhardwarelibrary
588,d4322f97b2b1f44cc3dba558a8725d7d52fd7d71,dcc-lab_pyhardwarelibrary
589,d4ef06c9db449e39b55d2a190db4325da2d15377,dcc-lab_pyhardwarelibrary
590,d51fb4569c293bd4b280ca7e08ea78c4f5cc4946,dcc-lab_pyhardwarelibrary
591,d58756e258f3a169d0435fb42e47e1ad5dbd208c,dcc-lab_pyhardwarelibrary
592,d5a351cdfded08704ffe3cc3e402d39bb706ef8a,dcc-lab_pyhardwarelibrary
593,d5cbf2adb6b82aafc30f5f5021cf0bd81a977a66,dcc-lab_pyhardwarelibrary
594,d614169889a0986eeb745328c62d68073ca4d689,dcc-lab_pyhardwarelibrary
595,d640a84559be9693618cbbfefd36a541bbb0f40e,dcc-lab_pyhardwarelibrary
596,d648c27a5fdaba21f2537e6a3635c8d80a75a1f4,dcc-lab_pyhardwarelibrary
597,d6553977ec22ebeeb0fd17e3db56c3cccd3bdaad,dcc-lab_pyhardwarelibrary
598,d658ee268b4470c0277c6ab572677572b023af1a,dcc-lab_pyhardwarelibrary
599,d6e945b0e37ca06e66b0c7dfea63184cb98d86f7,dcc-lab_pyhardwarelibrary
600,d75d4d2a2aba81edb5812a27b49c0f4e13898c0d,dcc-lab_pyhardwarelibrary
601,d76fe584daf86ac5a377ba11f6c016704241c463,dcc-lab_pyhardwarelibrary
602,d78f842f9a26891bd9b88c39489d31ba51ef80f2,dcc-lab_pyhardwarelibrary
603,d810fe9b5416ff02ca8c87b822127599b3a2f618,dcc-lab_pyhardwarelibrary
604,d83082d8b64a723a949dd8f9e5f6c2508fabd744,dcc-lab_pyhardwarelibrary
605,d877e884ccf7bcc895d208311e40464ea9a9fdfb,dcc-lab_pyhardwarelibrary
606,d8eedcb9bc40dffe8701447f0660fc3c9e2925a9,dcc-lab_pyhardwarelibrary
607,d95f26fa20c48a10f18ce72ab878ec26cbb50b5a,dcc-lab_pyhardwarelibrary
608,d96861a7005eb1a10409d277d0c763e1e5c0993d,dcc-lab_pyhardwarelibrary
609,da13a7e3e8bd7817c27e5aed67c5258fada20ede,dcc-lab_pyhardwarelibrary
610,da40230a81763194ea6b4dfbb8d0993be5b27aeb,dcc-lab_pyhardwarelibrary
611,dab349f9223219560662108d2a40ff6c64880678,dcc-lab_pyhardwarelibrary
612,daefa5918c4a68c2885bacd9e8bf03ab8d4cc5e1,dcc-lab_pyhardwarelibrary
613,db3be918ad06090e53d83f06ccfb42c608ca8c1d,dcc-lab_pyhardwarelibrary
614,dcee6da34d4213e179f23d7c301e0e4825525947,dcc-lab_pyhardwarelibrary
615,dd74ea6fa4b29a2dfe060324895ac63c59b1b1bf,dcc-lab_pyhardwarelibrary
616,ddb29fd24463de58510e1ff519624d940c9a0c51,dcc-lab_pyhardwarelibrary
617,ddf070dfb19ddf08be95a55f94b29a3b00524a12,dcc-lab_pyhardwarelibrary
618,ddfaf442d61348d7ed8611f2436e43f20b450c45,dcc-lab_pyhardwarelibrary
619,de9a63e94f67f504c9599fcc2908174d2b6bfddf,dcc-lab_pyhardwarelibrary
620,df039023abd8c6c4ed07edd1bb3f2c6ac02534a8,dcc-lab_pyhardwarelibrary
621,df1dbacb1ebf9ee616f1c5d70a4bc2a97a285424,dcc-lab_pyhardwarelibrary
622,df5530b8d388c4763beb439ae57e10942282ee45,dcc-lab_pyhardwarelibrary
623,df5f83ee2fa63fc7727ccabe3c1c425cd63bf8e0,dcc-lab_pyhardwarelibrary
624,df6d0c4a73d1a059aac82fe0a511cea69e12fef9,dcc-lab_pyhardwarelibrary
625,df9faa32a7cd35076ecda2af5a5558052dfb257c,dcc-lab_pyhardwarelibrary
626,dff2a74a60ef671f72c586ada4bb2ce4caa2c5f8,dcc-lab_pyhardwarelibrary
627,e0368e0041d366b02a9be822bd779c9fc90c202a,dcc-lab_pyhardwarelibrary
628,e0a2770013f980e076e72e105b9bf6eff73550a1,dcc-lab_pyhardwarelibrary
629,e1065334efb85f833d860ac1309bab7072e5cee1,dcc-lab_pyhardwarelibrary
630,e1278c5497d24660c51fdd835b3ffa5b3101362a,dcc-lab_pyhardwarelibrary
631,e138969fca0158a9bc6cace167089e4af65f6df2,dcc-lab_pyhardwarelibrary
632,e1626c82148f068ac75124131d228008a95d5b4f,dcc-lab_pyhardwarelibrary
633,e1c62f4692ffc23fbd440e0b23e70c92c6af9b38,dcc-lab_pyhardwarelibrary
634,e1c87752cf0f3848e343b4e0d9845bc848d71b4a,dcc-lab_pyhardwarelibrary
635,e22fdf02b48c1820b254a9a380a7143bfbdfd828,dcc-lab_pyhardwarelibrary
636,e233220788af549ead64fb7555ad7b4ee6716274,dcc-lab_pyhardwarelibrary
637,e2eef57c4b38397ccb2e90d86cf5a4f970581ca5,dcc-lab_pyhardwarelibrary
638,e3470fbba9323b1c58dffec37b9f25da3184ace4,dcc-lab_pyhardwarelibrary
639,e4219df26f09de628b6e67b8b0b05b077f8d5ce0,dcc-lab_pyhardwarelibrary
640,e43d8a658075df2f27770180891b8e51bc36acc0,dcc-lab_pyhardwarelibrary
641,e464fc32d8a1c66a70ad5a136a80dca80f2cf276,dcc-lab_pyhardwarelibrary
642,e4979af4faa4a6c1c53fd877a2eaa3b8e0a2b382,dcc-lab_pyhardwarelibrary
643,e4b1f5729b6fb5ce13e7681c282b2c413fa4deb6,dcc-lab_pyhardwarelibrary
644,e6bd3d2a74a89557a6247f1a51536b92881d0bf1,dcc-lab_pyhardwarelibrary
645,e7055111c2d5e48738b23a265c0861d3fb296543,dcc-lab_pyhardwarelibrary
646,e7965c99d5a8c135975236637e46bbfc6c76e4bd,dcc-lab_pyhardwarelibrary
647,e7b4b199c89432f53f87a34e0225701f44471f4d,dcc-lab_pyhardwarelibrary
648,e7c5100dde77672d12ae5cba55f5cd3747535f2d,dcc-lab_pyhardwarelibrary
649,e7c700735afd9d86fef58a770e0946d2887b9392,dcc-lab_pyhardwarelibrary
650,e8e9db126bb95f7810b55b12307c5cb212ea37e7,dcc-lab_pyhardwarelibrary
651,e8fb7998aacd185ca180cc9d50233d9489c29d01,dcc-lab_pyhardwarelibrary
652,e922a80cdf34ca05e27c1561eeaa7a3d66a582f0,dcc-lab_pyhardwarelibrary
653,e9455e9934313b7620d0b4dada9bd2ad4fe8ad2c,dcc-lab_pyhardwarelibrary
654,e95f9af446a5f1829a7e861c0e8b99da67b18901,dcc-lab_pyhardwarelibrary
655,e96bbb9487edf1a0ac9ca0143ba1f0829a881916,dcc-lab_pyhardwarelibrary
656,e9a072ec089410cdbb8e43851961d754fe22e549,dcc-lab_pyhardwarelibrary
657,ea3d94f99f3c30e82d95389e37418ba4b02ba5f8,dcc-lab_pyhardwarelibrary
658,ea4b05308662a26b583c6477c41b1cfb2cdc776f,dcc-lab_pyhardwarelibrary
659,ead25578998a9a99353a51b68a64baf6aceb039f,dcc-lab_pyhardwarelibrary
660,eb08e9387df54dd928bd10bccfa025f8d936e01d,dcc-lab_pyhardwarelibrary
661,ebafcc2a57e87f91cac19c95900a8956a8ef607c,dcc-lab_pyhardwarelibrary
662,ebe1961d5e4b7d8895de42a43e391f4dfae99b63,dcc-lab_pyhardwarelibrary
663,ec37288f7152edda80e93c3b8db6c1929e17e58b,dcc-lab_pyhardwarelibrary
664,ec587fda454f413300058b4067157911909b4ca0,dcc-lab_pyhardwarelibrary
665,ed390e0c32013ed575a9ac89d5cdc42c5f24bd75,dcc-lab_pyhardwarelibrary
666,ed64c2aa20158314db02498f7781c04db6d8e82d,dcc-lab_pyhardwarelibrary
667,edba53d44f0f201d3321c7fb9f8d527aca876427,dcc-lab_pyhardwarelibrary
668,edc3604b58db02d23d417c8534a71683034b7ebe,dcc-lab_pyhardwarelibrary
669,ee6041af8368c7a4148a042670c0db96dfb372ec,dcc-lab_pyhardwarelibrary
670,ee78a452971d0c4e4cbb6e164e9e417a78e1513f,dcc-lab_pyhardwarelibrary
671,ef22c06c04f796ace9909fb84d90233f7a41fec0,dcc-lab_pyhardwarelibrary
672,ef3f50005790d414efdb3d4d7938260b9e905ac9,dcc-lab_pyhardwarelibrary
673,eff303c9be191f9263ce75ab55043ea83d197079,dcc-lab_pyhardwarelibrary
674,eff5ea5b2af2fba8665f9d0d079a04b178d8476c,dcc-lab_pyhardwarelibrary
675,eff8d91c33f262a7526d7747b89a7d2bcfd70aeb,dcc-lab_pyhardwarelibrary
676,f14ceec9136eecae375d258ab923238bd94aea1b,dcc-lab_pyhardwarelibrary
677,f1b9352cf32a082bb4575986e40fc726b37463e9,dcc-lab_pyhardwarelibrary
678,f212f79dc9b61d9d9855badc3770daae097be35d,dcc-lab_pyhardwarelibrary
679,f266d5bca39edbd0a4efe35bd5e7a3165391f0bf,dcc-lab_pyhardwarelibrary
680,f2b81986c3dc9047af4c5073b6dccc988e3fdcf6,dcc-lab_pyhardwarelibrary
681,f2d5f73ecc11b3cfc6f11876a83467f0dfe6da5f,dcc-lab_pyhardwarelibrary
682,f32fe866dbedf9412aad85e2e623b4b843e97d34,dcc-lab_pyhardwarelibrary
683,f3372900336db66cb37d0d77fd9d9690fa59d0a0,dcc-lab_pyhardwarelibrary
684,f36fbdddadece6bdc57b338225444cb5ea6cf32f,dcc-lab_pyhardwarelibrary
685,f465929d39f6db4b79568b822a5f0292ec7ad11e,dcc-lab_pyhardwarelibrary
686,f47be5884512a494333740bff0958c0c7dd1492c,dcc-lab_pyhardwarelibrary
687,f4ac5fbdb35549ffbb7887cc42903ee51bb34c43,dcc-lab_pyhardwarelibrary
688,f55531337ee036038974cfcfa034bdff71a7e30f,dcc-lab_pyhardwarelibrary
689,f57c5d393240fb6804b8aef6f929c75d1a823fef,dcc-lab_pyhardwarelibrary
690,f636106ab0ca00b219a6518f66cf53d1dc1dd995,dcc-lab_pyhardwarelibrary
691,f685423b93539cd74c8bcfcbc181b777b18f82e2,dcc-lab_pyhardwarelibrary
692,f6b038c072b5b963818baf6dbed61a89daeb5053,dcc-lab_pyhardwarelibrary
693,f6c17973794a738b28a5d1f5ac85fa85faeb6083,dcc-lab_pyhardwarelibrary
694,f700749725104691cf2a208c6c08a6a42d79a653,dcc-lab_pyhardwarelibrary
695,f7631d1f14c3a27e1814c4414cb86eb43d4f3af5,dcc-lab_pyhardwarelibrary
696,f7dd48bbefaadea5a5cbe082edb8458dc6ed4c89,dcc-lab_pyhardwarelibrary
697,f7df86d8b32f479637301a22aa836faf64dc024c,dcc-lab_pyhardwarelibrary
698,f7fb2216e7d6c514dfddddac568e9f6706ee1587,dcc-lab_pyhardwarelibrary
699,f82b2c8ee67f73886a1f418885bf823673a97872,dcc-lab_pyhardwarelibrary
700,f9387559ac2051d318d40a7b0578e8c10ce12eea,dcc-lab_pyhardwarelibrary
701,f93c8d4196e9b1c9f2a34eee3f4dac0eef415245,dcc-lab_pyhardwarelibrary
702,f943cad2a4239b45a38c3372ba5414364ea4f01a,dcc-lab_pyhardwarelibrary
703,f9f052b25d783d9e25abd8bd831756eb5638eb54,dcc-lab_pyhardwarelibrary
704,fa16677b583f502c2cced46bc975f91f6ff3c329,dcc-lab_pyhardwarelibrary
705,fa7c15cb8b615affc57fca1b06c847f2d24ae000,dcc-lab_pyhardwarelibrary
706,fa8e4a8d3e35fec616697633b8273722eaf50616,dcc-lab_pyhardwarelibrary
707,faa639c51cfdaa6c5b701822bb1a865c44519b58,dcc-lab_pyhardwarelibrary
708,fb62a99bf82435eb5f2cf43f7dbdbe10e512770e,dcc-lab_pyhardwarelibrary
709,fba1a4bcb219296ce25828d9f6f04a6fba898da0,dcc-lab_pyhardwarelibrary
710,fcc510ab90ad834b8f1780f948511ae0c43ae045,dcc-lab_pyhardwarelibrary
711,fd04fdb6364636946bf2f649ebe954a8df1e5382,dcc-lab_pyhardwarelibrary
712,fd1e38b2bf7e14255a6cfffc25d0b89451f47838,dcc-lab_pyhardwarelibrary
713,fd673bd268a8880131d563d43a68014684f89bb2,dcc-lab_pyhardwarelibrary
714,fe14cafd98cd575adfeabcb20cacfae8cccb2cab,dcc-lab_pyhardwarelibrary
715,fe1c07c0613b2021264d9f02d5cf71aa36470266,dcc-lab_pyhardwarelibrary
716,fef450220af933465c2676c9dc6c73c2258486fc,dcc-lab_pyhardwarelibrary
717,ff383b2a7f2b5275d667b1e0c5efe92b0a466fd3,dcc-lab_pyhardwarelibrary
718,ff5336920db9ba530b2411675025c3c82d5a5658,dcc-lab_pyhardwarelibrary
719,ff56cadf88a6d5f68b47472462a75a80729458c1,dcc-lab_pyhardwarelibrary
720,ff6cecae103364937c5725f648ba7afd6ac84147,dcc-lab_pyhardwarelibrary
721,ffb520b15c81949d41fef182ef1ffe56f7dcaa78,dcc-lab_pyhardwarelibrary
722,ffd86919fd666c58920240ab956e8d54fa2d9761,dcc-lab_pyhardwarelibrary
723,ffde8c1bb0d49c755a3468dbf4176dc7584577ee,dcc-lab_pyhardwarelibrary
0,000626fc6a391a3bd80ed8a8b48eec4fab147847,cmillion_gphoton
1,00147514f229023384c35ef7b40f40c8bdf5467a,cmillion_gphoton
2,0032a9d2b1c47c1223d75ab1b3cfede25b67a8de,cmillion_gphoton
3,012297a706d1c3e2a3d3eb7eaf0deec215c18072,cmillion_gphoton
4,0166462c79e9877c0c1e8ebbb5d3332e0d30e8ab,cmillion_gphoton
5,01b54cc06021b19cd76f87f2819b30771ec5dedb,cmillion_gphoton
6,024a04b4ca7e0270803fd2eea53ba01dc113f15d,cmillion_gphoton
7,029ebfd80f60753097da857fe83a80ec9ece1a0f,cmillion_gphoton
8,02a91f244d09bce0aebaacc54d352cc8c47660c7,cmillion_gphoton
9,02f777ddf442582b2870f3c8f1c3a58f28d7c77f,cmillion_gphoton
10,0312e749d5d4135509f9139fe19fa8c261296c6a,cmillion_gphoton
11,038253a72b49746a013739653a4ab293e5078cc6,cmillion_gphoton
12,03b440a1b1200fd217488314b82d29f2d3b4e8b0,cmillion_gphoton
13,03c4e365c52ef96b585ada34b6b0c6a7ff12036f,cmillion_gphoton
14,03c74737487045cdbca7e1b4fcf6acdfa6b366bf,cmillion_gphoton
15,0471f608e19cd56efcd834478c62ef369a099d91,cmillion_gphoton
16,0481961669097a27680c38dd54bff72a53cafbb2,cmillion_gphoton
17,04d018579651439a14670c25fd5a63ab2f585a1e,cmillion_gphoton
18,04d5d4eb2f2685cacc064eb9c4878b1e41e9449a,cmillion_gphoton
19,04fb36d835142c8aace480be2045ce34b1f921c9,cmillion_gphoton
20,05ad2b2f7e13ad22936cde0288636e782fb51680,cmillion_gphoton
21,06686a2aaaefeb95724b23f83988039ba949a49c,cmillion_gphoton
22,0685519c675e642e667f26a2b21accecf9402028,cmillion_gphoton
23,0717f655377542aa224a8286612259cead1f781c,cmillion_gphoton
24,073cfbe1eb0fe6fa430b8ab34e9bf56dcfee97a3,cmillion_gphoton
25,077cfd36f88d23de6e954a4c5770235868425db5,cmillion_gphoton
26,079312a2aac177feedf7fb24961083e0936af0c7,cmillion_gphoton
27,07d2b5691e7545791b42002f442195200a500b9d,cmillion_gphoton
28,07f741a971c6d521e2be08e6ecae6244d5496810,cmillion_gphoton
29,080d854fd1884af135b326dd76aa2e1057ea45bd,cmillion_gphoton
30,0825de11ea9b386efceac7f0f7701ac19ec98b7f,cmillion_gphoton
31,0830bf720380cdf37bbb6d3906381813674d264e,cmillion_gphoton
32,083e2e7f75ed2cc9b069657f5b5fcc7398ccbfb4,cmillion_gphoton
33,0871959677e4eeeaed63a856c242c34159fbbc64,cmillion_gphoton
34,0874268e4516e2b7dfea030bcbdb18ffaba7317b,cmillion_gphoton
35,0885ac9da864abe15b749cac68e5a4edcdacd1bb,cmillion_gphoton
36,08a375bd53a4f1297f9ee9af507c436352fab7a5,cmillion_gphoton
37,08a8ab464171d2a677fc593161f0cf08c4e8d834,cmillion_gphoton
38,08b6c1ea3a7bcd518fdaee616208dc22844b34a7,cmillion_gphoton
39,08c2f6e4b6976e3ee7874e1e11712a77e44123b6,cmillion_gphoton
40,099879031ad657f894b976b5ea3a124b2164b40f,cmillion_gphoton
41,099e624ae3ff031ddd41af6919064c74353003a1,cmillion_gphoton
42,09f63ef03cd3bdbe4c79f481c00a5b4df4a001ec,cmillion_gphoton
43,0a26db1270711d9583b683ff1b7ec5bdb830c9f8,cmillion_gphoton
44,0a2dd7578fc9881f41e5ba5baa3be36bcfa44ef0,cmillion_gphoton
45,0a848163f0b8b9be4b3a8e432fa2a5405383b20d,cmillion_gphoton
46,0af28df1ae496db1cf9d027e12c7a9a837049f04,cmillion_gphoton
47,0b25e427388e9f0b5a84793c03edab7f01e0d727,cmillion_gphoton
48,0b2a00eb6e3f6abc20a4b8625aa0f51db5ccb46d,cmillion_gphoton
49,0b2e27c2614e7685f33c20eb71440467733fd28d,cmillion_gphoton
50,0b37b3da0fb43f82fa69b4d6c95f88c0fb4e04ef,cmillion_gphoton
51,0b47290c8c326b8749d080f992355c5f49cce84e,cmillion_gphoton
52,0c73c18bf80b9bb0ac59a8fb8ec94ffaf3665c62,cmillion_gphoton
53,0c90013b79359b4db156624eb0e9b0ef8655853f,cmillion_gphoton
54,0cf43c8b5c9c209f91afd99b16f5fb446298f1e4,cmillion_gphoton
55,0d1b0e3aa407c67d122262c5b87b9a20dce6b3d6,cmillion_gphoton
56,0d26d9ab15a0a1875aee8e5dc7d37056404b1d34,cmillion_gphoton
57,0d346555a465538947189e00f49f8163ee12129f,cmillion_gphoton
58,0d855dfd389d52f8591cec0baa6d6bc41c08d483,cmillion_gphoton
59,0d8fc10b7f96c8699c61e3a019ce6cf872ff023f,cmillion_gphoton
60,0e0b70e314570b163d24c0bb54d3691731aad147,cmillion_gphoton
61,0e48656453f278aaed41253d1274a267979a1ae7,cmillion_gphoton
62,0ecdfc98d18636480e6bbec5a52e3eff2e25fbf5,cmillion_gphoton
63,0f084097515a405ca74ac2bb20182018969c38f6,cmillion_gphoton
64,0f1ec46e3a91a1ee3f2604a0e02d89b9e2596180,cmillion_gphoton
65,0fd8b1c9528e45979548832bdd281046a67c88d5,cmillion_gphoton
66,105f48da780150209247e928d7178835c55b8a5b,cmillion_gphoton
67,110f8b7a59c7e68e12c2888d8864b5370c2a3ba9,cmillion_gphoton
68,11575e3ecd727ed838d1e773acc5b965fecf6f6a,cmillion_gphoton
69,12221126a8a1b7c695714a8ac3220fe379470569,cmillion_gphoton
70,136ab60894debe5b42187146249b485b371f6a3a,cmillion_gphoton
71,13953e5bb6669b341a97652eb1761ae4642d9a8f,cmillion_gphoton
72,1399a87fd144a3fde3e8dc9ed8998da9ceef1a88,cmillion_gphoton
73,13e7e7e15bc914b6bd70f4577884ef05159a4d39,cmillion_gphoton
74,14397807690167c4042433d5a73139f2a1a33655,cmillion_gphoton
75,143eb9731699957f70014b8d9afd93a1cabac348,cmillion_gphoton
76,14528743fe2969ff2a230721d3aba9454b7a2594,cmillion_gphoton
77,1477e8079090b542d3cbddf9cb8d9e68839c86bb,cmillion_gphoton
78,153426b6fdba5f81184ac8c89c57a517b3ec560e,cmillion_gphoton
79,15557feab11ca9dcc32a6645e228d240b28910f5,cmillion_gphoton
80,157379a65bf18a14213ca760d43beb474332024f,cmillion_gphoton
81,15756e8c980c45977815a580a8851c7d77dbe38d,cmillion_gphoton
82,15e5ca37301c3a28ff555557ec430bc8fcbade26,cmillion_gphoton
83,167c1ec3f6aff5b7e3fe51d7749bbfec77c91ce3,cmillion_gphoton
84,1682594254efb57a30a1e19009837f80eac4bff5,cmillion_gphoton
85,169aa30ffa288d82c7ee824372a2a8324a0bbf93,cmillion_gphoton
86,16b8aa1ced7eabe535de60318550f1abebbfa868,cmillion_gphoton
87,16f885b203502c7110a7d5c85fa988601681222f,cmillion_gphoton
88,178869fac5911d003ecca078ba018880d7caf81a,cmillion_gphoton
89,179ec0d9cf14c96c9f9e479bc31ca63fc5a9391a,cmillion_gphoton
90,17cad7983d4680d700a1fdf937f311db98ef4b7b,cmillion_gphoton
91,17df1966aacaa69a1ce9666ac8072113381abbf5,cmillion_gphoton
92,17df8d0dbc774dc20e4c2df353b773284a67dfa2,cmillion_gphoton
93,17f0b51fd0120af777b03b1414d15e48bc18c5d1,cmillion_gphoton
94,17f971a51030cd3246993709985f27ef2895357a,cmillion_gphoton
95,1822a51380ff52dfb8e697bc87962c82057b2690,cmillion_gphoton
96,183a58e97b578959cca0a7975983fb778eeaf265,cmillion_gphoton
97,18c354f4e36a3d09108ee77db2a91c465f30a071,cmillion_gphoton
98,18d90ec70784028adb295fb2ff56e8b62c02e2ca,cmillion_gphoton
99,191b99f0cccd9fa2f33b7688f6713657def67473,cmillion_gphoton
100,1976c7acba9e914068e5425fce3a54708a100b81,cmillion_gphoton
101,19a815e7300c900d2004ed8ac371da95fa464766,cmillion_gphoton
102,19d241f47484d79eebd1673be2afaa1fe1f1715b,cmillion_gphoton
103,19f44441af1f726a254ca60ef55a2021f30107ba,cmillion_gphoton
104,1a2d7c908cf9eff57feb2971cad837d0a2127e94,cmillion_gphoton
105,1ac0ab1e250cd1e708fc6f24e99b131658a05593,cmillion_gphoton
106,1adaba594622f5b38ed0e4129f3faf7b567d5956,cmillion_gphoton
107,1b0cb9732f6fba772b619a87b6ad5c72b7c850b8,cmillion_gphoton
108,1b3dfa4b3af20894ebdc1382384a7291100ed5ed,cmillion_gphoton
109,1b7590570a474ac74dd094457f8db30510ec7295,cmillion_gphoton
110,1c3f9709890d76218d56832a5c265e16772185fb,cmillion_gphoton
111,1c7a6f610cd1c4ea1fc8e7fdfdaa666d0d7ae3bd,cmillion_gphoton
112,1d046952137e332f9ce99ce7f7da89b5979ba7ad,cmillion_gphoton
113,1d1cb5d8b4a5faec0407b7400782ae48ccc587db,cmillion_gphoton
114,1dc230438a4c78889e854de52c7ba947e50c3462,cmillion_gphoton
115,1dee96988935f576d536207a6deb58ddf5d63ad3,cmillion_gphoton
116,1e11c64796e6ec638b8289cc431e65cfd7c3dfe9,cmillion_gphoton
117,1e579b8c09ef31ebe4738747e1a3d4e3babf5941,cmillion_gphoton
118,1e782d119fd6cf7640c2da75517891b449da84d6,cmillion_gphoton
119,1f2b576f810549f945ff2a828f00e4fca2d365b4,cmillion_gphoton
120,1f5346f7b977bd319a72f0336977b1025cb9673e,cmillion_gphoton
121,1f62fc7281c1ef198ae68fc73e7ef87e2b0d581f,cmillion_gphoton
122,1f65540551b0c68a686c56c3b25cbf316d195036,cmillion_gphoton
123,1fa089e189217ed7fe643d513277b4fdc8b51cfc,cmillion_gphoton
124,20295f8ffe5a87ba141347730b84f3e749ec145b,cmillion_gphoton
125,204f3a7019c895bb42f836e26af582d5a70d4ac3,cmillion_gphoton
126,20baf69fafe71f6beefbabc4e040289109a6230e,cmillion_gphoton
127,20f15359a4c865a94c73d7e8a614ccdf33f9fbf5,cmillion_gphoton
128,2107303619e33a32e85578fe8c826c39045200e1,cmillion_gphoton
129,2126fc07afe1c0237e82cbbe7ce8e80b9499f957,cmillion_gphoton
130,21ab65f56da0e8d8be1a19fd15fcf45bb20e0a79,cmillion_gphoton
131,22ca7d1f931a7974b5a3148ed7529849a013dc1a,cmillion_gphoton
132,22cfe3426858ba99f9bfb7c34b862ccc3ea726b6,cmillion_gphoton
133,22f5436a8462ccaad814608ada8cc807dabe6add,cmillion_gphoton
134,2375d7fb69d89a47258b64b8015b608d311ef944,cmillion_gphoton
135,23f2936d4895975d3cb61a9ccac949d04dea0495,cmillion_gphoton
136,2405f2070c21bce585e63dd4bc56d7ef201523b0,cmillion_gphoton
137,243cabdc1c742d30e66b3a9cdb527f52a4a7d91d,cmillion_gphoton
138,2445b9e1c747ccb86e888058617fb01d9391ca58,cmillion_gphoton
139,2482dd27871271e6f81f6ab200d796929674e6c6,cmillion_gphoton
140,24e1b5365d14ff772b104e51bfe2f2e854bd5cab,cmillion_gphoton
141,25411ca653767b1f2398478eedf148b561eb2661,cmillion_gphoton
142,2581ae67c335dab3dd7250c26487445499edd6a8,cmillion_gphoton
143,25ec4f126cac86a3285a69917d07d1355bb7684b,cmillion_gphoton
144,2685216ccec66efdca915f4209626e9e8766f3fd,cmillion_gphoton
145,2709dfcc32c2b4996f92b725de8edb5bd48d6342,cmillion_gphoton
146,275907ff279ca6e03fb52f53148dfe1de4373cb8,cmillion_gphoton
147,27c4585604d9dd35065c78c5347c8a735633dbdd,cmillion_gphoton
148,28666322bdad2b0ebe53ba1f4a9c0b89cf95596b,cmillion_gphoton
149,28d24054381c1c65f19e60673223f899d632d886,cmillion_gphoton
150,2993743b5903ac94a5a81c2df05913772c0c5f8b,cmillion_gphoton
151,29c8839eada8b7d084c2bac60141ba4dc665e770,cmillion_gphoton
152,29e4eecbf4d46196497c4f016d5683b7437fb068,cmillion_gphoton
153,2a3ade4a2c1df9b3b889d98052ca8144d131a573,cmillion_gphoton
154,2a8e04606f1204559e58a9ebf131d2ca1bb86af4,cmillion_gphoton
155,2a9288ff02ddfd4aca5ea494899a30c1c1bf0411,cmillion_gphoton
156,2ac4de1ea6cacd627ce3d98eb7fbf74412834aff,cmillion_gphoton
157,2ae66eacff046146f6ed869aa901678c4179676e,cmillion_gphoton
158,2b09ab7c0bbb3367f1017c5a79c3d3835f5a0c15,cmillion_gphoton
159,2b2c94276aa805af2367834cbc3220c1f0e76bbd,cmillion_gphoton
160,2b6d970519ef639547a4f5a466625081a214576c,cmillion_gphoton
161,2b890b7d631788b63cc9707a0a029d16312ccfb0,cmillion_gphoton
162,2bdcb2142defdc4a02e8be4563eb8aea01c531b7,cmillion_gphoton
163,2c0e9550c9571095777d27c63dad985191b4ee19,cmillion_gphoton
164,2c3b830ffe4e7b8094928752f1b934ba83c8fc47,cmillion_gphoton
165,2c5a8a193a44cd98373a175ceec5a929b094c2b1,cmillion_gphoton
166,2c5ab9c369d9119581869c1f1a1016582b1daa40,cmillion_gphoton
167,2c81907789ce12dd8518a8dab3943fe963d4dd70,cmillion_gphoton
168,2c933ae8b912b42b42fe233cd422e96935d0d563,cmillion_gphoton
169,2cb9ccbb6535235fe5ffef783bee91e25f744400,cmillion_gphoton
170,2d18926e1f92d8de04083127a1fad1813bac6847,cmillion_gphoton
171,2d1c84ab2757803ffd58e2d47bef260e8bd1e081,cmillion_gphoton
172,2d9297513e2b133f3d078bc8841aa4189c48e543,cmillion_gphoton
173,2df37fd948d7068fbfede0eeaa52d26af10ebc8b,cmillion_gphoton
174,2ef6bdb86d4526f1806243c9ffebcbe517956049,cmillion_gphoton
175,2f7121737c8817c8caa44b5dddd39c554ae34a10,cmillion_gphoton
176,2fc45bf606f2386ff6179c430e2134384f1b41f6,cmillion_gphoton
177,301fda02b34bbea67ef8b54eae7cf3858dab4c02,cmillion_gphoton
178,302db7f8dec6ddec7b9ea7b91ab10009ca4bca4f,cmillion_gphoton
179,3031924e05b5aee66bd90e67cd0c949b49e014ad,cmillion_gphoton
180,30be29a3cdf563e2cd55ba651ac0bf999f0f7b27,cmillion_gphoton
181,30bf183721dcc4af05ca040df7a6585624360362,cmillion_gphoton
182,30c85a6201a4575d6b29179ee14aee563b054ca3,cmillion_gphoton
183,30defd346b1cb4bc460d1443bd7eb0472cbeed97,cmillion_gphoton
184,312ecf91bfde6c7ff2c6e686aa3a46d2521d3fa0,cmillion_gphoton
185,31715e30ce8ef0e62b3f4d183601e71dab03dc8a,cmillion_gphoton
186,318f735e7354dbd4caa9c62c0685da81e541b612,cmillion_gphoton
187,31bf9e48bc12053ada16628ac288a5bed828f1ef,cmillion_gphoton
188,31d13ca5f368062672e90274989862eb2ad13e55,cmillion_gphoton
189,31ddd2b7654826700441888dcdb472976502b3e6,cmillion_gphoton
190,32f7dd97d3e37a03d63caae648523542d51a6b08,cmillion_gphoton
191,3364bc70dad934a77ce85f0ec36270c78bfd7c1a,cmillion_gphoton
192,336e8ce9f7df959fe1096b3703545f415fedbfc3,cmillion_gphoton
193,33947cf9b288bed8f6b19dc943decfbfaece7ee8,cmillion_gphoton
194,349a0c45b6beaef794ed2ade01681a2f4530af76,cmillion_gphoton
195,349f24e5ead18702a7fc53f8b090f2763ad48f20,cmillion_gphoton
196,34aefc8ac21ffd64122e65566a97a1d882a438df,cmillion_gphoton
197,34e327069d81d9bf68ffd8856c1eb160285c6853,cmillion_gphoton
198,35337dc0f6c16e30672339952d758c6d58cb84b9,cmillion_gphoton
199,3562157a23292f4ceb88934a87b231107b20fbee,cmillion_gphoton
200,359ce6af9a3fd42f129cf031ffe3415abf8a4ee0,cmillion_gphoton
201,35a1484ceff44b36e9ea451674a402c0b5259324,cmillion_gphoton
202,35bb89dd4396cba2308d6d1cbc0ffce9518d5541,cmillion_gphoton
203,35c0f545a5f8a86fd24200408d052a014bc641de,cmillion_gphoton
204,3653c46ea4e1d12e24cb24278d0002e4b5cda64b,cmillion_gphoton
205,36643812bbf708449fe617b81618cfc1a5d88ee5,cmillion_gphoton
206,36870235c6a7ee95299e007f4fcc766555eeef3e,cmillion_gphoton
207,36d36c48730d8b5bd354390843865b9c3821be23,cmillion_gphoton
208,36d86629de8aa9a32be682dfbf7fec5790a52a61,cmillion_gphoton
209,36f3374ab99634cb2713a55162ff1328d8c9745e,cmillion_gphoton
210,378c125058f699989980d3157ec91e30396da4b5,cmillion_gphoton
211,37be0c125c3c22d729dcdf477fc5d6920664c3e8,cmillion_gphoton
212,37d4efe613f3ce3bad32efb44650385cf5e8fa24,cmillion_gphoton
213,37e44133b9b8e160909dc6479521dae61834fb92,cmillion_gphoton
214,37fb1306ce2bc51dd544b1c531d9cea3771f46d1,cmillion_gphoton
215,38568cab988dea0f9518c609ae55e1fee2a18960,cmillion_gphoton
216,38a4358cb333058cad6c9a9a50f879eb4ee4a5dc,cmillion_gphoton
217,38d550752198cba1344b684ca9953613e9287551,cmillion_gphoton
218,38f25830bdae0798d6a0d60773e75f791e284eb2,cmillion_gphoton
219,38f8ab35e4956f1cdf23cde60928c83d65005fb6,cmillion_gphoton
220,393ac4234d24dfefc5066b216b02654595a67d3d,cmillion_gphoton
221,393ef15fc140c97def38a1010883354597296358,cmillion_gphoton
222,39419f14979fa095f296a2d05ad6811f5353ec2a,cmillion_gphoton
223,394c4de96597fd6b66610fc767f3758bbbcbf823,cmillion_gphoton
224,3a496cec7425817f09a04acaf6997629917e4bc0,cmillion_gphoton
225,3a716901f8c26d5299af77094efe17f5f854e052,cmillion_gphoton
226,3a807b994f6c84ff8a70a6dc3e3eaeae05d41062,cmillion_gphoton
227,3a9e3b6d349f78110d9e305c4e70982a5203e749,cmillion_gphoton
228,3ab106785afaa8e052e75e52e7ba7e1be8ac79af,cmillion_gphoton
229,3ae8aea4f29b42d9f613526c34bbb3ce9a67ebb2,cmillion_gphoton
230,3bee3404ed8adf9301472906affeed87d3bf95da,cmillion_gphoton
231,3c16f293f874917ad36377a6e5602859d3918e34,cmillion_gphoton
232,3d04ee2a84434dc34b366fdde9dd562196ce0372,cmillion_gphoton
233,3d6cf8db409f76043abfdf6c29a30dbfb89a15f4,cmillion_gphoton
234,3d71d22e3aef1bfdc350eb3ec9823018906b9b4f,cmillion_gphoton
235,3dd13b8407e55936c30dba2134c0f7147fe0c2f8,cmillion_gphoton
236,3e30d033c08cba757e8548b199012a93d8011f2a,cmillion_gphoton
237,3e7d131aca77774fa48491f169ee0993c90dddfb,cmillion_gphoton
238,3f065489a01726295c804c83614917da3f13745c,cmillion_gphoton
239,40782b2a827a192311a9963809ff8aa54853d567,cmillion_gphoton
240,407c1b58bf833b9a99ad2906d7f312942d4bb209,cmillion_gphoton
241,40fc1d41b2fc67ec28dec8179fb4a8c3228b3bfd,cmillion_gphoton
242,40fd7198775571369f13cfdfb4c7ff6104b30ed3,cmillion_gphoton
243,411552f7ad2fb9b80b2e044d44170e446e986984,cmillion_gphoton
244,418651560107cc6e38c6294cac4da3e778fcaa28,cmillion_gphoton
245,41a6d42379d882e6a5b33256097198a140943376,cmillion_gphoton
246,42258afebb3012062466949351d0baf6e6990819,cmillion_gphoton
247,42b89386a35fcd381f89b37592d81a3170efbcad,cmillion_gphoton
248,43100a1fb21bf464ad566afe8af5fb8101fd7e79,cmillion_gphoton
249,4366006bf1b777ae14c9c8b07e27b4ad262889c6,cmillion_gphoton
250,4425cd7e87cc176e91fa36560e84d4e44d274482,cmillion_gphoton
251,446795405ca5d378a81609928727eb3f9e53a4e9,cmillion_gphoton
252,4495fca8cdc7a50aa496d01c48e08393be0b3b72,cmillion_gphoton
253,44fd9ad32d3e98312adc1aec717526d718914b3b,cmillion_gphoton
254,4582ccf5379045f519cc87f39515b8adb0042beb,cmillion_gphoton
255,45ac2a8b973adfeddfb6822f166bd35db2c1de69,cmillion_gphoton
256,45cce9e3686795d9b1d7a9911abb842214b0a08d,cmillion_gphoton
257,45ee6c998fb314dd3665f7f2c41bc6f6028ea547,cmillion_gphoton
258,45f154d50c97b140ffdc758fcb2af5d88beb75a6,cmillion_gphoton
259,45f164d5af3655002bc1150b7757967bfbfb03b5,cmillion_gphoton
260,463c2b7f52906814c80a0f304bf7d1dd1948009e,cmillion_gphoton
261,466a1277272a883da9861fb9f5a5113c3f6633ac,cmillion_gphoton
262,46eda4f6a503e8454bdc1b9e8878fcf975e857a9,cmillion_gphoton
263,4717552ad8e576f75d5989b54b576ebf3e679f96,cmillion_gphoton
264,475feb5f64749b80848d961d584579b214d983a5,cmillion_gphoton
265,4774b8dcaf9acfd264c7cee7113971ef756f26f9,cmillion_gphoton
266,479cf9c0ae6bff65232eb4af49ddc0f7956e56c5,cmillion_gphoton
267,47b8705da5c364aa147c95a6523aea43cdfcb24b,cmillion_gphoton
268,47bef5593f79e69ec7a86ad92577ef9d49ae1488,cmillion_gphoton
269,47cc81adfb87c0aef648d99f72f43fb4bac1ceb1,cmillion_gphoton
270,47cfa258447b26ae2943b8e348b7413d5f7cb053,cmillion_gphoton
271,47cfe13b83f26dbf2300c5b77782e3b36692bbf9,cmillion_gphoton
272,47d42b6b0730451d0080336038420d96ab36bd5a,cmillion_gphoton
273,4833394905c09743375ef950f24472e5a6053f16,cmillion_gphoton
274,483d9cd7ba2b3712f61e128600d0a70f04e7da5f,cmillion_gphoton
275,486d48e669210a81689161be5d27c373545b1d7f,cmillion_gphoton
276,4871a34fa059cc17b6a1e7fc8404e57f9a2a0d0b,cmillion_gphoton
277,48813fae3d8b0072c1964f32c31ced26f024242c,cmillion_gphoton
278,48e97d39666984cdd1e2b055360aef4e472383a6,cmillion_gphoton
279,490682a0e9b61bfbe7be20d46459267457e2f274,cmillion_gphoton
280,497e7b91c98f6a081b2fb16f01d55a795f1e9432,cmillion_gphoton
281,49b112a5f717a8064a5027bc8aa54ae40b63095d,cmillion_gphoton
282,49bd161b17d22894345c68c4fbe8f0a31f923f4d,cmillion_gphoton
283,49cf6773e20e1cf8d2e7ae643535e1c57a4305df,cmillion_gphoton
284,49f5c6c0d6fb5ebfb956ee8e782706145ff6f6e6,cmillion_gphoton
285,4a03e111b768566ed6a23e2c0464fe8849617a30,cmillion_gphoton
286,4a4edda06d811b23f77c4e00486f821065f35936,cmillion_gphoton
287,4a55c3097c9790272552e46b6af85aed320c9636,cmillion_gphoton
288,4ac0624ff1a9d883464f677e0f1d6be0b3ed4813,cmillion_gphoton
289,4aeb4dd4cdf7790ee688926f56fd6bfba197fe81,cmillion_gphoton
290,4af85f11aba3fcf975b80b3e454c666cdb290625,cmillion_gphoton
291,4b0a8b50c340889b4aca5d0dbcfe06d2ab06e6ce,cmillion_gphoton
292,4b44a64e6362862fdc19912afb81d7f6f01b6a77,cmillion_gphoton
293,4b9576fcfcd0c9a3df62dddca2024c9b0f8955c0,cmillion_gphoton
294,4bf41c64c8d4a55d0c560875989513b64599bd46,cmillion_gphoton
295,4bffef6c56f8ca7e0209257a7037ffb29723bc05,cmillion_gphoton
296,4c21dbaff1eb14abb7845ef1ce2e7eb78574c03c,cmillion_gphoton
297,4c3ae3a0a2007f013d03b22674206b695acbe208,cmillion_gphoton
298,4c921c462ee59ca2bb60146e8f472a26b56d5d3d,cmillion_gphoton
299,4d02c27a65c3119ce962585ab3fb00d0cf67f658,cmillion_gphoton
300,4d45b906ea871dc3b835a155b5cc0395d1cf353f,cmillion_gphoton
301,4d52b228c0b22d5b99e5806e31373381273f360e,cmillion_gphoton
302,4d7d6121e1cadcc97d5765e657f32173745e94ba,cmillion_gphoton
303,4de276596ec16f5d6a5c005b6503e0a67684ef66,cmillion_gphoton
304,4eb80755f7347ae7743cab08f6c50bddcff08f19,cmillion_gphoton
305,4ee2b68adffe4df52d002f2c96a03ff4f44535ce,cmillion_gphoton
306,4f7ec9e7add0c8f74267569282b6dfb79e258208,cmillion_gphoton
307,4f87f55ef16cdb68920e8915b5d4a547a4d607e4,cmillion_gphoton
308,4fbd797ed97160231acb3ab0948f108bb1248a50,cmillion_gphoton
309,4fee37431fcc0863ca2fcfbcd649f752a4ed9f59,cmillion_gphoton
310,4ffc1a75ed2557789635ac31d538af4b27aa6e55,cmillion_gphoton
311,500084032849731842741fa99b09cf82027301a1,cmillion_gphoton
312,500b32ccf7dec1e6435ba25a7396abcc4d7337f7,cmillion_gphoton
313,503bb3dd9b01eeac3c94ca156423958c7cd22d48,cmillion_gphoton
314,50bfaeeab95493e450fee274ddfeff0d4e694340,cmillion_gphoton
315,510f65eb7973a452c4aeee4cca07b28d0c3296e6,cmillion_gphoton
316,513aded3020f02a7190c62fc664fe22298d0f8ad,cmillion_gphoton
317,51b6791645370c5485bee69a74bc6677d3f91313,cmillion_gphoton
318,5275bf146cf3bc2314830dc0f60ee2141e3f4644,cmillion_gphoton
319,5340bc8b83f658ab485963740128c7e0b51c8395,cmillion_gphoton
320,53ccda555c879230468752a04efa3f79333629d5,cmillion_gphoton
321,53fa3197f8010a80fa04c90a80b05a7832a28fba,cmillion_gphoton
322,5426d75419015d4472453ccbaf18295b968e829c,cmillion_gphoton
323,544fd4245a00c97cf01b5bf3db2043bc25e5e4a3,cmillion_gphoton
324,54755d229b368361053db17d5b7787da9665904e,cmillion_gphoton
325,54835e8179988b095a6bf3d7dd53b4b93e3ed473,cmillion_gphoton
326,549f13f99b0c8b7ebc86e20f3c64436489fa5f89,cmillion_gphoton
327,54dffb17e284c58fad37b924b9b21011ad1c8b86,cmillion_gphoton
328,55b51f446b44c5d6fbee8ab839b34dee3030da00,cmillion_gphoton
329,55b98334ea6b8028faa737041143e4ce535a3e86,cmillion_gphoton
330,563f3b3a66cdb6e7e3491e8ca02be7b6e0c49d30,cmillion_gphoton
331,565a0931e6575ad295921ad09294ba334f899350,cmillion_gphoton
332,565d35546f8eca91413d267fea124ff15fec3b3e,cmillion_gphoton
333,5674e70523f83afd1777e67bd3675b4c96d1534e,cmillion_gphoton
334,569a288cac7f176e3c9f1186dd07efa9d5a4f675,cmillion_gphoton
335,56dd4f96539a0c6c54ceb957ee13e20557b4ea9f,cmillion_gphoton
336,570ef4a22bfb9ebe4292cf0f98be52e86741ad28,cmillion_gphoton
337,576e987bdbba53a1b5d6240e1745805cd8fa4d84,cmillion_gphoton
338,57a00a40e3bd8feee27bae8f644ad6571700c21f,cmillion_gphoton
339,57b2f5932d5b8ea4ed16daa3dee4e099f30023a7,cmillion_gphoton
340,57b435fc6f8321f33c677af57bb574c2a1ab312e,cmillion_gphoton
341,57d7567ef0c20833e23175ad5cdd9db175854a54,cmillion_gphoton
342,57ef27f621b02e113e80b98ac6aee7c06635c670,cmillion_gphoton
343,5820444bb4b5b13c8e63b5b604a39b91d7809f8b,cmillion_gphoton
344,583f6155a2c097bb644cef084e3fcbb3abcbab52,cmillion_gphoton
345,586de90be1847ded96d7c50aef291b0ba5099ad9,cmillion_gphoton
346,591bc727899456db9cb7dd424a529c839a60797b,cmillion_gphoton
347,591c94f1f71e5ce0bfd450edbc19162a48f777d1,cmillion_gphoton
348,59d56199655aab5057aa0fb6d35352428cbc119c,cmillion_gphoton
349,5a38fb758c1a931ab8a2ef30816308ab2e740198,cmillion_gphoton
350,5a3a6cc3b01d54ad12b417c6bd00a66d7e06e9ad,cmillion_gphoton
351,5ab3af84e37d391b0812abcf6ed9529111ed42dc,cmillion_gphoton
352,5b2a9f7cb678d5ed05d8b5f48a1b2f9639dff393,cmillion_gphoton
353,5b7a7e74451bb624345569e0141b3d9ccf7f7b34,cmillion_gphoton
354,5bd765e2e49c769d98b12006600328cff4e6aa50,cmillion_gphoton
355,5cb40e0bcc761cb1afb91122837320cb84309c95,cmillion_gphoton
356,5ce6055a112504b8dd72e0fff230576d936bede4,cmillion_gphoton
357,5cfdd87c7a7ce4de864b7805463fcc39254c4d7c,cmillion_gphoton
358,5d03bbbe4975966a188fd4013afdc6ef606edde9,cmillion_gphoton
359,5d20ba8fc5ff31978a6af25aa8a3c77e3ec12b08,cmillion_gphoton
360,5d222656badd32c300819fa10419d80829beb2bd,cmillion_gphoton
361,5d73386cd2bcbece3eea75539e7db2a3be001ce3,cmillion_gphoton
362,5da4a83029d2f4320dd7306f16f359087ddaef04,cmillion_gphoton
363,5e06c0984f78db494983c748fb34585262235716,cmillion_gphoton
364,5e1897c8f83cfd9283b44d5839c74fc9abfd3ed7,cmillion_gphoton
365,5e2c5f4051764cd8579cb655e42fa63283031e32,cmillion_gphoton
366,5f82cc9c4b1ccded9f6aed84708e4812a9077638,cmillion_gphoton
367,5fc16db78ca5bb4888afdf6d21a8d2e252fab09f,cmillion_gphoton
368,609c90e2d44f7959dd183fd712c18522f22e9a25,cmillion_gphoton
369,618e07dffb30b52698c9496ac2872c1d37762e12,cmillion_gphoton
370,61ba7f189e50e5716c9405743f5f6f3a76ddff8e,cmillion_gphoton
371,6240fdc47a7e62915bb219aaf676db20e783e374,cmillion_gphoton
372,627e73fcd5f176ffff7f8ed07d96d708075ff737,cmillion_gphoton
373,62dbf882233d9e35450af00518266b03ef744d14,cmillion_gphoton
374,6327d0f9dd38c75b4ffbb71717b9abf389b9b631,cmillion_gphoton
375,63634a5e552c0c8685733f0c53f2c82f2a1d6a73,cmillion_gphoton
376,6377ee8324901b201966f8a14586d27fc8aba385,cmillion_gphoton
377,63e3af8ef197557458e6fdc2f3e3289577e0f092,cmillion_gphoton
378,63f213d7baa134ab54e93f4a246c9ea2aa855d33,cmillion_gphoton
379,6429c78c4859c84d52ee58a14ad4ee3edb112a28,cmillion_gphoton
380,648200243ec48ec908fde45c23be62db3ceeae8e,cmillion_gphoton
381,650a72cf98d7139ca2221ade7d6fa1f296dc42dc,cmillion_gphoton
382,65118b66e7439d9f5fc0f696e91299128ce4c26d,cmillion_gphoton
383,655362417c99353c8cc0ee8b10fd2276b3c6e3d5,cmillion_gphoton
384,655784bd96efb643b5bd64895ffbe031f89ab78c,cmillion_gphoton
385,65815e5be574c9f75d4804c0d8ca03720e941c42,cmillion_gphoton
386,659f5231a0ee9c243b284fc1006123ba9036dab6,cmillion_gphoton
387,65b56335bdac0290e1799fa7ef6a708c87fe011a,cmillion_gphoton
388,66770d8916cd29928852224abdc0901159046d8e,cmillion_gphoton
389,667b53c6de743167414584bc15656347f6b3b85b,cmillion_gphoton
390,668a0caa088093ad09a8415f0e6cef0f21c9a4d9,cmillion_gphoton
391,66feed036681765eebda39cec0fc25d4d5a2ec29,cmillion_gphoton
392,67168ef2a11455aa9e611b0fa0ce754b55f862b8,cmillion_gphoton
393,6719b1c079197aa84d49c122f87cfa56c7e8c782,cmillion_gphoton
394,67494fd86845244930edf56ec5b4799c24aa998c,cmillion_gphoton
395,67cad3fb13de23a6eab317aaed7308b76b39a02d,cmillion_gphoton
396,67cda7b70d2ffe2eeb6a38611dd1dfa8551203e4,cmillion_gphoton
397,67d05aa8e5ae56bd786d1b29ef3555faaf429706,cmillion_gphoton
398,6871b52b57ddf92c6e12ac3bc6a17a32ccd85436,cmillion_gphoton
399,688df1996794279a71fe317adfb6d19de6df53d0,cmillion_gphoton
400,68d24dc6b227a327b949e17c890a3b4f928be1c1,cmillion_gphoton
401,68efe801e33562e560f824af796fc3752832aed2,cmillion_gphoton
402,696ae52e2eba0b079edfef6fd0010eedc3dd134e,cmillion_gphoton
403,69ab83cd00151142c8a52e050c7927d4d9c7a928,cmillion_gphoton
404,69fa6e244d9cda6c02147cdd6bce807ddfb738b5,cmillion_gphoton
405,6a672e0a1b7de7ba0d96565c6fa6fa8b24d88871,cmillion_gphoton
406,6a69ce5ae628a25448803a160a192f3fbb626df0,cmillion_gphoton
407,6a869071c4f9048cbee2e81496990aa82e461c54,cmillion_gphoton
408,6aa3933df25c5b234e8373cfd55858969242b307,cmillion_gphoton
409,6aff58afdb37ab3a004235a254a57d013b53729d,cmillion_gphoton
410,6b2f26c02ccfd89c6851e3f77877f6faac9cba85,cmillion_gphoton
411,6b4984bbcf2eccbe48a758fa8d012f608558be35,cmillion_gphoton
412,6b800e02ee7851d357a4e8aeaf8a85840e6cf6e1,cmillion_gphoton
413,6bdf8c0b2f03692949a1cdb2ff9ac1e385bc1466,cmillion_gphoton
414,6c208a890bcaeaa911bf1b16cbbe181ac4e40e24,cmillion_gphoton
415,6c31f1dae0f24c69393eba241a02e81fab2faa5e,cmillion_gphoton
416,6c3b5861c370445162cefcfde44c30f66445b9f7,cmillion_gphoton
417,6c7680b844de2c0690ebe0fd88b78b42310cd501,cmillion_gphoton
418,6c8315906cf154aa72ffe2ad31a586aada49b257,cmillion_gphoton
419,6c872e3c796e022a68f3c7679509fa2b729d7f96,cmillion_gphoton
420,6ce219dba2758bb8c1bdc37f2a1f674ca6698eb7,cmillion_gphoton
421,6cfd1d43411bc211357dda9833926c2026b26afa,cmillion_gphoton
422,6d69fdde0f625407ab913f5a263b298358aa6f70,cmillion_gphoton
423,6df5fa28ee0ebab3155788e226a474bfab8200d1,cmillion_gphoton
424,6dfc52c594fed7cdb3d313ca6d6f555c5d679c22,cmillion_gphoton
425,6e11962ae1f680fc48dc6666809bb1bb9624ed3f,cmillion_gphoton
426,6e1b5086a9769b54a2662d5753d46fbfb7432114,cmillion_gphoton
427,6ea4453247f77785ab5e7a135b5c4ba2b4846db7,cmillion_gphoton
428,6eacc5efb3ae1b338880e2c40098840efc68edb1,cmillion_gphoton
429,6eb9ddfca169406c1f3ee325f77fced9f6cf9f83,cmillion_gphoton
430,6ed4947d961f439e739cb91b25ff40b9e4edee01,cmillion_gphoton
431,6fab6f1c820d9d0811ee1b953dddab049d918bb2,cmillion_gphoton
432,6fb09d5fff4e0267d5ba051a87b050e578c47918,cmillion_gphoton
433,70d4bf697b9b98868d2289fe44a6b2076a2caba2,cmillion_gphoton
434,71354e61b0ac9798faf0452d602dfa9962ae9a5f,cmillion_gphoton
435,715fac9af3042cb2c402ec489fd906d141c60448,cmillion_gphoton
436,717cb0662d55c0a4ab0973f0584fd22dc8ee1693,cmillion_gphoton
437,717d96905a818b957bd675c0639249f52697805e,cmillion_gphoton
438,71d1810bec9f1e258b2c04ddc42967108ebe2b99,cmillion_gphoton
439,71de9f93430f6cf976190ab0594f7b616d80e952,cmillion_gphoton
440,71e30731297d701c6cef30ed8cfd677052703d60,cmillion_gphoton
441,7224ecfb26c1838f9cffe3d9f54bfc857918de49,cmillion_gphoton
442,724d38ae1700af59deb452fe8f5dac0d6f30dd9c,cmillion_gphoton
443,734fadd19dc5923a9c1948b524a22932f56865dc,cmillion_gphoton
444,73bf4e63ac906a40e20b71a84962c74ff9180e65,cmillion_gphoton
445,73e8a13a0f1fd331208b338851776968897e6b3e,cmillion_gphoton
446,74c387f5aa3241d5fc4a4531c39bc66db5f507b3,cmillion_gphoton
447,74d520c9515e844a477d87cba797e07c5dd22dd7,cmillion_gphoton
448,74e610255ea8ec3e59c11e2eab480ad72e3fea88,cmillion_gphoton
449,759c6761a547c9f93f46da8988d51b87e410c180,cmillion_gphoton
450,75ce9a842e6ca947248a6a52ce02757b71797944,cmillion_gphoton
451,763981ebf77453cfcca46afe9913c31213cdfa1b,cmillion_gphoton
452,7658f6fc67e2313550508a5fb09306cb62064844,cmillion_gphoton
453,76eb433a5840c359bb14017f1b144425bc42cd22,cmillion_gphoton
454,7742748ebe2e35377adf13d73a3e438f6049662f,cmillion_gphoton
455,778ad2b34c168d0c5e6b7711a2e8f15fc3bd54ed,cmillion_gphoton
456,78174034b39603752c3e81e88a05a214503256d3,cmillion_gphoton
457,7851d5d7051cbe90c6fa6f41b26508aba4231ab5,cmillion_gphoton
458,78c0d199127ece7ceee9eaf4c5275de050701751,cmillion_gphoton
459,78ebb80dcd0288fbd36b60626bca21e05d505f9a,cmillion_gphoton
460,7a26aed58bbdcf27bc04beca0da26a1c6bc562ff,cmillion_gphoton
461,7a30dd426becb79ded02144253ca01507d77ee19,cmillion_gphoton
462,7a82537267bba83c28e4f4871bb69226d9d92009,cmillion_gphoton
463,7abc67c199e9b2a12060325e60ba5c82bbbb7bbb,cmillion_gphoton
464,7bf80c57c53b3e5c71b15340f86109fc9fdcb6e9,cmillion_gphoton
465,7c45e9353433c060ef5397eda4acddeadd587a9e,cmillion_gphoton
466,7cd503ca991490a93aca3b5d2364ca3f3060c1dd,cmillion_gphoton
467,7ce4ae9bd78fabe58d613a060c87a5927c485f9a,cmillion_gphoton
468,7cf394aa6d2fe48888ac88b51b610e86828cee4a,cmillion_gphoton
469,7cfb6e387502cffefcd7fb7acfb538c5f1ff0d37,cmillion_gphoton
470,7d239d881c9660580f3ec311c874baadd8c6426c,cmillion_gphoton
471,7d33bc5a78ba507fd7faea16370d4eebf1f06106,cmillion_gphoton
472,7d403dac2800193b99f6bce2696904c49ed142b5,cmillion_gphoton
473,7d4f0e5fd56e2ac98ed9e75f59ba9312bbbd402d,cmillion_gphoton
474,7d8013b9c680d3ce936aa7344a34c1b572c02922,cmillion_gphoton
475,7dc1045384823a19e9ff67b502270a411aa0997a,cmillion_gphoton
476,7dfb7c08e7f025fa6b4ae9f2afc1454576c52b5e,cmillion_gphoton
477,7e0ccf516a0d4a643b36bbf404b4531ea0cefa76,cmillion_gphoton
478,7e9bf0968bb9ae274f4d6e6e34b9ddee12f2f90a,cmillion_gphoton
479,8065764624ed57493624e5ee1c2d92e55fb40e1b,cmillion_gphoton
480,80b927b6a2d52155a5f0da476191993914103e74,cmillion_gphoton
481,8149afef2ccda8a4b99c87a04148d5fcb21da850,cmillion_gphoton
482,8167adbe2a55f746b8b059057c23aa8c79aba534,cmillion_gphoton
483,81b0ddb2f0f3e4d0f7638584fadf1e61eed56679,cmillion_gphoton
484,820ddb0b400824c804f9b8e6ac58ad6b5bf490dc,cmillion_gphoton
485,821ea25f8cf80f2b0d9ab431475f77ccae5e294a,cmillion_gphoton
486,8228c7fafd1dd06ec6f8b3ac72cea609bdcd48a3,cmillion_gphoton
487,8235ff8c8cb35c2e3614a400bee9710ea87a61dd,cmillion_gphoton
488,8242ce2b1bd382997e6093180e984908e3b82ab7,cmillion_gphoton
489,824936527370ca7221f1c12616d54bb928812fc7,cmillion_gphoton
490,82648eeeb8c073925946ef098333060784768bab,cmillion_gphoton
491,827f217ae46770efa93b6002ed2aa222dd2f3789,cmillion_gphoton
492,82914527293ceb7347ad790562f7b28dde4b8e2d,cmillion_gphoton
493,82a87332e62a9bbf788f94056d3643db8e0d4439,cmillion_gphoton
494,82f21d864dae3188512861e6fa576e019728bf41,cmillion_gphoton
495,82f4137dcc934cd52bf457dac94fb1af8afd1c6c,cmillion_gphoton
496,83249b88568bf2d84ad1e9d167093504899e3b23,cmillion_gphoton
497,837b459b69054bf1a85b1723f3c03da6c1dd8e55,cmillion_gphoton
498,83a6d17e7ea26d0f7037a3f1541b49e0e1d52f62,cmillion_gphoton
499,842feacbf119c2e4a61809d84b1f62cc088ed0a5,cmillion_gphoton
500,8434a7e3faeffeb31d3aad1a046b41ff103e8198,cmillion_gphoton
501,851254af18944df80121d73cad42b7e793b84b4f,cmillion_gphoton
502,852e207f6753fbaf7201001d2a63dca3ff2aa979,cmillion_gphoton
503,8781091efbad3a2f8785efc8ef6d6d9ce85ab482,cmillion_gphoton
504,87de3e2814e8d776a89f1715c06e69ab4199126f,cmillion_gphoton
505,87f35a4f91eb01a22ce530aa6c256ecbbd6ba528,cmillion_gphoton
506,8839a24c0d9b59f21cff4494bbb3eaf9df55bd3d,cmillion_gphoton
507,885bb15bf26609ad522c10e345b4a82e92a98f65,cmillion_gphoton
508,8884d6ae6457a42fe7c799f0ed0ed1ce69393c91,cmillion_gphoton
509,88e684cfaaef4ba00a10f4845032e9dbee68db23,cmillion_gphoton
510,88f660245c360ab17408922e11aa6fae88d19b32,cmillion_gphoton
511,8901bda64fb6c11e4353bb59407b302e2c6b1e74,cmillion_gphoton
512,89379681f3cfc8f74f29b166c4eea568b2c0afc8,cmillion_gphoton
513,894c4f465f73dc06d76a55c8c7b19fc2926b9ea3,cmillion_gphoton
514,898c5a9a0f35761aa5b7c82d3261956dea129214,cmillion_gphoton
515,899704a5d8b66e44774df37c29da0170b1a4cfbc,cmillion_gphoton
516,8b2f84b3b70e6cd9da4c9b75af51150789f29f7f,cmillion_gphoton
517,8b7f9e20809e036aa5af73689df421e9e0476b98,cmillion_gphoton
518,8bb49ce2f0c5372f62f8d676fef5dea4c15aa9a6,cmillion_gphoton
519,8bc04edc0ac58f465ae367863e57a002c46f2e61,cmillion_gphoton
520,8c4d4a7b2e455fdf90a9e9f3751349c63fa05885,cmillion_gphoton
521,8c5d46efb907d6c82f9f55ca7b8f2677bddef2d4,cmillion_gphoton
522,8cdb9f170e8d2c04b8ae14bab38e020f1eaf6750,cmillion_gphoton
523,8cf2360358229ff10d5bfec56d73a040aeac966d,cmillion_gphoton
524,8d1a889027e7c3848c762e38e7f1a44ddf6f610b,cmillion_gphoton
525,8d21a495b8e8b2df64b762fc48ca93086f82622b,cmillion_gphoton
526,8e06700e87b6fd285f02d057558a9ce3cb1ac5e1,cmillion_gphoton
527,8ed8dfbd79c2ef20176f83488370c7feeadf2153,cmillion_gphoton
528,8ffee0c736855f6cad82517a4b90b1149a638482,cmillion_gphoton
529,90527a33dc95a48536ff164990a3277dfae069f7,cmillion_gphoton
530,908cd6749e34379d13b451a551c0def243a5c587,cmillion_gphoton
531,918aad0b46ac045166dc8615ec222531128a9c0f,cmillion_gphoton
532,91b60e77a7bc8489b8aecc626603e8a222290883,cmillion_gphoton
533,9217bdd7f8ad13e9cef3ea2ba9655b02d3c64a67,cmillion_gphoton
534,9231913256fa00c4e94f373c4cf3fda17b778679,cmillion_gphoton
535,924d84297e532a46a4b6c9fb01dfebdcc3324bdf,cmillion_gphoton
536,9273af6e18a6ce4283a826e613f5685d981b370e,cmillion_gphoton
537,92bd54d49be5bcaf9130c3515c9df02024ca20bb,cmillion_gphoton
538,92dfb5d083dfc9931debe8c044fe1ee1f773d385,cmillion_gphoton
539,9330d1f94c0f8c6aff3961d6edadbfaf1d0d9ae0,cmillion_gphoton
540,935fbd04538d8ea1c4342b6e015c6b8356d6ff0e,cmillion_gphoton
541,937da83ea28401e76868dc4773b4d33723844197,cmillion_gphoton
542,93a1704d5634b108c1b6b0f0258e8ed1ace1a78c,cmillion_gphoton
543,93c23644b8bf5391979fd004f9bea867c12e8019,cmillion_gphoton
544,941771439770a377e05e172383c5d7446888e709,cmillion_gphoton
545,944b4b0c82395d4a46b02c58114cac97f6012f40,cmillion_gphoton
546,946522601e3b0d1979d163d56f2fd138e0c1ef53,cmillion_gphoton
547,94877b143e581bd13c176a6b4167fa07024eaf2a,cmillion_gphoton
548,94a9b0921cb980960a43844b4ad0887249270f73,cmillion_gphoton
549,95074e798df0214270a99afab89217cdca2bea07,cmillion_gphoton
550,9520986d9a16d570d96ed855da72c5cde52dcb80,cmillion_gphoton
551,9522e85b87eb59a1718f3ca707a69c49cf69fbc8,cmillion_gphoton
552,954d3e224b1dec176408abfd015b9e19c3b94f3a,cmillion_gphoton
553,9571bace00909634426bfde66c8f6664191f0075,cmillion_gphoton
554,95e31e7a114425218efc1cb86303108a65bc76a1,cmillion_gphoton
555,967b5bb5365c43bf0c58a6bebcb972c869b47c21,cmillion_gphoton
556,967fbd2baecacdada367d247895a9fd1b2308dfc,cmillion_gphoton
557,9701ac94100e5cef95e7b780cc39461ad87bf629,cmillion_gphoton
558,974ce111e09ce1ba882317fff9342d555ae29d6e,cmillion_gphoton
559,97a4addf461f717b162f7ad84707cbc682c210f5,cmillion_gphoton
560,97c78af77bcc292025b2a90bec5a424a06e8ab89,cmillion_gphoton
561,98167bfe2afa43a3fe5b34ff70f444f2901f5a88,cmillion_gphoton
562,984de998d99e3d784de4e8c83b2b68c0a189ae19,cmillion_gphoton
563,988e6af5ec3baa8522aa7a124819a5a3dc217789,cmillion_gphoton
564,98d314e0bf03f19c4ab8a64e56635d503b5dbb27,cmillion_gphoton
565,990757357dc83aaa2505279740686efddc37f14e,cmillion_gphoton
566,9917233c9922d8885df62c51a7e0761315f70c89,cmillion_gphoton
567,99172e384b532ea69882fbc03533c8dcd8357902,cmillion_gphoton
568,9924ce93d1708e0936a8ceb436c09e22ab26990c,cmillion_gphoton
569,993b739c72513e4f63780c835d7a62723127a685,cmillion_gphoton
570,995fe7654ed876b5196a87bf293f1ef5784f8f49,cmillion_gphoton
571,9a3de0becb2a4441645e1c9598a18c4699f9e7df,cmillion_gphoton
572,9ab3de4882011943dbc80593a033d0d47f973965,cmillion_gphoton
573,9ad52e1f0ece118ff97321747cbd336c8b8d3764,cmillion_gphoton
574,9b48656a020606f8a256630b8a9af4dbf663fc18,cmillion_gphoton
575,9b9fbfc373a7998ca07e6f03cc8de1ae88f986c3,cmillion_gphoton
576,9bfd56cb752bb1976a452a7b50cc00ff974f0234,cmillion_gphoton
577,9c0ef824aa338e59c302e2428f6ea1693ecfd75c,cmillion_gphoton
578,9d04f345a36139f6e23ce014dfd2cac25137d6ea,cmillion_gphoton
579,9d6148b59bca438457a018286585fca3503d2b99,cmillion_gphoton
580,9d6716b8a3da10a7d93d3be624d3b3f9d4e5dd1f,cmillion_gphoton
581,9d8234f1336417375bb108e8fce220b4c3d80b13,cmillion_gphoton
582,9db1df14281b217a4fc03f1f401b9128b2da2f73,cmillion_gphoton
583,9e2480f73c23349a32e9f6636d2cf3c36e7f268e,cmillion_gphoton
584,9e3e7e36153a1f9d09d6822c4d56335d138a9e54,cmillion_gphoton
585,9e434fa2e3b018d6f3c4235623f2cdc5155d055e,cmillion_gphoton
586,9ec20aff66a02382290743f57f8b8b9dfaae65db,cmillion_gphoton
587,9f1dac484835f5a73ec2ca02a882f69dbe3ba5ea,cmillion_gphoton
588,9f20f589e8f924e97cd97444e1f0c84da032c478,cmillion_gphoton
589,9f228258d88aff2db8e6d0ff641c20457d25832c,cmillion_gphoton
590,9f492b758079bdea3914141d25135eee8d093dfb,cmillion_gphoton
591,9fa309f7bbaa8b8a74e2f07dda15e1bf6d1f279e,cmillion_gphoton
592,9fa4abc6fdb0ebc5497fcba1f9630138a10a70ba,cmillion_gphoton
593,9fcc1e52b9002c2b94efa927017dc7031b481059,cmillion_gphoton
594,a01b4e5ef200c256bdd60cf08906b388887a5ba1,cmillion_gphoton
595,a0a0a80d48dc657ceb0516623ed20306f7e8373c,cmillion_gphoton
596,a0e09917b572d91a1ee996a399cb61f204dc3b87,cmillion_gphoton
597,a127a77b92edc237ee9f9fae86c711e527391871,cmillion_gphoton
598,a176925ca1094283d6a816f7f4beffb76df1f101,cmillion_gphoton
599,a1c4e9b74fcb49a72ca12daff1d933a92c2eb866,cmillion_gphoton
600,a2427f63f743f7165d2abc1dfcd0d6d5aec969bc,cmillion_gphoton
601,a2513853b77d334163a6a411dffdacb3249247f8,cmillion_gphoton
602,a26c8ae95b80f999f645c2360d39febe0ffa43ac,cmillion_gphoton
603,a2807274ff12a0bd0abef5be834c11df19b5f767,cmillion_gphoton
604,a2807fe8acb4978fd9c1dcff9f6464ee296bca8f,cmillion_gphoton
605,a2842bf5f6412dd432c901040412bcecab5586e9,cmillion_gphoton
606,a2bc8e40af1e26043a7291f44711086ac6613463,cmillion_gphoton
607,a2e4f5853fe6cfd023c1cf425a722e46a6e5c480,cmillion_gphoton
608,a2f2f737511e1b713b456a43f26d1ef56b102cfb,cmillion_gphoton
609,a3045c538d400f6e23bb822221e62c830fbf215e,cmillion_gphoton
610,a376ec36c9a8f18e592dababba42179b69ef028a,cmillion_gphoton
611,a389315ae961afc83d7950274ee25dc0e3e04b97,cmillion_gphoton
612,a3e87096eb96e27d291f062fe5ea40a2ecbd6496,cmillion_gphoton
613,a3eedc51eaca54a4fb0a5249d522dc27f3396092,cmillion_gphoton
614,a402672da52b9d8d0cd4e97381cea02c0c815d9b,cmillion_gphoton
615,a45206847422beab8781c3d3a49745b0f3bafbc1,cmillion_gphoton
616,a464fd5e0f9b5b97c79c922d08af05b197431a73,cmillion_gphoton
617,a470eb438fd165d4ea8ad2801c86b5aa9669f39f,cmillion_gphoton
618,a4ad7dc93c934c7df5dfe759a6673d5278a89fed,cmillion_gphoton
619,a52695c73baeef17b5af50a7a6307687d9164439,cmillion_gphoton
620,a5657766f6e5552116c4000e053e95d4e7d0be9d,cmillion_gphoton
621,a582eb7c878616e6e8d76adaa785ed90701de4c9,cmillion_gphoton
622,a5fe0999670813f42b62b1b6a8e9ee3cd3c24934,cmillion_gphoton
623,a6ba3bf93a1723d9ba9c8b8382eaa430a0f8708d,cmillion_gphoton
624,a6f862b145bcdf01c3221446d014daed026a0668,cmillion_gphoton
625,a72caf78d6502c6512e39ab0588117f157f31e5d,cmillion_gphoton
626,a75f0dc2efb79448ccb7525cb489116865958628,cmillion_gphoton
627,a770cfc7b4f7698ae25eb3dc5f4283d8b1e6b643,cmillion_gphoton
628,a7b31a25f3f659ea450611343a71b692d9cd86f1,cmillion_gphoton
629,a810840abcd6594c631cb59c4d7819190ed4ffd6,cmillion_gphoton
630,a931344752356c60aa9c5aed37d1669963ca2aa6,cmillion_gphoton
631,a96d22ee6cb25d009b35abc7fd32f3b5f8a72829,cmillion_gphoton
632,a973cd96d5da07f707b1b93754a1d532a630537b,cmillion_gphoton
633,a9acceaf36743901ef00f1a622e4afd1dadf746c,cmillion_gphoton
634,a9c43a176b2eaf499bfe94ce08c2d1278ea8cc9d,cmillion_gphoton
635,a9fc35c6483e013727f02d4b4b9b9859f1e4815d,cmillion_gphoton
636,aa07bec3b06ed3869cf8b3fae0d9e292cd69f360,cmillion_gphoton
637,aa1c6853a3af9e9920c1a6ab2ddeda6da3a37661,cmillion_gphoton
638,aa985de80487b13a82d1ce7e48aa8f2c2662d273,cmillion_gphoton
639,aaf05c9a268b653dc117f8fc012ed13bfb330720,cmillion_gphoton
640,ab7ff16f5a227a140ca494bf3277da0a7bb48ba6,cmillion_gphoton
641,ab883d31e0e8d8ba1824ac56b0691398012da5eb,cmillion_gphoton
642,ab9ac7ef28cb1f47a9246cbddca514f5eb363f73,cmillion_gphoton
643,ac65ebace1c72cbb5d961d6a863109eb412c72f9,cmillion_gphoton
644,ace2b754b834ad77b08b4d57a7ef13fb806f0e71,cmillion_gphoton
645,ace85027d10d37e49dfa1425af2fbb8903c92cb4,cmillion_gphoton
646,ad037689083c66575b020fcadda3b12082072661,cmillion_gphoton
647,ad6d48200b73aa04e27f26a26db1110240f51358,cmillion_gphoton
648,ae65903512739922b1ac539f895c8d2d822c3a8e,cmillion_gphoton
649,aebf76ea63ff620bf5484cbaead8d960462189f2,cmillion_gphoton
650,aec450c332f08e02d83d88a832e951977854a7a6,cmillion_gphoton
651,af98cbdcbd43abdfc2775465eddf556344fdef3f,cmillion_gphoton
652,af99bf33e9a074ca2c6bcc0f28998f8bba6e1dc0,cmillion_gphoton
653,affce00eedf5a4565c7a5ff8eea8e24a7c0a3eae,cmillion_gphoton
654,b0a2257acda38f3164dfe901d4a8272cbbc75009,cmillion_gphoton
655,b0a6520aa5ba9517dc01ae3b7466c70542143ba7,cmillion_gphoton
656,b0b4132cd074617bf9fd676defa0bb2bb58d18c6,cmillion_gphoton
657,b0e2975599a4e46031cde0f3862da643b890c6a2,cmillion_gphoton
658,b0e5e594e85cbdc75b05cc0f0b665135588f15b3,cmillion_gphoton
659,b111d87ec02982b48e84bd4b82a5b465343e19aa,cmillion_gphoton
660,b16024a42f10e1812128197494d6a8a22b816357,cmillion_gphoton
661,b1a5ebb2f116567f9f0bc0c7ca5f76837bfe12b2,cmillion_gphoton
662,b1c317b9f53e982576b2511124a91130f0456ebc,cmillion_gphoton
663,b1c7f52466cb2a08bf010b7a236d93ad9f469111,cmillion_gphoton
664,b27e2d2cdd07bd28680e212a050c325e97247537,cmillion_gphoton
665,b299e1b6f28799e583e2ad9bf1aa20ce702ac3fb,cmillion_gphoton
666,b3208b64b913b67411301f22e57b0984a85ef78d,cmillion_gphoton
667,b35fcff3725758f99de9c3466c4e0b949e7e6ee3,cmillion_gphoton
668,b3896e59c50d356d150c45ef3bab497108b16365,cmillion_gphoton
669,b3da459ce224e595c24a3abb501466736a19f54f,cmillion_gphoton
670,b4a2241ee5ca8c5d325ba2e0c18cec257b9b92f3,cmillion_gphoton
671,b4a957c7dc6925d31ea780bac7c157292137310b,cmillion_gphoton
672,b4aca5f83707f2d83eacf135cc9eb812f53cae51,cmillion_gphoton
673,b4e902222503d04925abf2464016626be93c088d,cmillion_gphoton
674,b4f36fb088057a0b5f81fef88646def2fdc9ab61,cmillion_gphoton
675,b50450574352f79b22021e406dbe655a59acd760,cmillion_gphoton
676,b517a80b96b9953e15c2576da8538ccd88f623d9,cmillion_gphoton
677,b521e1fb3d286c5d7669dbc6c5d2799ae2044d4b,cmillion_gphoton
678,b53a65107259e98ff9739a405eb9a3bc7be5b468,cmillion_gphoton
679,b54338cf9933cba0366649eff344d96697351cc6,cmillion_gphoton
680,b5dcc6ff37c468c4c1d8e66c6f08d977da44ce1a,cmillion_gphoton
681,b62460ccaf906e0c2d0203e364d7d0eb7a8d462b,cmillion_gphoton
682,b64a8d31f71b5f6c7cd02726e9af96a6634fbf3d,cmillion_gphoton
683,b651cc3aeb5dfb9926ce45b2b976abf4140938c9,cmillion_gphoton
684,b6c235dcbd460b9b8cec9ee9873ca49eabef044f,cmillion_gphoton
685,b6d4da72eba3ea865ee210436b179f4817b3ce53,cmillion_gphoton
686,b6e550d6598b96cb07b171fc7a0af8c09240a89f,cmillion_gphoton
687,b70a43853f266cab0eb6976c4de6054ea0b54fd6,cmillion_gphoton
688,b7a82e4ce480a076fa3af2c1c314c113d877e946,cmillion_gphoton
689,b7bab75ee6f08a71823e1fd9cf1256c3473c3b63,cmillion_gphoton
690,b826a1b6e092e9a0890e71aecf62efc45b50951e,cmillion_gphoton
691,b832fbea188aa14b74f1fd6b07d9efe699c39aed,cmillion_gphoton
692,b8490610c15a6fed3f807857783b7e8542335deb,cmillion_gphoton
693,b863f4f55772cefa6e89064102fa9bec9095329c,cmillion_gphoton
694,b8a1c3f76046f339f14c4f0fbe3c72b069c8bd68,cmillion_gphoton
695,b936d753c69011f995c9009faa49488cbbae9f5d,cmillion_gphoton
696,b943f6138663ba6b257f723d7316489865776790,cmillion_gphoton
697,b9803418e15ac5f40e5e22b7f083488c5ddedbfc,cmillion_gphoton
698,ba80e3bf19effdfe185b849da37d3c7ef408190d,cmillion_gphoton
699,baf20b9cebe626462c062317f17dc6db4e5f9d03,cmillion_gphoton
700,bb2c00564631d9a6cc163b81b5d4a37f2e4a701b,cmillion_gphoton
701,bb3a37ee7a66c077c9da47b602fa215e491fce8b,cmillion_gphoton
702,bbf593a9e2cd7afff28a2854294c4b06328a9d9b,cmillion_gphoton
703,bc11969ad208cd2a9f74fb74d54cc3c2f672714c,cmillion_gphoton
704,bc232b06aeb1dc3ceb08ae253ea2dc3dc75feee5,cmillion_gphoton
705,bd62415a38206b47609dc3ed57cb74933268ad4c,cmillion_gphoton
706,bd7e477c5005fa0dfc7012e22df684b52ce56fac,cmillion_gphoton
707,bd96de55e606ffb780ccec6a074f7182983d8737,cmillion_gphoton
708,be11d8b611bf1da32db795d82f46aaf5df720096,cmillion_gphoton
709,be5e50b4a8d3ea119c71d5b48901ea81c059e22e,cmillion_gphoton
710,be91a14966ac22da0eeb7259e401b1310982456d,cmillion_gphoton
711,bedf1f83dd949ccdd0fca6f067918f147fbe7da0,cmillion_gphoton
712,bf430f81a1b8a10e6b0d1d56aa1a72f32f74ff2b,cmillion_gphoton
713,bfc0a05ce5d50756c35d64bd23bb55bc6080516b,cmillion_gphoton
714,bfdec2e5788469ab9a1c4b87d02bdd4b155f27b1,cmillion_gphoton
715,c00e148e43ae93717b0c985a00a3954c5a195fe5,cmillion_gphoton
716,c0e56bf282cd3072af912302978c32265e55bb46,cmillion_gphoton
717,c0fa47d585b16a3d5ecc97d27ca4276ec0b137df,cmillion_gphoton
718,c1558a3c88facd711977d9499031c7e751e0ce6c,cmillion_gphoton
719,c189678c38eeaaac3c749d2b50be426ddd6af93a,cmillion_gphoton
720,c1bd1e737e56aa4d8252532522c80104f72b2056,cmillion_gphoton
721,c1cc1fb260e7946a396e4cebfdc930b51852511a,cmillion_gphoton
722,c1d36d33d65c07870031f2bff4998a6caa6aa322,cmillion_gphoton
723,c21dc666d998c0f84323b92ecb23d0de9d357ddd,cmillion_gphoton
724,c23a45c15028b4c8f9211ce9f56799a963c7f343,cmillion_gphoton
725,c2fa01a5cbec3de03469af0052cd350995388611,cmillion_gphoton
726,c2fbaa8e9620284528de44b877a78e314c3678c2,cmillion_gphoton
727,c324a6c1734e78434b7cdca199fdc0307322c656,cmillion_gphoton
728,c333d1e0826800d5adf8a6bdf947f1bee097c26f,cmillion_gphoton
729,c379acb6a72dc7d049cce4912444d906a039a276,cmillion_gphoton
730,c3baa92971a3751c015d4311d930e60fefb7b0fc,cmillion_gphoton
731,c475c9765b9b94362f7bd8ab614f95058f0843c5,cmillion_gphoton
732,c49397e4e353b258cbddad82d0098945f1cefbeb,cmillion_gphoton
733,c4a87c9705d6b2597abe772855d09dce67c1eafd,cmillion_gphoton
734,c4be3e2272de9209aa4fd7c60b19fe48cd60f112,cmillion_gphoton
735,c4e2a1dfa9d3315749d15a0096946c71e7f306b7,cmillion_gphoton
736,c590fee1cd226bf151b96975d8a276e252290aaa,cmillion_gphoton
737,c5ef4b9755bd611696d22ad7a4f7571a83b2f472,cmillion_gphoton
738,c633ab48f63d1a1292a0191bed0d71377b9581d7,cmillion_gphoton
739,c65ff18f14a894cab6d7c6e68b51da518e430010,cmillion_gphoton
740,c6a22e20340eefd878c24470d421eaf12e9915cf,cmillion_gphoton
741,c6e9e6d3e2ccbc194d8fb28f73ec8ba453b947f9,cmillion_gphoton
742,c7001aa93b3e2efff231c89d2f06341370b2881a,cmillion_gphoton
743,c720616bec21bb838d353062cebdc0af102c0111,cmillion_gphoton
744,c79d12e6a31a6a9abd7e14ac74dff63a2fa8b1d9,cmillion_gphoton
745,c7f2a6f75b8aa7c357566fde11997f41d10909a4,cmillion_gphoton
746,c8160ef9a692eebbddd921763faf689f247b6ef8,cmillion_gphoton
747,c818c1698cd202aac1b9ab9bf569064e941c5f95,cmillion_gphoton
748,c8759a022e95c4f9d3ab78854e0d61ff58d9a188,cmillion_gphoton
749,c898dce27a0ec20f25371c24d42028e86374c497,cmillion_gphoton
750,c8be7435dd9184acc5d47063707788772e4e51eb,cmillion_gphoton
751,c94c85447d0808157be1705b608f8a56f09e425b,cmillion_gphoton
752,c94eb16b11711ed2a248bff885c6d1c9f0215232,cmillion_gphoton
753,cb27a36571bc939ba7da6dbffde20407bb6a96fa,cmillion_gphoton
754,cb61c7c38a0b4a830e6b7b002b88a5d9f4d80a6f,cmillion_gphoton
755,cb62b5381134d204ee4ad6ec6731bd3f241530ea,cmillion_gphoton
756,cb77cec9f801afc8887117e70d3f0743b42832a7,cmillion_gphoton
757,cb7c1de4a6493f483f0e6aa21a255fbee4d00af5,cmillion_gphoton
758,cc473d6511d7a6f1c581fa747dc5faefe8610fa6,cmillion_gphoton
759,cc5fac5547faaebd41dc9830b08cc6024eb26b44,cmillion_gphoton
760,cc653a4d0e1e5b9fc2ba3583984be368aa58ee22,cmillion_gphoton
761,ccd8de1dc5cdab8869cddbdcac4685047c435fa2,cmillion_gphoton
762,cd4a595765726202599d6abfeebb85e42dcdd217,cmillion_gphoton
763,cd7704edfc9fc0a5dd9e2418dc2505cd9477a2e2,cmillion_gphoton
764,cd9d341b01a31f5bdb008513400eb46c247c75ea,cmillion_gphoton
765,cdadde73aab918dc7d4d6f05a677502f586cb091,cmillion_gphoton
766,cdf3e714247682bc91e91648f87c97bf79d5c93c,cmillion_gphoton
767,ce25cb27d96cdfc4066da54e35a72245f8a4323b,cmillion_gphoton
768,ceb91a1e8cdf65e6e587f49f09de6864527086f1,cmillion_gphoton
769,cec48112d9c274323dba2a098e9c92c34c533a56,cmillion_gphoton
770,cee560284ad3b7402706e1e373d4b1574c481f13,cmillion_gphoton
771,cf1ecf3f10ea95bb1a3e2d71eb548edeb09d0300,cmillion_gphoton
772,cf41faa71e5c1657a099aa75a94aa8c92c63c3c3,cmillion_gphoton
773,cfb760b23d35430fe5be4222a65926cd9bf7c138,cmillion_gphoton
774,cfd46fcfcf11b14d853d3cf5ffa1a60d3eeebaa4,cmillion_gphoton
775,cff3fe9270217362b5e8d666e725a444596613c8,cmillion_gphoton
776,d00f00e05ebbf4d588dfbc5c5a9e909148b4714f,cmillion_gphoton
777,d0e72ccbb5cc7ea7017b53d9f1d134767db42d57,cmillion_gphoton
778,d0f4d8cbc83e194b49e55b3999787fbd0e1fbf35,cmillion_gphoton
779,d16493ce1c8e5c6acb1e1c52fd2c4e864a169f81,cmillion_gphoton
780,d189c771226997f1d1075e1f981d6daa5d0f07b6,cmillion_gphoton
781,d19a6cece47ebc66f1c7c7675e4e81c3fab5b941,cmillion_gphoton
782,d2068ca0651cb3b423d3a073eabf2c2a6064c075,cmillion_gphoton
783,d21924733fdf602400962f6adb4210fe69ed8363,cmillion_gphoton
784,d246213581f0d73315907c0ee0e456dea32b138b,cmillion_gphoton
785,d28baecf14f94c752fd71b9bc1827b5a8a11ab74,cmillion_gphoton
786,d2ca0dd8bec4a95c50988204771e5008c5d4fd09,cmillion_gphoton
787,d2f7dc51366511feee28de29f2794de9cc8d982a,cmillion_gphoton
788,d304ab0ee4fdae10de00f438ca0e2fc9bac2d70c,cmillion_gphoton
789,d39f03dc0d2c8884ff62b70ff1d55bf5437bf407,cmillion_gphoton
790,d3dfc8adb79b875b31f014eca257d101814053ed,cmillion_gphoton
791,d3f09940edb079f27b77972dc8d285738f969c16,cmillion_gphoton
792,d4105a095f72a06090d664ea9efe36353a5dc747,cmillion_gphoton
793,d4398a7a0cc9f5f0e2abd3b4f6bed455d0c50447,cmillion_gphoton
794,d46da053da0c3a5cb43abad72fa77d79146f2f7e,cmillion_gphoton
795,d46e4d9b7a8d5f03c521a5c3f68b15a3d1034749,cmillion_gphoton
796,d4bb9d98bb1b949f1489ade64ed38d1f93a96eac,cmillion_gphoton
797,d4ef93fae6ee666cfdf314fe8f349a95121914b8,cmillion_gphoton
798,d537d97751ede8e31c8bb8994ab8e7fe59d61aa7,cmillion_gphoton
799,d5f4b3d94554efe872c3eec6725715b3015fbcfe,cmillion_gphoton
800,d6afcb4b66e81c396207f1814064d747e8c8d543,cmillion_gphoton
801,d6d63417ad6a1914b8f521e6a1364835faf7a536,cmillion_gphoton
802,d6fffd57962e427ef10c9ce64aded8b9eb7b8f54,cmillion_gphoton
803,d7174dad5bd3bad775b816f536e4d22ec7713015,cmillion_gphoton
804,d72b9443ee700f3c5a00e978c8229ff0b97c3bfe,cmillion_gphoton
805,d7e854556f0b2647d0c1d444c12c11a9e8239ba2,cmillion_gphoton
806,d7f534de746c9afa0ec4174833b4ee3434afd215,cmillion_gphoton
807,d8366294fa0e79398c1d852f0e0327564b113b61,cmillion_gphoton
808,d8578852461c3971fcc12852fc5e0dc5e78768c6,cmillion_gphoton
809,d89c49501680fc0ae4b151fb1cc5e3b31696319b,cmillion_gphoton
810,d9067d410f007c4a91dadb33a5d9313b58259b7d,cmillion_gphoton
811,d9130abaceb0e53b38fd7c8d9a8add26ccc6b90e,cmillion_gphoton
812,d9e773164e9c841af310508c88f80c0bfca9c50c,cmillion_gphoton
813,d9f24b6948a16020882844cc158abbc19bfa8ef6,cmillion_gphoton
814,daf6840e8340b28d7b2bb1fbbf21a50c4899cd01,cmillion_gphoton
815,db011caa36bc62dc4a0ce7e1c16f904609393271,cmillion_gphoton
816,db5c156bba9a39ad307f8983888f4e7269f97935,cmillion_gphoton
817,dbbe3c618ac0986cf7b87d09f8729acb4eca3124,cmillion_gphoton
818,dbbfc216a39f17b61cd24a10ef4a1c38195b6b00,cmillion_gphoton
819,dc3470ca0308277e18dd8c19eab4b12bebee9d72,cmillion_gphoton
820,dc9be1e8d408e155c5bce131f8cdcaa09ab0bfba,cmillion_gphoton
821,dca96154b82342bd2a7b32b2074161de0c4fbf42,cmillion_gphoton
822,dcfc234eb55a28cc006afadd9ceee38761f78393,cmillion_gphoton
823,dd99ac088488f3d65bf2cc11c747b79fd5d4780c,cmillion_gphoton
824,ddd3adb0f13f2f550f2e6f89c66581db59239f4b,cmillion_gphoton
825,ddf5d94e3b5fccdb4bea79e08b7ecfee00b6fd67,cmillion_gphoton
826,dec47ee1660604f4d7228bf4c5d49d27e9f59d6f,cmillion_gphoton
827,dec7b41b274ef45b4976a65ff19abcb2746e8777,cmillion_gphoton
828,df22ccf7106f24b7083f97535c8bdf318a54393b,cmillion_gphoton
829,df49409d6b212798c875008be4d4513fe4042264,cmillion_gphoton
830,df547d42ca22dd916e477b7d279df3122d36c516,cmillion_gphoton
831,dfb3b7dc73b70c2b8e737769697c03336a0d9b68,cmillion_gphoton
832,dfd22c20cef6641ee1fc863a8b12f0b03801f1de,cmillion_gphoton
833,e02aabfb6f148d3027293e39d6b9ce674e61eead,cmillion_gphoton
834,e09c77c15cb428c50244e2ea95b902e51fa9cd97,cmillion_gphoton
835,e0be33cfc0eef3fde4b6c05cab98d381896a2936,cmillion_gphoton
836,e0e79292a6540a980d601c7ba82aafa621484e7c,cmillion_gphoton
837,e131f171675eb858ede42e275ec37f75f2f8d384,cmillion_gphoton
838,e145b11f3c3feefa5b15a7d17fdd7059db8706ca,cmillion_gphoton
839,e1abe87271bcf3f1ce1095367e14ae4668464df1,cmillion_gphoton
840,e1c9da964eeae46f5f580d05f9ef2c7b643c1a37,cmillion_gphoton
841,e25d852afbcdcd667dbfa40c49827315710d215f,cmillion_gphoton
842,e26c94359eb1ca2d44c904a9c04e07e9f7efa8d0,cmillion_gphoton
843,e28c6afc5933b58831cfbbdaf7ce8dae61a1d394,cmillion_gphoton
844,e3ba2c611a5703bb8b5c343ba35382fef773f8d2,cmillion_gphoton
845,e48dbd2c902a6dcf75d774d2c4d637c1edf54615,cmillion_gphoton
846,e493f2273e594a6698f1dae4572b04c6ec122ce7,cmillion_gphoton
847,e4eaa8d0ab81080257d7a8e1a09a9f632fdf0689,cmillion_gphoton
848,e4f2a5fd1e2ac21bb650c5416adabaf5e22c8385,cmillion_gphoton
849,e50f2bc6abf6a78e397dfa81a37fe08e992a07f8,cmillion_gphoton
850,e5223c7c113c6b74685f603edbb9a32250fa4572,cmillion_gphoton
851,e553e57811ec37b7ea4b2386b916a6bf308c9335,cmillion_gphoton
852,e56e228212441c6566378a4fea949fa141123548,cmillion_gphoton
853,e570fc59fc725630c640f6726b61c3aaafb47969,cmillion_gphoton
854,e595ff9076a66effa8cbf5e23b2a489b5f913550,cmillion_gphoton
855,e63efca9be7c0059de1291d43ede441fc337ab55,cmillion_gphoton
856,e69796eafc09ca24056c1c9ae6870a3d7b7b67fa,cmillion_gphoton
857,e6bffa1cd11979e586c00fa41dff5ea061631fbb,cmillion_gphoton
858,e726c37556dc40d5e66363d738b2f27330d3f40c,cmillion_gphoton
859,e731dbff5159641d98bef79c53530b1bd7839caa,cmillion_gphoton
860,e75dde21ab890a2f0e7b7f8af9ab2e4a98b4b13f,cmillion_gphoton
861,e771592d395c6e06d6ea415d4ed94aa021144129,cmillion_gphoton
862,e7a713613c434a28a8c3679fdb2cce19d7c65941,cmillion_gphoton
863,e7e4598839342b970accb774720658e1fd52c346,cmillion_gphoton
864,e8b86197b9241ef0b06aa42c65eaf68801c6a01e,cmillion_gphoton
865,e8d32bdafd87f7ca89be4e983eb1b49433102326,cmillion_gphoton
866,e95edd8aaa720fcde75046c57138d5e9272fc55b,cmillion_gphoton
867,e986c3f139c4df366197ea696f8fa317819de12a,cmillion_gphoton
868,e99d0937ef606f65842a573eb14c6f04d51f35bf,cmillion_gphoton
869,e9d722697557a5a18fca1253c67705adaee4f68b,cmillion_gphoton
870,ea00b7f200e414677488b13e49f45f85ab7ee4d8,cmillion_gphoton
871,eb17e2acf6231d70a8ff5b3694fd6b85d9d0d691,cmillion_gphoton
872,eb27d1f3c77f340e0091fb6e7611451135a3d100,cmillion_gphoton
873,ec67e678adcd7a4f4f795bb040251ab1eb1ecddf,cmillion_gphoton
874,ed128de79a1cfe3dbd959a0cf618ebb61f8b24e3,cmillion_gphoton
875,ed530c3788ae05bca948a9725bf4c5035a60de60,cmillion_gphoton
876,ed81fdf68a69241fad6c34d3d8b252037f34bd8b,cmillion_gphoton
877,ed8537cc7d324c62bef1e8f524612e8aad41fd9b,cmillion_gphoton
878,ed891a3c8fd0ce0097cc7dcfe7504cfec62de844,cmillion_gphoton
879,ed94bad2a851e2077640b4c1138ea220c02556ae,cmillion_gphoton
880,edc86d07878f786e4fc831d6470b79b3b4071fd1,cmillion_gphoton
881,edf585dfb9cc625c61048c78c1fd8443069b0db9,cmillion_gphoton
882,ee4ebae2ff365219e95d79aa5c93fc6f434c73a3,cmillion_gphoton
883,eebc2512f5c6f6c01a3f019c9d7b986d18db987c,cmillion_gphoton
884,ef3b92a8ecfa9ea2bd662a4baf48d44f5dc13d72,cmillion_gphoton
885,ef64f078950690d651b3bb488e9730ca767bce52,cmillion_gphoton
886,ef7a4a4af0dfc06b8b2dff961e6845d7430afc4d,cmillion_gphoton
887,f056b147c95ae8d0a6d876f29c1ccade6afa9f86,cmillion_gphoton
888,f06565eaae9b9771c7d18d3b1d75f102806ac195,cmillion_gphoton
889,f0a163dacba72c9624d3d571000b53cabb38c381,cmillion_gphoton
890,f11fc85953531aa80d2f2ca6d4b0585305b4abdd,cmillion_gphoton
891,f1572f0a85c49de2f6d14ca410d963903143cf85,cmillion_gphoton
892,f1699bd64cce9ec2b8890b88dd31c3b951409c86,cmillion_gphoton
893,f16d58b785c9249cab9b883b2ff51c49a42f91ca,cmillion_gphoton
894,f1b9f6def180f31fb0fd51903aab77bef351a642,cmillion_gphoton
895,f1fcd43e4ad11b0483149082ce06b61831f63833,cmillion_gphoton
896,f26f415646d04a6a96918509d0bfb9af68a31248,cmillion_gphoton
897,f2767cd8734e00ec90ae05c4c3bb5752345d26c5,cmillion_gphoton
898,f27e0a74f4a192d08c15e8898cf3fbfac9daf673,cmillion_gphoton
899,f286394a53b842465bdb993a09d21605461e59cd,cmillion_gphoton
900,f2d9d1390b6fcedf89923e67418f69e1783559df,cmillion_gphoton
901,f31b7f1a26cd104b548eeb0406b3b1ed87547b44,cmillion_gphoton
902,f3e50ee7acc0602dcb9c485a02c26bbd5568f279,cmillion_gphoton
903,f4041c2604fe6022cc351255597390f1404de9c8,cmillion_gphoton
904,f4149a19ea68275c5458a92ab0c48b867aa6560b,cmillion_gphoton
905,f41dda8a1b1741ee450d4c9b19ea1c899c70deed,cmillion_gphoton
906,f484f213f7fb56c2a01bdaa7f4889d0e942ff7ca,cmillion_gphoton
907,f51df5ef9626c3211093a01b6f4cc57353331c55,cmillion_gphoton
908,f53becf871571366c3fb6376b8a2dfa866262caf,cmillion_gphoton
909,f56afc98cbea6a7345168a3f96457beb8cdabbdf,cmillion_gphoton
910,f56ec0713a2743d6ae36e4e3bd1900e8312ade37,cmillion_gphoton
911,f58363292aa60efb8d7c224eeff0d0191b73f2a3,cmillion_gphoton
912,f5aa48ad5528a6d489684353c76eab700cd2497b,cmillion_gphoton
913,f5afd91208fe97676d5083c9f049d7c0c38e77dd,cmillion_gphoton
914,f5e7e88788a2801f420d7f6e3bdee2c9693c2df7,cmillion_gphoton
915,f5fa904eb18468ff8893325433b21b3433a3e6ed,cmillion_gphoton
916,f6403cbab2075e39b2489f8a3fae4cc9151decbd,cmillion_gphoton
917,f65e7fb072a565d7d815578bea2b95398ac2fff2,cmillion_gphoton
918,f7218542f63c3c8c327c26aea894941a760c0d52,cmillion_gphoton
919,f733f3a29cfe4c8e761d94e43696e23a44649a5c,cmillion_gphoton
920,f745794b4865d8065380e4b186ad1f3325e479f4,cmillion_gphoton
921,f77cf6772f8af92252f91146b755c0245ece96b1,cmillion_gphoton
922,f7880153db2e0c5b216805c8f33c6b2c0920dd84,cmillion_gphoton
923,f7c4c4da01541e15d8b87152ae16233379ebe7cf,cmillion_gphoton
924,f7d9852c80723019e460ba59b5e634d7a71866f0,cmillion_gphoton
925,f840f593a4461e27f47f909dc009c3b47a9e1ca9,cmillion_gphoton
926,f929ea307fc0bade338c71ee2c16ff0a954d5b8a,cmillion_gphoton
927,f9308a8b54842cead9c8b7fe450519a537c4ac09,cmillion_gphoton
928,fa3328c3741629c0e5ed2f707d50034be8c6aa28,cmillion_gphoton
929,fa6c3141c97d19d44e00b2d775a39392b21924ed,cmillion_gphoton
930,fa8dae8ad8d6a6bbdcaac734d05ccc1ed0b25bfe,cmillion_gphoton
931,faa1a5c432ba05f08c625277d46b13230a9bc2e5,cmillion_gphoton
932,faa49078b20892ee00608a1a75ad3fd41d195dcd,cmillion_gphoton
933,fab8a0c27519872b5f5dec12d0937567e99c7b0d,cmillion_gphoton
934,fae8223715a6d82542fdaacbc4975f801fc9bfab,cmillion_gphoton
935,fbedda1516e2637f9a39ad2728f04cf02958178b,cmillion_gphoton
936,fc55e5e620a48109ca6252277cabd54c6ee7ba69,cmillion_gphoton
937,fcd89a32f17e0fbe4123b5b5e4322c8659324b4d,cmillion_gphoton
938,fd02c894b840cbaa1d2858e87613c47b26a2b7ae,cmillion_gphoton
939,fd1304dbc0ff09c07a3bf30d254100be48a0ef10,cmillion_gphoton
940,fd14e88a6f314cfb975006bc27a02270b69ded09,cmillion_gphoton
941,fd23cc43753282ce2f48b861c57192e0f3c59c52,cmillion_gphoton
942,fdc30a246061c11a0cb33281539797bb43e6930e,cmillion_gphoton
943,fdfd215845fccb3163822fc5d040584f45e6c3ac,cmillion_gphoton
944,fe3fcbaf78299e6e0e253dc1107a4b7d6956d9e2,cmillion_gphoton
945,fe8ebc31a45f2c30d89f5c342c0f584c44c23860,cmillion_gphoton
946,feb27dc7db2698355b5d7823aa3d313e0e882910,cmillion_gphoton
947,fec27716ac74204d68de31cef5a3925117814da4,cmillion_gphoton
948,fee0e4376567dc4e904b0a0fe8d17994664d1b94,cmillion_gphoton
949,ff1f02451a4f82096bad846ec0e030b319ab6f66,cmillion_gphoton
950,ff6595c3c9be354da51cb8686cece8d6f9486789,cmillion_gphoton
0,0157227f966eda93c1299a402537b616207ba226,aim-uofa_adelaidet
1,0184c04ea36f2389aee635271516ad576f2d8ffd,aim-uofa_adelaidet
2,018b42824585de1f2a37f1050924a5c3967225a1,aim-uofa_adelaidet
3,01cb54120d9e136e6acaa0934b6e49f4ca3cdb30,aim-uofa_adelaidet
4,01f1371852369e89a4c5ad26a1ecc5a80514de60,aim-uofa_adelaidet
5,021ed3ba0491f861ccdb863a751902a794dd4e58,aim-uofa_adelaidet
6,0246ab8ebe33dc40ddad825725dd5df37607e835,aim-uofa_adelaidet
7,024a30e7c169f917ca13f49cfac213311a6732c6,aim-uofa_adelaidet
8,027ca20ef38afd7b109b6f3d76a3195c68d97be7,aim-uofa_adelaidet
9,0289850eea0ea134f5567d7dec217abda0964a92,aim-uofa_adelaidet
10,02902fde07d0b415de32814e257b57a50e94195a,aim-uofa_adelaidet
11,0311e7737985ad29146fe17925acf91ba8f1b0ea,aim-uofa_adelaidet
12,033177aa420006df91b0ef571ad37e8c49dd2bee,aim-uofa_adelaidet
13,0362eda9520c6fe9fb306c6b3d77f89c96a6168a,aim-uofa_adelaidet
14,04a0a307b23262167d641e74cab790c46674af3b,aim-uofa_adelaidet
15,04bb576b79fb56f79a14531c56de47b29b58c9ae,aim-uofa_adelaidet
16,04f0843c6be8e436716783300abcba715d560853,aim-uofa_adelaidet
17,0678fdd97319853534c823503f9c894872ae1394,aim-uofa_adelaidet
18,068367c34f811a31986bf2087e5727093681b93f,aim-uofa_adelaidet
19,06bb261648f7569070a4aec787a4e4f01a677f8c,aim-uofa_adelaidet
20,0729cd36c280b909b51271d206eb6beea3cf76ff,aim-uofa_adelaidet
21,08080f77d13aa606ac6d2c7dc5c2fd02adb0c06b,aim-uofa_adelaidet
22,08be5c702768998080b7d67fd0a48478ce716bea,aim-uofa_adelaidet
23,08d8551fdd4163e8b217cd89d7515d7162a66d07,aim-uofa_adelaidet
24,0ac71ea2fe64c36885242152716145cceefc7b7a,aim-uofa_adelaidet
25,0b41b98b8ca07daa136ce687334ad5cfa42e84b1,aim-uofa_adelaidet
26,0b51e7e4e9fdb55e681856a0694b2e1fa261b149,aim-uofa_adelaidet
27,0c6aa3d2545477afda2d5b992a7097633a5fec3a,aim-uofa_adelaidet
28,0cb95d4bc356b6e6f04ba69f3674b35d8589baab,aim-uofa_adelaidet
29,0cf3c184bf272f8e6c567b5d06e9df9f4788d658,aim-uofa_adelaidet
30,0cf682b486c74f489747a5bbe1bd418923b247a1,aim-uofa_adelaidet
31,0d155da0f073303d5207573051afe459918fe112,aim-uofa_adelaidet
32,0d23242fbb60bf42ff1e138b18ed7e5e529ba8b2,aim-uofa_adelaidet
33,0d2a3a90deb7b40bc5e15b293a48c5bf4f5e3294,aim-uofa_adelaidet
34,0d568fb068508b133948e9120cdf862b518a673c,aim-uofa_adelaidet
35,0d799767d28071242dc31d0893a67d1cbb652f57,aim-uofa_adelaidet
36,0dde5318fa77886e55be44da3a080b4b1b8d17a1,aim-uofa_adelaidet
37,0e41c623df813f97691c30a3b0a8fd88d82c1095,aim-uofa_adelaidet
38,0e482566280c0e15a955e614abb8fc4be0d02ffa,aim-uofa_adelaidet
39,0ed0735c14488549ac56cf588d64490c5b7912b5,aim-uofa_adelaidet
40,0f2d3c1bfeb31c9115cab488c86524c6bfd8a24a,aim-uofa_adelaidet
41,0f8d8358d5a2c9e33f5119a6227ef2545fc2564f,aim-uofa_adelaidet
42,101a1b76ad6272a10ac81e0463b1b2612d633d70,aim-uofa_adelaidet
43,1130cae588b48327ec08ffa86e3189bfbe5bf283,aim-uofa_adelaidet
44,12883358bb1490bfdfe8c73a3c76c2407b1536c1,aim-uofa_adelaidet
45,132274e08dbdb9eacd6b338c6f4e2444141f3b4c,aim-uofa_adelaidet
46,14e3f311b75789d6346d8ac085629dfa0b204afc,aim-uofa_adelaidet
47,157e47f209b2284b67486e2b77ea8a7ed27ecc7c,aim-uofa_adelaidet
48,16a320d0168e88b6efd7c1bef46caf175a6a23b0,aim-uofa_adelaidet
49,17b2305e17248d0d0e653adf2a3f30f92a0f6195,aim-uofa_adelaidet
50,1837cd5835ecade3fa4b0df1915fe566ada38f53,aim-uofa_adelaidet
51,1995cf437fb99260d04b1165aaaac9a46a748213,aim-uofa_adelaidet
52,19f702ffd6c77833b400e5b1225caebef072c6da,aim-uofa_adelaidet
53,1a1904deacde56792beeb42de6723878fefced03,aim-uofa_adelaidet
54,1a79f4705f95bc96c9ec7cbec98761028cb2e1c4,aim-uofa_adelaidet
55,1b6d3055ee23d72fc0ab31301e994323a547ba94,aim-uofa_adelaidet
56,1b83e4d445e677dc77124696e600d20245bbf9aa,aim-uofa_adelaidet
57,1bdbabf4972ee871a8fea891f3d98a52eacca7e2,aim-uofa_adelaidet
58,1cf90c737c0c0960e40edd915f1ee9ae38eb12c9,aim-uofa_adelaidet
59,1d2d2dc3a8af38baedd2880d5efffa73959a1892,aim-uofa_adelaidet
60,1d4e97c133dabec79a7aa5bfd4be0e099e37f49e,aim-uofa_adelaidet
61,1e52c9694c66689f18adc625ceb806b0908344f9,aim-uofa_adelaidet
62,1ed3107ec7db0c7199027db3e6a10e7a56b95f6f,aim-uofa_adelaidet
63,1f4996700f3d490f31026bf90dd555d0f9c2a258,aim-uofa_adelaidet
64,20b62b2e55199e8ee6d2a89a2b96078976e6e97e,aim-uofa_adelaidet
65,2105ac247468fd2629617dbc3b7747cfa163b71a,aim-uofa_adelaidet
66,2147c9fff794947a91d8a1f6c29a7cbb8dcbf2e1,aim-uofa_adelaidet
67,2169216e71b27ec8fd2e6eedee8802e4722a7880,aim-uofa_adelaidet
68,217e217cd06741ca4d55e1ca034d29762b5efeac,aim-uofa_adelaidet
69,2187146df80f78b4800d5e328a909a8d702b43b8,aim-uofa_adelaidet
70,21dc8251922efa5cf65feb852c81e203e72b5bbf,aim-uofa_adelaidet
71,21dc856be486e00e45a05f5d4b6de45b559cc83a,aim-uofa_adelaidet
72,22210997d46f91e62865afe762f4c718cec19bc2,aim-uofa_adelaidet
73,226876e9de4e660bc6bf1cc67de5547847ae66c7,aim-uofa_adelaidet
74,234d1b5f749ba2c740d60e4c73e6ec24625d7622,aim-uofa_adelaidet
75,23da3ef7111696b7ec4a51c7b17551b46457219a,aim-uofa_adelaidet
76,23e68ad8c0b9219fcec11f2697e8705da5e1f626,aim-uofa_adelaidet
77,24028e59c8fd3303e3d78a908514e3c5be3aa9aa,aim-uofa_adelaidet
78,240bee4a8c9c20f1caf55d4058840feb3aa1b7c9,aim-uofa_adelaidet
79,248b8156a44b6246a1794577505e72525370a4de,aim-uofa_adelaidet
80,26009e67b654fc5046c601f155bfc2050e90b460,aim-uofa_adelaidet
81,262010bb87fd40613ed313e1cf48b3dc9211411e,aim-uofa_adelaidet
82,26ba3addf9547c61b1ca9334be9611c702e27cb4,aim-uofa_adelaidet
83,26e6f4663a79bc755cb9ed8eaa8d773191142c13,aim-uofa_adelaidet
84,274c1ec07a0225ebe582b37e436a83c45d5c3c53,aim-uofa_adelaidet
85,2773ceed94f811c7ceff461a6a6c8b0a4321f4c7,aim-uofa_adelaidet
86,27c395c4d01936f827cbacdac8c3ce3a88451d5f,aim-uofa_adelaidet
87,27f77f7f9603677169b0f4872ea730339122f1ae,aim-uofa_adelaidet
88,281c432777054eaf9906eb957e57f277f0ae6d47,aim-uofa_adelaidet
89,281ee240d9744a84004dddb24e2d0723b2fa8c35,aim-uofa_adelaidet
90,28c879e8755fd2e9d559a0b494d81faaebb4bd81,aim-uofa_adelaidet
91,28de7af89588f9960302ee55bcc6aaa8f41079ca,aim-uofa_adelaidet
92,28efba8b8db71262e75b58de837ad67741fddc79,aim-uofa_adelaidet
93,29a026388f285f8e67336cd614729e94b58cf94f,aim-uofa_adelaidet
94,2b1e2d13409b500911ede76e2a261975b9e66eac,aim-uofa_adelaidet
95,2b8b927860c66bdb853f17680b1d1f0e63b2d8bf,aim-uofa_adelaidet
96,2c0ca1b8705301f31acb7ebec6bbca494278abc4,aim-uofa_adelaidet
97,2c95a6298844d8d201a9b0cce6b9547711d89808,aim-uofa_adelaidet
98,2deea52b0ee5696418beade3f7f338eb3cbe2e36,aim-uofa_adelaidet
99,2dfa3d85ddcfa71a69294b29d704725ff2aa103d,aim-uofa_adelaidet
100,2e13a5cbecca668fbfabe86a03f61e3c45c8055f,aim-uofa_adelaidet
101,2e658cd4304de9d3adcb88f307a64ce5d2cadd7f,aim-uofa_adelaidet
102,2f129a1db5de8e9066965a127ac20903ce9300b4,aim-uofa_adelaidet
103,2fc9168899c6ad8710e3fbc060c9218903a48c5a,aim-uofa_adelaidet
104,30fdbaf3698a51fc93838db75332061ab6b4fab9,aim-uofa_adelaidet
105,311dc555ee1f902f50af55ef3e3de55bf2b1cddc,aim-uofa_adelaidet
106,3201177fb8140e17563df1a61cb303d800356d23,aim-uofa_adelaidet
107,33392dbd08461be915e078258dc5bab211b738f2,aim-uofa_adelaidet
108,338f30a155c0515891f3933f0751a70d5fe0a44f,aim-uofa_adelaidet
109,33ff4335479c885361958e94325d091a0b4613fb,aim-uofa_adelaidet
110,34475e8bd5c9e47627cdfaa59c67878c7b4f0d7f,aim-uofa_adelaidet
111,35d226614a1ea1b9d6ceab9c99db104efcc0ebfa,aim-uofa_adelaidet
112,36721221eb572256206e60df6e9095ed00b2e08c,aim-uofa_adelaidet
113,36cf5269b7283da6dde516a320394d5349ae922b,aim-uofa_adelaidet
114,36d34afda396e4b0d6d0028b7b7a220ee7ad79ae,aim-uofa_adelaidet
115,389d7ae6f48a8e74e51ce6294961a8c9b1b9f355,aim-uofa_adelaidet
116,38a599c94f07dee069c9556323e1ea23d84cd861,aim-uofa_adelaidet
117,38b1e99a0fbf291ab5080dd24a3976a649814f52,aim-uofa_adelaidet
118,38b8f9df6e663d74c1b9ceadcebff8889e9bc0a8,aim-uofa_adelaidet
119,38c466cc5e2a5d0329a8ef6322d202ce04847967,aim-uofa_adelaidet
120,396a2b753f101a0b018e23b24645777f0f664e4a,aim-uofa_adelaidet
121,39bc9723ed5fef792c2034bd1de21a40f41c49d7,aim-uofa_adelaidet
122,3a10c85035d18e2e5ab3a6d50e811fe22df090ea,aim-uofa_adelaidet
123,3a34e1bfa4a1d142c2f87dd451d2441630390c67,aim-uofa_adelaidet
124,3b8cd1118c95c64fc3450f44e28782787d281e8c,aim-uofa_adelaidet
125,3c284c387254cd239258d5753a8e252e6509d516,aim-uofa_adelaidet
126,3c372a08bc1a857d27bcd76de0c6979427e7f413,aim-uofa_adelaidet
127,3c821955318c6b1273eb24871b7570e44a49f08c,aim-uofa_adelaidet
128,3cad41c3cb253a91e24d66a50227f56579a8b999,aim-uofa_adelaidet
129,3d24da0429340c201d76c40ccc6a39fdf5d80ad3,aim-uofa_adelaidet
130,3d6dacfcb5a7952dfe79d05643c3308d616819d7,aim-uofa_adelaidet
131,3e416ff050e8ebe9ee2a174e31a68a724c538920,aim-uofa_adelaidet
132,3e614902ab45c76e82ec55e28740de3de8cfee85,aim-uofa_adelaidet
133,3e94b18d9912d8766a9a0163a2bc1061cb43da43,aim-uofa_adelaidet
134,3eb0a083ef05318a2db97572445df531647b1354,aim-uofa_adelaidet
135,3fb7a6543303af00363ec0c51bedd09c7475c9dd,aim-uofa_adelaidet
136,400949af491c527362e3e2ecf24f148097d7042b,aim-uofa_adelaidet
137,4022ceb8406a9be6e42c3962664378cd4b0bd7af,aim-uofa_adelaidet
138,40308b9ccc64e20c46008640cc8f78a0acf4e180,aim-uofa_adelaidet
139,40857468bb9eaf3f54b479cbdbf6459e87e84ead,aim-uofa_adelaidet
140,40ebd1477aaccf7834b22326577a2a33b9c6c975,aim-uofa_adelaidet
141,41e57d1a63b60125a83c0f5b85950e0800c04134,aim-uofa_adelaidet
142,42b62d4dee4dba09b0b64d8dcbae59a026ad7adf,aim-uofa_adelaidet
143,42e56bbea4bb900dbc6cd4bacabb9302305b49da,aim-uofa_adelaidet
144,4300ac224ea81202c9028f220a2738cc374abcd6,aim-uofa_adelaidet
145,433e61ba6738eaeeb051936f31dbc88f3922d8ce,aim-uofa_adelaidet
146,43cfb208d3af39fa3ae4aa419fade69d55f065fe,aim-uofa_adelaidet
147,44f536b4aa95d12f21133ecd065794ce1c26d6ac,aim-uofa_adelaidet
148,45a1b3665618607d92a57d27c82d87ddb7ed5716,aim-uofa_adelaidet
149,45b513452c360e53cbbe6aa94586e285948255ab,aim-uofa_adelaidet
150,460b5d09e27fa258120723b92803a31f32ee9731,aim-uofa_adelaidet
151,4671eac3566e67cce9411b3f73ea24f32034f593,aim-uofa_adelaidet
152,46750a902eb7ac50c76cbb3884013d17b88de638,aim-uofa_adelaidet
153,47bdeb81be81fe2d5395b96f3ac9b0a032434d1c,aim-uofa_adelaidet
154,47c126bfeac55ebb069cb200e8cb2671d1a5c102,aim-uofa_adelaidet
155,488ceb926c24788411913799995b006f0f227140,aim-uofa_adelaidet
156,48b14973e2fa6d5d1fb217b21065cdbc4591499f,aim-uofa_adelaidet
157,4a025193d3d0b724dd95259484de143f7c34eda7,aim-uofa_adelaidet
158,4a3a1f7372c35b48ebf5f6adc59f135a0fa28d60,aim-uofa_adelaidet
159,4a5b0024afbc934b37dfc7a27fd633508bc2149f,aim-uofa_adelaidet
160,4b4d2675b205669add4183731d4a836e5c1ca1fc,aim-uofa_adelaidet
161,4d00e29a84c43218ec6cb68ad7b1ee01452ec06d,aim-uofa_adelaidet
162,4d2dba204bb2c43cd0c34a2bb56b115faa424cd1,aim-uofa_adelaidet
163,4e33502ae974cc0d5e886d0647b0a8f45105d106,aim-uofa_adelaidet
164,4e5e3a0b40952b50adf47947f2387be259139d49,aim-uofa_adelaidet
165,4eb95f4255557613c0a53166f1ac82eb5793d5c9,aim-uofa_adelaidet
166,4f0af08eda3d9e8f95c1c7822bf7d47dbbe2cc28,aim-uofa_adelaidet
167,4f8f2edb558321e8f231326f15e53a5133a4db0f,aim-uofa_adelaidet
168,502841d6e33762c6be3ac6e80e9f78e273ea0f5e,aim-uofa_adelaidet
169,5155c7e994c6ad02e38a17b1f28cc8f66942ea43,aim-uofa_adelaidet
170,52297943f2c79863379830b4b53d3fb1499757f6,aim-uofa_adelaidet
171,527e1e6ddff04c9e1a07653261d8947b0c68a355,aim-uofa_adelaidet
172,53295af256de67cd9c725ad7d15fb104f9266416,aim-uofa_adelaidet
173,534d5296377ef8f00ac4e4ad837ad266bd7118a4,aim-uofa_adelaidet
174,5384f8790277791bdaddbf2785cddae9a8d19ef0,aim-uofa_adelaidet
175,54347ce817e47ff95fcbe846092a2903b1ccb62e,aim-uofa_adelaidet
176,5452082fb66beb46ce5841a9cd6b819cd8c8afb2,aim-uofa_adelaidet
177,54a4556224c0e86efd917cf74cb7e31d77c60e99,aim-uofa_adelaidet
178,55cc2b03873175ab2ab2e923441433ec7c03f022,aim-uofa_adelaidet
179,56141ec16a45cba140135eac86de0b8b3bed20e8,aim-uofa_adelaidet
180,56261bd5ceb5652743d27d44463e03bfeb6285c9,aim-uofa_adelaidet
181,563e3249bc9e22125bb5396c1378f3d6e1ce3787,aim-uofa_adelaidet
182,564e7ccb6fb28ee09c10cf679c47d9d70c95351a,aim-uofa_adelaidet
183,56d854b4cb8732def5ebf84b11472dd30f783a3d,aim-uofa_adelaidet
184,583bc69c8a06242a4f4f3e7de50e5f15d2bba4f5,aim-uofa_adelaidet
185,586bf2d6d4a4d662956203675a108f79d7d0f3ce,aim-uofa_adelaidet
186,59e40e4438651cbd8ad688961ada823f1d852e94,aim-uofa_adelaidet
187,59f74083dbc99796722776858d98af3b6ea3983c,aim-uofa_adelaidet
188,5ba582a0228f77607a799b8ef290aac44b5ac0fb,aim-uofa_adelaidet
189,5bebe22d17281abf82a0e5aefcb20a4a925118e4,aim-uofa_adelaidet
190,5c8bbf4ac3cb4075888705059602a77a7470e9c1,aim-uofa_adelaidet
191,5c90d9013e9e84e2fa25a00c32ae2ec98eb0bf60,aim-uofa_adelaidet
192,5c9ea573684bf124ebeb4d470182565fbf280a6b,aim-uofa_adelaidet
193,5cd38f24c2927975df103ee0dede3081a3d4f239,aim-uofa_adelaidet
194,5cda616de237fde8ced3f7644e7b7f0e2a4d2209,aim-uofa_adelaidet
195,5ce4ca480028cb08e0f1c90174b15b5d2236f410,aim-uofa_adelaidet
196,5db713ebda9292cd74e75e5ea9a6891c77da5cb5,aim-uofa_adelaidet
197,5e19cb172b8363820b409ed1a2754fb19ad3acb8,aim-uofa_adelaidet
198,5e5f1d1eeea7d7058125e7df24febfeb16c325bf,aim-uofa_adelaidet
199,5e7411458b8b67a3d7b8605a14c9b3fa9b7bda39,aim-uofa_adelaidet
200,5ebcac9a2dac4eb543ffc86996b6146d2ac469cc,aim-uofa_adelaidet
201,5edad6f405fb00100a73c5d2685f49fd0c981ef1,aim-uofa_adelaidet
202,5f2d08b351ba083f99b22a02e2ade4050511cd13,aim-uofa_adelaidet
203,5f3b7bcea984d9ad425848a9e17ef83921bec61f,aim-uofa_adelaidet
204,5f752e068e0150887a6560ba6e17f479d728c2bd,aim-uofa_adelaidet
205,60eaea96db949d516aaa469bf842275f327cc254,aim-uofa_adelaidet
206,616779b5dbbc4eede0f1382bd747240fa150af8e,aim-uofa_adelaidet
207,62128acf31c70e3c1888833a580431c2e463ca87,aim-uofa_adelaidet
208,628e50d58ef42ebec0251844892c64bf4442f689,aim-uofa_adelaidet
209,6420de99fea43a179b2d76de249d6bd6bb052a54,aim-uofa_adelaidet
210,6453099ad9ea53cc33661b2126dcc1a257ffafb0,aim-uofa_adelaidet
211,64b3d883d7d04742cd41a4a2bdb873ef9d4e037d,aim-uofa_adelaidet
212,654885d6026cb54a4da1df62a60d2b61c36ff6e3,aim-uofa_adelaidet
213,659029500d3d8a607462eb3f97864131ce080189,aim-uofa_adelaidet
214,65e0605549a73916c2f6762275521c79b209be9e,aim-uofa_adelaidet
215,66797d6051afb912f0d4fa583956ffcec1296b41,aim-uofa_adelaidet
216,679b8e930765d9477fbd0c88bd8c8c82d1975a18,aim-uofa_adelaidet
217,6827212ed0cd031e1b5c5d22b3d63d64bc2ca014,aim-uofa_adelaidet
218,682ea4a958e95d5574cba6c9efe49978a54edd46,aim-uofa_adelaidet
219,6847bf54bfe4cc9453171704838cc6a735dc096b,aim-uofa_adelaidet
220,685d37d5eb30c601cb8e0af2b01ed6c3d62acacc,aim-uofa_adelaidet
221,68fd21815460805acf616625b7c0ccc2f352ae0f,aim-uofa_adelaidet
222,690a04b8e4d7f2c0efc70536928aaa444bea7385,aim-uofa_adelaidet
223,6957a2e33649857d7a10f53889a8cc550ed2a3a4,aim-uofa_adelaidet
224,698602920027c5cd8c290f62291450604e373b38,aim-uofa_adelaidet
225,6a553d47c30fd341e8898d579d58cb93f4c9cab8,aim-uofa_adelaidet
226,6a6e0f3a1e444043b142af1162e3473c89bb4e43,aim-uofa_adelaidet
227,6b03ddab26788d0b11156fc2009b9476e1422f90,aim-uofa_adelaidet
228,6b8b4f81524915bbbd34820a9fe8231e43aa5818,aim-uofa_adelaidet
229,6c41f25ee7e279c4f8027a6016e00614994500c6,aim-uofa_adelaidet
230,6cb3766c3ca976be78cc099814b28b3bc846533a,aim-uofa_adelaidet
231,6cf422cb52dea858b94884ab9477b1eda2f9239e,aim-uofa_adelaidet
232,6da0d18355549598b38274185a4e47eb340395e3,aim-uofa_adelaidet
233,6db817bb492a53c4aa74298c042ea10e34db2538,aim-uofa_adelaidet
234,6db957608647527040987052c6a955debdc65994,aim-uofa_adelaidet
235,6dbf1c05f69a2b936fe8458d07b3fa9e8e585083,aim-uofa_adelaidet
236,6e62e330de73fc9c643ae0a49472cae5af6b658d,aim-uofa_adelaidet
237,6f57e4b4f08691a37f6ae3ae8c6114677d227ded,aim-uofa_adelaidet
238,6f5f4a494c2ce68c86f090149aa07984bf347ffd,aim-uofa_adelaidet
239,70023cea6f6a271892a24653d261fa39afab5c37,aim-uofa_adelaidet
240,700c55c574e348eecebe219cbf6914667c0db1c1,aim-uofa_adelaidet
241,70237bdbc61f2063c8dd580f91f3e89f3c25c7ad,aim-uofa_adelaidet
242,706486105a06a8ee91ed461a96c2ee174952978e,aim-uofa_adelaidet
243,70790a37c9b62445f87cb48688fd932ead34a915,aim-uofa_adelaidet
244,71d4b49cb8025b8e938c707197cc0fd5d35a7534,aim-uofa_adelaidet
245,72c69945de33276081281f0ea498bd9e9795fd55,aim-uofa_adelaidet
246,73182b7b2216e6bd93fdd1ae576166bc1871f2f6,aim-uofa_adelaidet
247,73209f1602dba62344312572649f316b5a37e268,aim-uofa_adelaidet
248,73a250356d34afddf1a12388d699f2576e9aa4b4,aim-uofa_adelaidet
249,740f0083891f0f13d2bb799f16520d22577aa0b3,aim-uofa_adelaidet
250,75006ca086d8d33c65e17b6c63083ac5f8913f12,aim-uofa_adelaidet
251,761b99298de887dc89f37e142cc70157ffc583c4,aim-uofa_adelaidet
252,76234f541f217b5b73b5af42c89a2da89bc1f220,aim-uofa_adelaidet
253,76b6af2ddf3ee75510af608a0b3ec5d389d2eb83,aim-uofa_adelaidet
254,778c94895b3e884762749c9f97459eb9423f304c,aim-uofa_adelaidet
255,780d89d00222839aca8861934d958454581ece70,aim-uofa_adelaidet
256,78cfd89c916f91fc512545706038d98f86eb0d1a,aim-uofa_adelaidet
257,7a8cd9e701ad62f46e600b10ffaad0df7e9c9b8c,aim-uofa_adelaidet
258,7bf9d871909810e5a619eb1a59a5cd5aadf0e1c8,aim-uofa_adelaidet
259,7c3c97c168e25f2f9b168a0d58a12aa7cc1b9c62,aim-uofa_adelaidet
260,7cb0385bc993793e8caf98a03fe9eb85963cb1ed,aim-uofa_adelaidet
261,7d7aa60dba16d3e35c8ae0704234c5159f56cc9d,aim-uofa_adelaidet
262,7e4c503fce1765b9eeaa65422d40a39fb358fde6,aim-uofa_adelaidet
263,7e5eddc865878dd1db622f6e46ab91f63f441b97,aim-uofa_adelaidet
264,7ee0681ab08cd1aeb6c19b9b95bb25679652d7a7,aim-uofa_adelaidet
265,7efe7e07820058fbb7dcb73e8accbffa549ea395,aim-uofa_adelaidet
266,7f27a52a0dff9b0a971c7384cafb11251bd6e598,aim-uofa_adelaidet
267,7fcbe835b34f7d6eb571fe68be306f36b94e3b31,aim-uofa_adelaidet
268,8029f20b84150d64dcb85ab0d382943219eb4200,aim-uofa_adelaidet
269,8124b3534135ea3653d2655117422a9268bf1408,aim-uofa_adelaidet
270,81fc904960aeaaa31f46acf1a06309370004d634,aim-uofa_adelaidet
271,824b18cfdf8268a8e5d6ee4779371db13280d828,aim-uofa_adelaidet
272,83b2a84c47456465657b736bebe04b4940988095,aim-uofa_adelaidet
273,83c6a9a4ac8d01b997523c022c1ee394b17465d4,aim-uofa_adelaidet
274,83e3f81b305d93f896bc313a732d69d09412126e,aim-uofa_adelaidet
275,8402dc38beaad66ac47cd52f90f1cdf62f358ccf,aim-uofa_adelaidet
276,84b6369d6c82003af7b2370459efde78db03c017,aim-uofa_adelaidet
277,84e8142a24cf303387d80a561c3f3c2595b920bd,aim-uofa_adelaidet
278,8574fdb78a1dcf3debc05eb03b6874e246d1a135,aim-uofa_adelaidet
279,85c3158000bdbcbea13fa3bfe01636faa9b596a4,aim-uofa_adelaidet
280,85fc8bcef3613bd51f37e151c231874ff218bd49,aim-uofa_adelaidet
281,8618540490d2cc0cc88884bd56cd4579f6aa9b9d,aim-uofa_adelaidet
282,8634cbca5b0fe639bb5073760f7f8dfd54de12ff,aim-uofa_adelaidet
283,86d1df92b9a061305154335e3df799dbdd442f62,aim-uofa_adelaidet
284,86daca3a5fa5dfe26f6bbb5fac86c6e79d0b48a8,aim-uofa_adelaidet
285,87589c1a868ba468805e1b4e4e335c1f9018e48a,aim-uofa_adelaidet
286,878354334305901ecf7446eaf7638243434c6846,aim-uofa_adelaidet
287,88415ac1f51688525f3e2c8dae20521c4be87617,aim-uofa_adelaidet
288,888047fb162b5bc5893c2e1e3b96d8be397cad29,aim-uofa_adelaidet
289,88ebe58cadf19fc034a774b500614926ba2dab02,aim-uofa_adelaidet
290,8a6a1237efbfbdeff02e2c974e75e7f48669117c,aim-uofa_adelaidet
291,8b06f920cd3c39d123bd8aaa92805e095de7be76,aim-uofa_adelaidet
292,8bce1142a69e4bc5e130efa8695c3a5601c7d881,aim-uofa_adelaidet
293,8bf3c7ce66d243b7fda99bfec2f225512891c9ab,aim-uofa_adelaidet
294,8c13c744c761c123c16951f98e747a6269f671e3,aim-uofa_adelaidet
295,8c6c0615479fb1b9f99cb560302f46fa44c1f71b,aim-uofa_adelaidet
296,8c8c943a8f9b63e641bb80a4b028210d237f6385,aim-uofa_adelaidet
297,8c9dbbf63d4138a3c19cb708ed1bae571a3db2ff,aim-uofa_adelaidet
298,8d3c6a2630ba134c7c7bd6698551af720bd1a367,aim-uofa_adelaidet
299,8da13adf9f3f18048d3cd744e160e5b64bbee6d4,aim-uofa_adelaidet
300,8de81e433be451f5c8bfdec2d40fd04774f9c4bc,aim-uofa_adelaidet
301,8dfa240c758c1247185ca06c548172f3a51586c7,aim-uofa_adelaidet
302,8f226e50aaad91a31e0a641387a86fd67e8d2e63,aim-uofa_adelaidet
303,8f2c8db795b2cfa45baf05f2bf78b45043656c1d,aim-uofa_adelaidet
304,8f36101fab6465800bfaeef536825a613e5a5be3,aim-uofa_adelaidet
305,8fb2c7e3e399a1452b6d85eefa07bf08ee53d2e4,aim-uofa_adelaidet
306,8fb8496f51a07a2bfe872e3a27ee307da83efa4f,aim-uofa_adelaidet
307,8ffeabf2a23a767e6282b41d37e67cf9916f3059,aim-uofa_adelaidet
308,9008e2af133c560bb7d8d8793e209e67259b0694,aim-uofa_adelaidet
309,9017a329c445e48b6d57c37886543dd996901c84,aim-uofa_adelaidet
310,904bd931e25b93746d5f0a47c8f9173237f87147,aim-uofa_adelaidet
311,9064643bd5524a3d21501fef92fa2a3d2e9914d2,aim-uofa_adelaidet
312,90e6068d00a5cb330f68b718cf00f1e6c60ea602,aim-uofa_adelaidet
313,9126d57cf7cf1b19d6699032951565c4bc7c4709,aim-uofa_adelaidet
314,9155530e8d7a388f094e09af42aaf65ba7e64341,aim-uofa_adelaidet
315,91a3447dd5b68cce2c6986f9b550a0d6e85b0c44,aim-uofa_adelaidet
316,9223d1087e99b6ad29ec288997acbc87351b1339,aim-uofa_adelaidet
317,929a5fd3c77311a0ce86aaf070891d8889f3f9fe,aim-uofa_adelaidet
318,92ac17975fc3935bceb16187b0d1dba739d26a97,aim-uofa_adelaidet
319,92b4c253ee1f891d95dfbebabf87187b3874c98c,aim-uofa_adelaidet
320,92e3034ed5c0f1bf035389d83599688bfd7f6b97,aim-uofa_adelaidet
321,9341ba2863f00de3f6ab15ef74b302ba696161a4,aim-uofa_adelaidet
322,94031c92acc1016ac7cec20bb4088139bb2752fa,aim-uofa_adelaidet
323,9406e4a65ea5899edf72140b42b3370b9622a1c6,aim-uofa_adelaidet
324,9456b39a2218a415b308dfb3432eda8be1bba500,aim-uofa_adelaidet
325,94b4fa1dadc36e2f5463078eefa6170ebb75986c,aim-uofa_adelaidet
326,94da35d805b6290be56183ebb6d60ae0876ae174,aim-uofa_adelaidet
327,958144711454b6ad91c763e1b150f646d55d73cb,aim-uofa_adelaidet
328,959bb4de1b6fbc0b746788f1db7546f2e0b2e814,aim-uofa_adelaidet
329,967b8bae2a43d19e75ade4d7a6b8faa102203be8,aim-uofa_adelaidet
330,96e827abffc53fd931f3161bc00e5e55dea0d9c1,aim-uofa_adelaidet
331,9737b03892af9b1ba3933c3a3f1068e05af9c7a1,aim-uofa_adelaidet
332,97ab927270312b9c36a05d377b86f2c640c1d4fc,aim-uofa_adelaidet
333,986ffcac0eae65399d048ac1c2fa8cb633f1d06f,aim-uofa_adelaidet
334,98b8dd4748125852907abbc7fd8db9997109ebff,aim-uofa_adelaidet
335,98eb5602dbe94fabd855a6ae4eb80a440d561786,aim-uofa_adelaidet
336,9a05129da155474d584feaca2f052a8cf2912164,aim-uofa_adelaidet
337,9a1720408213ccbc7f1182e28853bed233be6f1b,aim-uofa_adelaidet
338,9a9d5fbb8d5bd184db66ee87d444dc0a2d5524ae,aim-uofa_adelaidet
339,9ab6d51e75e15b34fb4e7632f33617281136cc70,aim-uofa_adelaidet
340,9ae19106e643746d165aa1ec83402097a9ae533f,aim-uofa_adelaidet
341,9b1e4ca75e3b63ecfb0ded6a5d9ac04555e4b17a,aim-uofa_adelaidet
342,9b352ab647485956cb92d3e840c44c8f0943646d,aim-uofa_adelaidet
343,9b9da2959e0da1236010f78874779d7c51a9434b,aim-uofa_adelaidet
344,9bfb73c51d6e6cd1348cb9ed2174b1cb63bc662a,aim-uofa_adelaidet
345,9bfbe955cb86aaa24d7c98958c2870de02db7976,aim-uofa_adelaidet
346,9c2ee529373bc86e5f9417a6dca9986a5e0e30d4,aim-uofa_adelaidet
347,9d002eb4e3b1dd17cb68e219989933111b99c564,aim-uofa_adelaidet
348,9db119d030c6141b19f0de1da49ed0737b1a6a94,aim-uofa_adelaidet
349,9dda2b2313de7cf28543a53b05ead4f36303194a,aim-uofa_adelaidet
350,9e2537382f0bfe01b4a831890e82c95da0dc4cee,aim-uofa_adelaidet
351,9e483f1992d0869df283c11fc1cda02ad0148019,aim-uofa_adelaidet
352,9f2a860f4bda7bb55178645a49d8d85dd330be23,aim-uofa_adelaidet
353,a04fe3ec6fe3b86a3a8020e3c312eb029d1761a8,aim-uofa_adelaidet
354,a0a6adb2dd54a7c523cdfcf86239cdbc3132b592,aim-uofa_adelaidet
355,a176ed9ada095517045dd0987683093003e6c363,aim-uofa_adelaidet
356,a24e406daeebac3846ca950a3a65b394ede85e52,aim-uofa_adelaidet
357,a34374d2f75f4c74dbb3246504c6cb5b0fdc6776,aim-uofa_adelaidet
358,a35ea05545dfa10375c8b45bb2b56614fe6ee919,aim-uofa_adelaidet
359,a3c13cfb7e0da35cd4208780e9f0474f91f96fe0,aim-uofa_adelaidet
360,a5391b7a72616f2ffc39b81d565d1320ca377110,aim-uofa_adelaidet
361,a559ab542cfde73337b0c91f72bd51de208a74ae,aim-uofa_adelaidet
362,a647498e8f6f6656e59c7e439fd58d6d72c278b3,aim-uofa_adelaidet
363,a666bf479f408f9efbeabd0869071092bb0692e5,aim-uofa_adelaidet
364,a69624373e54a9f8bccda7f163997d8deaeb9dd7,aim-uofa_adelaidet
365,a73f385dcad60a3a0e36e543faa7dcf4ca0b3141,aim-uofa_adelaidet
366,a765a2c6890706d2f27e69be9090c1fa075a7ab8,aim-uofa_adelaidet
367,a839b6e2f33583d7a62579345402d6ad0f7f7392,aim-uofa_adelaidet
368,a8bc434216a3f97d84a1c4cd11c17c0853dc2ee4,aim-uofa_adelaidet
369,a8f2da7c2b956412644382023c093a4f6b1ad482,aim-uofa_adelaidet
370,a8fe11a98ebf86385885d259e0bec93928979d9f,aim-uofa_adelaidet
371,a97673ad1d8b742f9e26988779fbcc655212a57a,aim-uofa_adelaidet
372,aa28e60ca25436e2bbaef8634b0d2442d6c06557,aim-uofa_adelaidet
373,aa76f2797e538b34f72064edc0b2e4a7738cdd9e,aim-uofa_adelaidet
374,ab6dd897c6f653ccd6123217b592c9d7b0d34464,aim-uofa_adelaidet
375,ac676a3d679a66d80199eb31dfe831610c134c42,aim-uofa_adelaidet
376,acbef8ec74354680bd268b2857bc64da0e5f172c,aim-uofa_adelaidet
377,ad2d4a7f49ac717a6558196503a824fa74ab3272,aim-uofa_adelaidet
378,ad6d7f5ef9ede2e1d9f87ba2b0e339412ae6f863,aim-uofa_adelaidet
379,ad9ba657dc891325d46d60ae89eae60f28c83a15,aim-uofa_adelaidet
380,adc9ecb6a6e713b5df08af93947e1d9191adcbe2,aim-uofa_adelaidet
381,aebe711d891d729d1ccdff7ca2fc3409a37a35d5,aim-uofa_adelaidet
382,aefab0b57771ccaa5fa6548c6f4e02579227640c,aim-uofa_adelaidet
383,af156dda8deb1f750f8e880f92171b6708dfce83,aim-uofa_adelaidet
384,af5be564b5dd2517aa9561e17db5e8d05e34c5e2,aim-uofa_adelaidet
385,b08a6719c7be1a97e472002180f85e457dbd687d,aim-uofa_adelaidet
386,b29533eec6f888bdb246c84e55a11fc0d67de7c2,aim-uofa_adelaidet
387,b33b811a70b931c1b1d98cbddc04e3ee5c30bf63,aim-uofa_adelaidet
388,b380f0755bd71bacd2cacbe19b6b0fb42f24d759,aim-uofa_adelaidet
389,b4ef88ed6d8d862a77133afbf79b27fbbab1bfed,aim-uofa_adelaidet
390,b52cde74554d3455414be3e2991024a5cdbfb9ee,aim-uofa_adelaidet
391,b54199fd1647be58d6224c0f06d9e57938e2567c,aim-uofa_adelaidet
392,b5432fcfd0395821e026d43f1e039e86588c0f97,aim-uofa_adelaidet
393,b5d2784fe046e28e8b2efd1f2864640366065260,aim-uofa_adelaidet
394,b69ba9057990fe6457e8a1ba0fe5afedee1e50d3,aim-uofa_adelaidet
395,b6adfc40b2bcaa6327bc479039419c0fb97ec5f0,aim-uofa_adelaidet
396,b71d4b0d5cf00ebc107344de52b575e67718cfaf,aim-uofa_adelaidet
397,b72a33dfe51489ea247cd979861e08ec22e8aa73,aim-uofa_adelaidet
398,b8ba4b186ee6dc21c5666f582815c7c15f3cce56,aim-uofa_adelaidet
399,b970063963dc6e5b6eefac21a2d993380a79befb,aim-uofa_adelaidet
400,b970b59db4d33bfb3ba82be22e192f6861ab53e3,aim-uofa_adelaidet
401,b9790a094121f08f624acd34efd17892bebb4462,aim-uofa_adelaidet
402,b98f425e27b5cfbd29b45a399e839f93f75e203f,aim-uofa_adelaidet
403,b9d084575182849d39d732ee0f23f9fc024c9f9a,aim-uofa_adelaidet
404,ba31af36a3e260164fc45384235863a526dd8588,aim-uofa_adelaidet
405,ba457864197363adac6f3220f2b765d91687f696,aim-uofa_adelaidet
406,ba729743a4e586bf019928b611f50ec5e73096a7,aim-uofa_adelaidet
407,bb67f8437da9673c6f798f5018d3f7f4d8d81bf9,aim-uofa_adelaidet
408,bb6dda936c3204f7eda84d6d71d1b141dcd5cf38,aim-uofa_adelaidet
409,bbac6fa2368b9aa6b6b15905158512b3a0c7bc67,aim-uofa_adelaidet
410,bbc5f794adb626eea28cfac7de4f0a994efe5f99,aim-uofa_adelaidet
411,bc0a11944e06a7037f335450acf551dbba1c696c,aim-uofa_adelaidet
412,bccb4707956d2d7cdf49d781c00749ab416c4483,aim-uofa_adelaidet
413,bcfe6ccba41572f1917e5f669ae746d1a388c748,aim-uofa_adelaidet
414,bd4a2f16a5d4175f0c4d7c0c09695e49ffa0f032,aim-uofa_adelaidet
415,bdb8a0628fd17f7f0932185e404dee98c2343bef,aim-uofa_adelaidet
416,bdbca6c696869c5017dad901c6e7f136169ec079,aim-uofa_adelaidet
417,be819361780cbf264e6efbac5b139d29a46b5890,aim-uofa_adelaidet
418,bf1ce9d3200cbf7ebc5671f0e4e387908e579c51,aim-uofa_adelaidet
419,bfb4586eb5ed0a443ca4d5ff9d2fdfa9d392b7de,aim-uofa_adelaidet
420,c033d54d3bd31d13fbd5a75f1935f909bb4ce1c3,aim-uofa_adelaidet
421,c07ba9a6aabfc108b4e3c7b7c31b05e069d9cdc7,aim-uofa_adelaidet
422,c0979392cd4d76ec189f91ff9f07515d83815fb2,aim-uofa_adelaidet
423,c0b2092ce72442b0f40972f7c6dda8bb52c46d16,aim-uofa_adelaidet
424,c1f9c3f60a2167a8b211c180cd398b7e87944d55,aim-uofa_adelaidet
425,c29b34f81bc270faaf2a8145a444f186a4476832,aim-uofa_adelaidet
426,c3774a2d453b594b2a8d32c9bbaa36f47df7632b,aim-uofa_adelaidet
427,c3b978f480b4cb32efdc300999fecd054953e17c,aim-uofa_adelaidet
428,c54895bbe8f64ecd2041614126ea28737c227f1a,aim-uofa_adelaidet
429,c5589dcefbb98fa4b6c537f5474e50f04da19294,aim-uofa_adelaidet
430,c62b4f6a3fd91d130bfaacedf4e103c8e2e4a8a3,aim-uofa_adelaidet
431,c650414d011a75b4eb13ad3543ee569075f33e58,aim-uofa_adelaidet
432,c6f69abad072ae2e62412c277fa046f6034dfed3,aim-uofa_adelaidet
433,c6fa04eb7a2b7f1bebb117289d7faebc7f988b04,aim-uofa_adelaidet
434,c765c7ec198956131befa314b9404f2fec191ee9,aim-uofa_adelaidet
435,c7e7cefe56da894bdb7774515e83fe02a9df5e9b,aim-uofa_adelaidet
436,c847f8008017e8661126cd4dcf586602ca755499,aim-uofa_adelaidet
437,c899e5468216bd9d8e49af1500c15c6ee99fb4c1,aim-uofa_adelaidet
438,c8c33f64fa8f2b31b64a475562f87229c2008eef,aim-uofa_adelaidet
439,c8ea9891d412b7ea110ec58989e370f1b4407ebb,aim-uofa_adelaidet
440,c9f7e99c92764cdd382cba54c9972a8e11fcd3b8,aim-uofa_adelaidet
441,cacf16e8cf1e676c3f3d2d5bb3a93412ba3ff986,aim-uofa_adelaidet
442,cba9b3b5b1ff6f282b88e1bf65f85a167447edf4,aim-uofa_adelaidet
443,cc8caafc123ededaa6e55b21bea146484c04c73a,aim-uofa_adelaidet
444,ce17e1d7092ea204e5661a41fa7140a0224d3ab9,aim-uofa_adelaidet
445,cfcc30eb14c60a1dd6bdd976ee439a37a32c2554,aim-uofa_adelaidet
446,d0df12fb11216c56f0eb1c20165aa5f7c1d5915f,aim-uofa_adelaidet
447,d129179dc72f90396b7853dc755098dfc63c7e54,aim-uofa_adelaidet
448,d24eba1048b306a451e60f5e71ea096141b77de2,aim-uofa_adelaidet
449,d26c3dfe518763653b1ec105494cbc4227f719fb,aim-uofa_adelaidet
450,d2fbe6056ed323011f31d6767bfa8fb6761665dc,aim-uofa_adelaidet
451,d33b16a0fed9ced7c0c283fc63d7805c51695eaa,aim-uofa_adelaidet
452,d3919715f4fb48d59f10bb5ad07dd2812b705df2,aim-uofa_adelaidet
453,d3a892e28e5196948e5d5ae47f1721fe83c18cec,aim-uofa_adelaidet
454,d4234ea82fc191583e142df089a5596174b5b3ae,aim-uofa_adelaidet
455,d423e3d2d3d880fa4530431d2b24d08057eb7e26,aim-uofa_adelaidet
456,d427d3f5ab60364943f2c713b0b11f557af749a7,aim-uofa_adelaidet
457,d459a2fc9b23636274af2994761b67a888c952b2,aim-uofa_adelaidet
458,d4f4a39e76fa58d083b4d9195e423efb059525c0,aim-uofa_adelaidet
459,d59c60fd7ffd0dabdf700954af3a14dae1af3c3a,aim-uofa_adelaidet
460,d5abfbf9198fce09fd4ef3091093274ad79a9bad,aim-uofa_adelaidet
461,d5b68a233e7e08ba0f44ece2bc3c42d0f67c7c78,aim-uofa_adelaidet
462,d5bda435b9fb276991970b336e3cfca590d5b3bb,aim-uofa_adelaidet
463,d6691a8e09f4143fe406430abc358b75c0ca2517,aim-uofa_adelaidet
464,d68e8d93043e65dba4bc275cdc642823c0f3fbf1,aim-uofa_adelaidet
465,d739b03ea51e6a50dedb422db430ab7887f1bac0,aim-uofa_adelaidet
466,d76d18d7aea05b1832d1c2244c4737304f977a38,aim-uofa_adelaidet
467,d7a425f70d13a89a30b90fd00abd0eb72f7083ca,aim-uofa_adelaidet
468,d7a64a017ea9d41f464fd5f2c0553db20828d992,aim-uofa_adelaidet
469,d83a11ff02a55f5af0ff1346ce50815584ef0cc7,aim-uofa_adelaidet
470,d86429ecff4258ba5a12707369c008dd8edaa382,aim-uofa_adelaidet
471,d8e62925b42b6f3a222402c0eea28a61dbf03ec2,aim-uofa_adelaidet
472,d981b4b6388f90b3fa15d91aa50f68be23d1a5fc,aim-uofa_adelaidet
473,d9858369caa1d390b2725162e676b0ead007fdde,aim-uofa_adelaidet
474,db032f6dfb402c2f69848a99067db37b22e8429a,aim-uofa_adelaidet
475,db7f0b195f865710adfdbcbc4c196d128fc94f0b,aim-uofa_adelaidet
476,dbcde36084d8831ea3fe223e78ffa77bb78b515d,aim-uofa_adelaidet
477,dbf26d20c6966bad35e52970d3301e6b016544d4,aim-uofa_adelaidet
478,dc138a475c0b97c8e026299404cd473dd25597b9,aim-uofa_adelaidet
479,dc223bbe545582d0ec9bafb9f319d971b1262ccb,aim-uofa_adelaidet
480,dc3c40aa26fbc687b20cdd402282b51a7f34f672,aim-uofa_adelaidet
481,dc769f7fbb9b34262ea984ea6b7879c11f2e7f85,aim-uofa_adelaidet
482,ddb61f4f08f02571080853f26ea90488a23b963d,aim-uofa_adelaidet
483,de443d8a247369a17a6ca5b35f42aa94f6ab61e1,aim-uofa_adelaidet
484,de74a756a122f95510c033e6bccea2881632f487,aim-uofa_adelaidet
485,df4a3770e3c99c30e5f4858bf7c1726740937bcf,aim-uofa_adelaidet
486,df83dbf24796c09b58a33b708f8b4c88e2be974d,aim-uofa_adelaidet
487,dfe802740c33c26ab8358160c63b5d152d203af9,aim-uofa_adelaidet
488,e07cf751faa072cb2909b9337c844251694eaa0f,aim-uofa_adelaidet
489,e15f40041b27d559f03ee5f997084402ed997de2,aim-uofa_adelaidet
490,e1e118258cd373cdfd749b0479edc0da51fae18b,aim-uofa_adelaidet
491,e22140d387d4ee46966841ca63bcca5a7d012ed3,aim-uofa_adelaidet
492,e25336470cc1d3ef74912a3b246a878358fc39dc,aim-uofa_adelaidet
493,e25471dab771017539fe5dc62c41ace03f00e906,aim-uofa_adelaidet
494,e272cf51f1ffb0f4a23a6219bf179be5b95e7fb1,aim-uofa_adelaidet
495,e2ad40ff5a95fd31b6ba7fbcdc9014bc3dc2d465,aim-uofa_adelaidet
496,e2bc004df9f40c083b0e7df9b314dd360fc66add,aim-uofa_adelaidet
497,e3e0580b257bd2b045e39864358f8ad2a2910082,aim-uofa_adelaidet
498,e50cc46265986e1a9dcf0a807f0d3f8e04bc3a0a,aim-uofa_adelaidet
499,e54feff5bd213ddd8cb085674f5212f8fbf82724,aim-uofa_adelaidet
500,e56c27f3f47bc93e658c2a0577eab203f22af32e,aim-uofa_adelaidet
501,e5ca8ef8cdb6c1f77790df037712c21d75551ec7,aim-uofa_adelaidet
502,e604e9867d2f5712e96d2a807c4a0aadbfe6766d,aim-uofa_adelaidet
503,e606b4467661b686723af9943ca1d5f2d6c9c017,aim-uofa_adelaidet
504,e65d9eb627f2a2c1a75510f2fc1b7b7835b4e31f,aim-uofa_adelaidet
505,e67d826038761483b8b42c8ebc327fb120b0e65a,aim-uofa_adelaidet
506,e6a3e8248e9ec65301276736e37f20d9a8cee9e5,aim-uofa_adelaidet
507,e6da93a35683e0bc1dd2b3d9f3131d8324154c2a,aim-uofa_adelaidet
508,e74c5c4d6d753646b046732ac4a86be8c600db39,aim-uofa_adelaidet
509,e89b1e414b177e2bda6ec53108e9bf447122ce96,aim-uofa_adelaidet
510,e8fcedce8b4e12f56da79498239a56ace51f51e1,aim-uofa_adelaidet
511,e9651e2e3fa1c11f891c33bae447337b8b65378b,aim-uofa_adelaidet
512,e972271d49ca60d321aa67b27db8677a5b00a798,aim-uofa_adelaidet
513,e9ac1c104818659d3bd7d5d8b0ec5fd5022f0eee,aim-uofa_adelaidet
514,eb32a4dcbfbdf54ab96d56d44621d4cd9eb34e0e,aim-uofa_adelaidet
515,ec39092abf4d2242e7fe2d1c18cada7e08285c64,aim-uofa_adelaidet
516,ec45d466b05991bd5b6820368d65112b06f08aec,aim-uofa_adelaidet
517,ec83507356c23bf23dab8c344280f1c45b381930,aim-uofa_adelaidet
518,ed092b1827d7dde4d04e05c059e312ccb4e0bc0d,aim-uofa_adelaidet
519,ed1d70b85069df0f3983b3ba62e4350fde65fe6a,aim-uofa_adelaidet
520,edb893564e8d8754e56f83a17975df7945bdc0ed,aim-uofa_adelaidet
521,edee588ae960c41d27c7da66dcff5f81c22418c7,aim-uofa_adelaidet
522,ee3bc62b040942cfa38b71965764ba0bec16b79d,aim-uofa_adelaidet
523,ee5cc786706bd09910857c2cf04b27bcfeb8e260,aim-uofa_adelaidet
524,efab1f51e9cc892a2f8a78490b43b8118d3045da,aim-uofa_adelaidet
525,efb95b2a85db6666f85b12b426d162159e05b6ba,aim-uofa_adelaidet
526,f13905a88d302e294de34f33e705f69eb0bbabf2,aim-uofa_adelaidet
527,f1dd650a9df7aa0c13010681d8aa078785344d75,aim-uofa_adelaidet
528,f1e9c6e539b40dac2f0653afa13396d6dc177b59,aim-uofa_adelaidet
529,f205056d2811cae3cf222cd1a4e98ab362adc633,aim-uofa_adelaidet
530,f3193b10086f87c4f53253f67d373ec003293e09,aim-uofa_adelaidet
531,f352c8610f1ea56eae4134547852af665633c6e1,aim-uofa_adelaidet
532,f35a5dfffe42d9bf78b1cf4c528ad458d5ff69eb,aim-uofa_adelaidet
533,f3ba569e16e3594afae35c19353c74e46c9da719,aim-uofa_adelaidet
534,f3e31099a0af623c7e473dedbed1703546ece133,aim-uofa_adelaidet
535,f3f1aa38771eddb58f49c431d013074d44b55a46,aim-uofa_adelaidet
536,f41b5f4d7809abc76d6a3f864e693abd2112e3a7,aim-uofa_adelaidet
537,f4214b6961dff4b557b43d691636c0e3e0bae004,aim-uofa_adelaidet
538,f4a7e0866a17d5fb61e71db6d3ca88bbbd8ad448,aim-uofa_adelaidet
539,f4bd438a8c9c74df7f12e4e9b4e992a7d0104b4b,aim-uofa_adelaidet
540,f55af9ebcf4d4abbee9250838eea5c090ab0d477,aim-uofa_adelaidet
541,f580eb2692eda8379b3ccd83788fdfe95be0ede8,aim-uofa_adelaidet
542,f60e856dcf3bc8ac5c023e14caa7551c93df3c63,aim-uofa_adelaidet
543,f6428cd527603e2e0ca5c4c6fe894041456835db,aim-uofa_adelaidet
544,f6fbbf0a5d2bbdc9e30aec2f4591ab08081ca872,aim-uofa_adelaidet
545,f76efe7f968e0cd3e6d22351ce0b468d930f61ba,aim-uofa_adelaidet
546,f78cf7e53004df97251aa08ab1e89d79da1221bc,aim-uofa_adelaidet
547,f79b351ab7f942e29e2218574e5b8bec0516abe0,aim-uofa_adelaidet
548,f7b22da6f7c02c4591a047f2c00a886a465c727a,aim-uofa_adelaidet
549,f85e66739a08ef78315bbea0d8f5de93986761d1,aim-uofa_adelaidet
550,f9057dc9e14e36713410e34f17b0e51352f01d55,aim-uofa_adelaidet
551,f9103480b351330774205ecd6376a0683437bcfa,aim-uofa_adelaidet
552,f92c7bb2fc145d294df06caaf76772f7236da13f,aim-uofa_adelaidet
553,f9f29a94dc6c46e8a81fe01b8854cf8933d6d61e,aim-uofa_adelaidet
554,fa94920b4e8d33cec50ed45faf905586ce524751,aim-uofa_adelaidet
555,fab40db8b1a7dcfac4a052d1b819d391903d6daa,aim-uofa_adelaidet
556,fab7e441548f137c7a22bc389494f5bfc1a123e7,aim-uofa_adelaidet
557,fb6ee4c12c112f8fb164f4a6edb013e35e68171e,aim-uofa_adelaidet
558,fc48ad624b2b9a3133dd64f4822cddf085c199fe,aim-uofa_adelaidet
559,fc6cb97cfcc32927da43efa3ce7f62cd553c1f83,aim-uofa_adelaidet
560,fd9729115715621fcd437a3f047cc86a1912399d,aim-uofa_adelaidet
561,fde08d628afd4c9ff0bdf6fc9bacc3fa7dbf7bf5,aim-uofa_adelaidet
562,fdf1881c58ef595ceac37ea239c49bd47102b5a8,aim-uofa_adelaidet
563,fea7e23c2df3a46498c1d3b20e850711357002f5,aim-uofa_adelaidet
564,feb0fcb7c02d6402772e6f58dcf309b8e792137b,aim-uofa_adelaidet
565,feb63485bfbd4a18672d4b6da70ef8ba23092f11,aim-uofa_adelaidet
566,ff0eda64f616b63ebfa572761578b9dc63cdebb1,aim-uofa_adelaidet
567,ff515e994d856eaa1d1d5e786849e624b71bf50b,aim-uofa_adelaidet
568,ff565d48f728db81771d0b45d6f7ac0fb613c432,aim-uofa_adelaidet
569,ff6b7ff9aba377c2cd09d0f1c21195f0500af62a,aim-uofa_adelaidet
570,ff8c78685fceeccf81d393c430b62cb2ae142961,aim-uofa_adelaidet
571,ffa5e9741fe174e8f24dbe65d46054b0fe2f9ea2,aim-uofa_adelaidet
572,fffb2ca1fbca88ec4d96e9ebc285bffe5027a947,aim-uofa_adelaidet
